station_id,station_name,latitude,longitude,date,pm25,pm10,no2,so2,co,o3,unit,source,category
GJ_VAD_01,Dandia Bazar / Nandesari CAAQMS,22.4125,73.0944,2023-01-01,48.779,70.913,23.912,11.538,456.958,80.458,ug/m3,CPCB / GPCB Continuous Ambient Air Quality Monitoring Station,OBSERVED_GROUND_DATA
GJ_VAD_01,Dandia Bazar / Nandesari CAAQMS,22.4125,73.0944,2023-01-02,57.429,82.688,21.688,9.138,476.833,83.958,ug/m3,CPCB / GPCB Continuous Ambient Air Quality Monitoring Station,OBSERVED_GROUND_DATA
GJ_VAD_01,Dandia Bazar / Nandesari CAAQMS,22.4125,73.0944,2023-01-03,47.275,67.692,14.917,7.879,403.792,85.417,ug/m3,CPCB / GPCB Continuous Ambient Air Quality Monitoring Station,OBSERVED_GROUND_DATA
GJ_VAD_01,Dandia Bazar / Nandesari CAAQMS,22.4125,73.0944,2023-01-04,39.137,56.242,10.892,12.225,343.25,95.708,ug/m3,CPCB / GPCB Continuous Ambient Air Quality Monitoring Station,OBSERVED_GROUND_DATA
GJ_VAD_01,Dandia Bazar / Nandesari CAAQMS,22.4125,73.0944,2023-01-05,58.054,83.046,12.408,14.013,456.875,94.375,ug/m3,CPCB / GPCB Continuous Ambient Air Quality Monitoring Station,OBSERVED_GROUND_DATA
GJ_VAD_01,Dandia Bazar / Nandesari CAAQMS,22.4125,73.0944,2023-01-06,83.967,120.308,12.588,22.625,531.583,87.167,ug/m3,CPCB / GPCB Continuous Ambient Air Quality Monitoring Station,OBSERVED_GROUND_DATA
GJ_VAD_01,Dandia Bazar / Nandesari CAAQMS,22.4125,73.0944,2023-01-07,63.538,91.158,12.521,18.921,467.167,87.25,ug/m3,CPCB / GPCB Continuous Ambient Air Quality Monitoring Station,OBSERVED_GROUND_DATA
GJ_VAD_01,Dandia Bazar / Nandesari CAAQMS,22.4125,73.0944,2023-01-08,46.608,66.95,12.525,11.312,373.583,80.5,ug/m3,CPCB / GPCB Continuous Ambient Air Quality Monitoring Station,OBSERVED_GROUND_DATA
GJ_VAD_01,Dandia Bazar / Nandesari CAAQMS,22.4125,73.0944,2023-01-09,44.062,63.354,23.463,9.379,437.208,63.625,ug/m3,CPCB / GPCB Continuous Ambient Air Quality Monitoring Station,OBSERVED_GROUND_DATA
GJ_VAD_01,Dandia Bazar / Nandesari CAAQMS,22.4125,73.0944,2023-01-10,46.392,66.558,34.762,7.475,525.125,53.625,ug/m3,CPCB / GPCB Continuous Ambient Air Quality Monitoring Station,OBSERVED_GROUND_DATA
GJ_VAD_01,Dandia Bazar / Nandesari CAAQMS,22.4125,73.0944,2023-01-11,59.217,85.475,41.896,17.579,632.5,56.458,ug/m3,CPCB / GPCB Continuous Ambient Air Quality Monitoring Station,OBSERVED_GROUND_DATA
GJ_VAD_01,Dandia Bazar / Nandesari CAAQMS,22.4125,73.0944,2023-01-12,46.246,71.25,50.617,23.542,701.333,35.208,ug/m3,CPCB / GPCB Continuous Ambient Air Quality Monitoring Station,OBSERVED_GROUND_DATA
GJ_VAD_01,Dandia Bazar / Nandesari CAAQMS,22.4125,73.0944,2023-01-13,40.033,61.167,43.729,25.242,517.792,44.083,ug/m3,CPCB / GPCB Continuous Ambient Air Quality Monitoring Station,OBSERVED_GROUND_DATA
GJ_VAD_01,Dandia Bazar / Nandesari CAAQMS,22.4125,73.0944,2023-01-14,43.988,63.887,35.6,12.2,587.333,59.5,ug/m3,CPCB / GPCB Continuous Ambient Air Quality Monitoring Station,OBSERVED_GROUND_DATA
GJ_VAD_01,Dandia Bazar / Nandesari CAAQMS,22.4125,73.0944,2023-01-15,42.367,61.038,24.004,12.442,567.083,76.625,ug/m3,CPCB / GPCB Continuous Ambient Air Quality Monitoring Station,OBSERVED_GROUND_DATA
GJ_VAD_01,Dandia Bazar / Nandesari CAAQMS,22.4125,73.0944,2023-01-16,41.646,59.896,19.412,11.562,501.958,88.0,ug/m3,CPCB / GPCB Continuous Ambient Air Quality Monitoring Station,OBSERVED_GROUND_DATA
GJ_VAD_01,Dandia Bazar / Nandesari CAAQMS,22.4125,73.0944,2023-01-17,40.613,58.292,15.942,11.75,423.25,93.542,ug/m3,CPCB / GPCB Continuous Ambient Air Quality Monitoring Station,OBSERVED_GROUND_DATA
GJ_VAD_01,Dandia Bazar / Nandesari CAAQMS,22.4125,73.0944,2023-01-18,45.042,64.55,19.604,8.958,409.458,88.5,ug/m3,CPCB / GPCB Continuous Ambient Air Quality Monitoring Station,OBSERVED_GROUND_DATA
GJ_VAD_01,Dandia Bazar / Nandesari CAAQMS,22.4125,73.0944,2023-01-19,53.058,75.979,33.504,10.7,538.25,78.792,ug/m3,CPCB / GPCB Continuous Ambient Air Quality Monitoring Station,OBSERVED_GROUND_DATA
GJ_VAD_01,Dandia Bazar / Nandesari CAAQMS,22.4125,73.0944,2023-01-20,71.579,102.483,53.488,19.721,781.208,61.792,ug/m3,CPCB / GPCB Continuous Ambient Air Quality Monitoring Station,OBSERVED_GROUND_DATA
GJ_VAD_01,Dandia Bazar / Nandesari CAAQMS,22.4125,73.0944,2023-01-21,57.404,82.9,40.962,18.417,548.708,62.333,ug/m3,CPCB / GPCB Continuous Ambient Air Quality Monitoring Station,OBSERVED_GROUND_DATA
GJ_VAD_01,Dandia Bazar / Nandesari CAAQMS,22.4125,73.0944,2023-01-22,54.854,80.408,39.642,22.975,574.417,65.333,ug/m3,CPCB / GPCB Continuous Ambient Air Quality Monitoring Station,OBSERVED_GROUND_DATA
GJ_VAD_01,Dandia Bazar / Nandesari CAAQMS,22.4125,73.0944,2023-01-23,66.183,95.833,45.004,26.825,612.5,58.375,ug/m3,CPCB / GPCB Continuous Ambient Air Quality Monitoring Station,OBSERVED_GROUND_DATA
GJ_VAD_01,Dandia Bazar / Nandesari CAAQMS,22.4125,73.0944,2023-01-24,87.742,128.275,41.9,31.025,707.708,69.583,ug/m3,CPCB / GPCB Continuous Ambient Air Quality Monitoring Station,OBSERVED_GROUND_DATA
GJ_VAD_01,Dandia Bazar / Nandesari CAAQMS,22.4125,73.0944,2023-01-25,81.242,117.654,28.483,21.479,677.708,75.375,ug/m3,CPCB / GPCB Continuous Ambient Air Quality Monitoring Station,OBSERVED_GROUND_DATA
GJ_VAD_01,Dandia Bazar / Nandesari CAAQMS,22.4125,73.0944,2023-01-26,63.767,92.188,15.296,12.737,486.917,84.083,ug/m3,CPCB / GPCB Continuous Ambient Air Quality Monitoring Station,OBSERVED_GROUND_DATA
GJ_VAD_01,Dandia Bazar / Nandesari CAAQMS,22.4125,73.0944,2023-01-27,66.229,95.646,11.121,11.092,465.083,95.458,ug/m3,CPCB / GPCB Continuous Ambient Air Quality Monitoring Station,OBSERVED_GROUND_DATA
GJ_VAD_01,Dandia Bazar / Nandesari CAAQMS,22.4125,73.0944,2023-01-28,66.992,96.942,19.779,10.308,491.375,81.0,ug/m3,CPCB / GPCB Continuous Ambient Air Quality Monitoring Station,OBSERVED_GROUND_DATA
GJ_VAD_01,Dandia Bazar / Nandesari CAAQMS,22.4125,73.0944,2023-01-29,87.479,127.35,39.779,23.8,762.583,79.125,ug/m3,CPCB / GPCB Continuous Ambient Air Quality Monitoring Station,OBSERVED_GROUND_DATA
GJ_VAD_01,Dandia Bazar / Nandesari CAAQMS,22.4125,73.0944,2023-01-30,78.704,114.283,45.538,12.925,765.833,72.292,ug/m3,CPCB / GPCB Continuous Ambient Air Quality Monitoring Station,OBSERVED_GROUND_DATA
GJ_VAD_01,Dandia Bazar / Nandesari CAAQMS,22.4125,73.0944,2023-01-31,50.604,73.567,16.529,6.954,372.208,72.625,ug/m3,CPCB / GPCB Continuous Ambient Air Quality Monitoring Station,OBSERVED_GROUND_DATA
GJ_VAD_01,Dandia Bazar / Nandesari CAAQMS,22.4125,73.0944,2023-02-01,37.683,54.504,12.013,8.279,356.583,89.292,ug/m3,CPCB / GPCB Continuous Ambient Air Quality Monitoring Station,OBSERVED_GROUND_DATA
GJ_VAD_01,Dandia Bazar / Nandesari CAAQMS,22.4125,73.0944,2023-02-02,28.067,40.421,20.688,6.625,352.75,76.125,ug/m3,CPCB / GPCB Continuous Ambient Air Quality Monitoring Station,OBSERVED_GROUND_DATA
GJ_VAD_01,Dandia Bazar / Nandesari CAAQMS,22.4125,73.0944,2023-02-03,31.725,45.562,27.142,6.175,412.25,73.958,ug/m3,CPCB / GPCB Continuous Ambient Air Quality Monitoring Station,OBSERVED_GROUND_DATA
GJ_VAD_01,Dandia Bazar / Nandesari CAAQMS,22.4125,73.0944,2023-02-04,31.846,45.629,28.104,6.392,450.542,73.375,ug/m3,CPCB / GPCB Continuous Ambient Air Quality Monitoring Station,OBSERVED_GROUND_DATA
GJ_VAD_01,Dandia Bazar / Nandesari CAAQMS,22.4125,73.0944,2023-02-05,36.137,51.758,38.438,9.483,558.875,68.708,ug/m3,CPCB / GPCB Continuous Ambient Air Quality Monitoring Station,OBSERVED_GROUND_DATA
GJ_VAD_01,Dandia Bazar / Nandesari CAAQMS,22.4125,73.0944,2023-02-06,55.25,83.988,54.171,22.071,857.458,48.833,ug/m3,CPCB / GPCB Continuous Ambient Air Quality Monitoring Station,OBSERVED_GROUND_DATA
GJ_VAD_01,Dandia Bazar / Nandesari CAAQMS,22.4125,73.0944,2023-02-07,36.654,58.733,39.183,10.483,556.375,49.417,ug/m3,CPCB / GPCB Continuous Ambient Air Quality Monitoring Station,OBSERVED_GROUND_DATA
GJ_VAD_01,Dandia Bazar / Nandesari CAAQMS,22.4125,73.0944,2023-02-08,32.229,46.688,36.412,6.504,541.042,60.875,ug/m3,CPCB / GPCB Continuous Ambient Air Quality Monitoring Station,OBSERVED_GROUND_DATA
GJ_VAD_01,Dandia Bazar / Nandesari CAAQMS,22.4125,73.0944,2023-02-09,42.379,60.758,46.887,14.983,669.458,69.875,ug/m3,CPCB / GPCB Continuous Ambient Air Quality Monitoring Station,OBSERVED_GROUND_DATA
GJ_VAD_01,Dandia Bazar / Nandesari CAAQMS,22.4125,73.0944,2023-02-10,68.038,98.2,70.325,33.346,1037.042,31.875,ug/m3,CPCB / GPCB Continuous Ambient Air Quality Monitoring Station,OBSERVED_GROUND_DATA
GJ_VAD_01,Dandia Bazar / Nandesari CAAQMS,22.4125,73.0944,2023-02-11,42.554,63.942,55.321,31.146,641.5,33.417,ug/m3,CPCB / GPCB Continuous Ambient Air Quality Monitoring Station,OBSERVED_GROUND_DATA
GJ_VAD_01,Dandia Bazar / Nandesari CAAQMS,22.4125,73.0944,2023-02-12,35.225,52.983,38.021,11.288,484.917,49.708,ug/m3,CPCB / GPCB Continuous Ambient Air Quality Monitoring Station,OBSERVED_GROUND_DATA
GJ_VAD_01,Dandia Bazar / Nandesari CAAQMS,22.4125,73.0944,2023-02-13,22.092,32.554,22.012,5.096,350.083,73.167,ug/m3,CPCB / GPCB Continuous Ambient Air Quality Monitoring Station,OBSERVED_GROUND_DATA
GJ_VAD_01,Dandia Bazar / Nandesari CAAQMS,22.4125,73.0944,2023-02-14,24.158,34.637,30.762,5.817,442.5,72.958,ug/m3,CPCB / GPCB Continuous Ambient Air Quality Monitoring Station,OBSERVED_GROUND_DATA
GJ_VAD_01,Dandia Bazar / Nandesari CAAQMS,22.4125,73.0944,2023-02-15,27.713,40.079,33.483,6.654,507.083,76.042,ug/m3,CPCB / GPCB Continuous Ambient Air Quality Monitoring Station,OBSERVED_GROUND_DATA
GJ_VAD_01,Dandia Bazar / Nandesari CAAQMS,22.4125,73.0944,2023-02-16,31.783,46.229,40.433,8.421,563.25,56.625,ug/m3,CPCB / GPCB Continuous Ambient Air Quality Monitoring Station,OBSERVED_GROUND_DATA
GJ_VAD_01,Dandia Bazar / Nandesari CAAQMS,22.4125,73.0944,2023-02-17,33.075,47.896,40.842,7.821,524.708,57.583,ug/m3,CPCB / GPCB Continuous Ambient Air Quality Monitoring Station,OBSERVED_GROUND_DATA
GJ_VAD_01,Dandia Bazar / Nandesari CAAQMS,22.4125,73.0944,2023-02-18,36.092,52.054,36.113,9.054,546.833,73.208,ug/m3,CPCB / GPCB Continuous Ambient Air Quality Monitoring Station,OBSERVED_GROUND_DATA
GJ_VAD_01,Dandia Bazar / Nandesari CAAQMS,22.4125,73.0944,2023-02-19,42.596,61.162,44.792,9.896,677.167,79.625,ug/m3,CPCB / GPCB Continuous Ambient Air Quality Monitoring Station,OBSERVED_GROUND_DATA
GJ_VAD_01,Dandia Bazar / Nandesari CAAQMS,22.4125,73.0944,2023-02-20,54.012,77.325,60.104,15.812,806.167,61.875,ug/m3,CPCB / GPCB Continuous Ambient Air Quality Monitoring Station,OBSERVED_GROUND_DATA
GJ_VAD_01,Dandia Bazar / Nandesari CAAQMS,22.4125,73.0944,2023-02-21,56.467,83.125,67.479,30.867,810.833,42.708,ug/m3,CPCB / GPCB Continuous Ambient Air Quality Monitoring Station,OBSERVED_GROUND_DATA
GJ_VAD_01,Dandia Bazar / Nandesari CAAQMS,22.4125,73.0944,2023-02-22,58.792,88.454,67.658,32.4,908.958,44.083,ug/m3,CPCB / GPCB Continuous Ambient Air Quality Monitoring Station,OBSERVED_GROUND_DATA
GJ_VAD_01,Dandia Bazar / Nandesari CAAQMS,22.4125,73.0944,2023-02-23,53.85,81.425,67.329,26.604,828.542,37.125,ug/m3,CPCB / GPCB Continuous Ambient Air Quality Monitoring Station,OBSERVED_GROUND_DATA
GJ_VAD_01,Dandia Bazar / Nandesari CAAQMS,22.4125,73.0944,2023-02-24,49.867,72.271,53.821,20.621,775.458,49.042,ug/m3,CPCB / GPCB Continuous Ambient Air Quality Monitoring Station,OBSERVED_GROUND_DATA
GJ_VAD_01,Dandia Bazar / Nandesari CAAQMS,22.4125,73.0944,2023-02-25,48.833,70.679,54.396,19.9,704.375,59.0,ug/m3,CPCB / GPCB Continuous Ambient Air Quality Monitoring Station,OBSERVED_GROUND_DATA
GJ_VAD_01,Dandia Bazar / Nandesari CAAQMS,22.4125,73.0944,2023-02-26,35.838,52.212,46.417,12.825,549.583,52.417,ug/m3,CPCB / GPCB Continuous Ambient Air Quality Monitoring Station,OBSERVED_GROUND_DATA
GJ_VAD_01,Dandia Bazar / Nandesari CAAQMS,22.4125,73.0944,2023-02-27,34.283,49.529,50.387,12.179,609.083,52.583,ug/m3,CPCB / GPCB Continuous Ambient Air Quality Monitoring Station,OBSERVED_GROUND_DATA
GJ_VAD_01,Dandia Bazar / Nandesari CAAQMS,22.4125,73.0944,2023-02-28,38.512,55.325,50.45,12.896,642.833,56.083,ug/m3,CPCB / GPCB Continuous Ambient Air Quality Monitoring Station,OBSERVED_GROUND_DATA
GJ_VAD_01,Dandia Bazar / Nandesari CAAQMS,22.4125,73.0944,2023-03-01,67.404,96.7,77.933,33.408,963.5,49.667,ug/m3,CPCB / GPCB Continuous Ambient Air Quality Monitoring Station,OBSERVED_GROUND_DATA
GJ_VAD_01,Dandia Bazar / Nandesari CAAQMS,22.4125,73.0944,2023-03-02,47.863,68.867,53.7,15.996,630.042,72.667,ug/m3,CPCB / GPCB Continuous Ambient Air Quality Monitoring Station,OBSERVED_GROUND_DATA
GJ_VAD_01,Dandia Bazar / Nandesari CAAQMS,22.4125,73.0944,2023-03-03,49.738,71.629,46.262,12.483,613.0,68.625,ug/m3,CPCB / GPCB Continuous Ambient Air Quality Monitoring Station,OBSERVED_GROUND_DATA
GJ_VAD_01,Dandia Bazar / Nandesari CAAQMS,22.4125,73.0944,2023-03-04,50.65,72.875,41.188,10.354,593.542,75.792,ug/m3,CPCB / GPCB Continuous Ambient Air Quality Monitoring Station,OBSERVED_GROUND_DATA
GJ_VAD_01,Dandia Bazar / Nandesari CAAQMS,22.4125,73.0944,2023-03-05,44.921,64.792,27.492,6.75,463.375,83.0,ug/m3,CPCB / GPCB Continuous Ambient Air Quality Monitoring Station,OBSERVED_GROUND_DATA
GJ_VAD_01,Dandia Bazar / Nandesari CAAQMS,22.4125,73.0944,2023-03-06,53.575,77.371,41.533,8.717,663.792,70.458,ug/m3,CPCB / GPCB Continuous Ambient Air Quality Monitoring Station,OBSERVED_GROUND_DATA
GJ_VAD_01,Dandia Bazar / Nandesari CAAQMS,22.4125,73.0944,2023-03-07,54.504,78.733,45.792,9.725,704.833,69.292,ug/m3,CPCB / GPCB Continuous Ambient Air Quality Monitoring Station,OBSERVED_GROUND_DATA
GJ_VAD_01,Dandia Bazar / Nandesari CAAQMS,22.4125,73.0944,2023-03-08,29.946,43.304,30.8,8.35,504.625,75.583,ug/m3,CPCB / GPCB Continuous Ambient Air Quality Monitoring Station,OBSERVED_GROUND_DATA
GJ_VAD_01,Dandia Bazar / Nandesari CAAQMS,22.4125,73.0944,2023-03-09,19.083,27.775,21.658,5.642,340.292,80.042,ug/m3,CPCB / GPCB Continuous Ambient Air Quality Monitoring Station,OBSERVED_GROUND_DATA
GJ_VAD_01,Dandia Bazar / Nandesari CAAQMS,22.4125,73.0944,2023-03-10,17.037,24.575,22.362,5.862,317.833,81.958,ug/m3,CPCB / GPCB Continuous Ambient Air Quality Monitoring Station,OBSERVED_GROUND_DATA
GJ_VAD_01,Dandia Bazar / Nandesari CAAQMS,22.4125,73.0944,2023-03-11,22.983,33.15,23.442,7.129,365.333,87.25,ug/m3,CPCB / GPCB Continuous Ambient Air Quality Monitoring Station,OBSERVED_GROUND_DATA
GJ_VAD_01,Dandia Bazar / Nandesari CAAQMS,22.4125,73.0944,2023-03-12,27.35,39.308,25.104,6.062,364.875,88.667,ug/m3,CPCB / GPCB Continuous Ambient Air Quality Monitoring Station,OBSERVED_GROUND_DATA
GJ_VAD_01,Dandia Bazar / Nandesari CAAQMS,22.4125,73.0944,2023-03-13,40.4,58.054,37.767,10.058,465.042,77.375,ug/m3,CPCB / GPCB Continuous Ambient Air Quality Monitoring Station,OBSERVED_GROUND_DATA
GJ_VAD_01,Dandia Bazar / Nandesari CAAQMS,22.4125,73.0944,2023-03-14,59.442,85.45,55.158,22.542,729.167,72.333,ug/m3,CPCB / GPCB Continuous Ambient Air Quality Monitoring Station,OBSERVED_GROUND_DATA
GJ_VAD_01,Dandia Bazar / Nandesari CAAQMS,22.4125,73.0944,2023-03-15,51.779,74.612,54.238,23.221,659.125,53.0,ug/m3,CPCB / GPCB Continuous Ambient Air Quality Monitoring Station,OBSERVED_GROUND_DATA
GJ_VAD_01,Dandia Bazar / Nandesari CAAQMS,22.4125,73.0944,2023-03-16,53.629,77.95,31.867,11.208,525.167,93.25,ug/m3,CPCB / GPCB Continuous Ambient Air Quality Monitoring Station,OBSERVED_GROUND_DATA
GJ_VAD_01,Dandia Bazar / Nandesari CAAQMS,22.4125,73.0944,2023-03-17,59.729,87.488,44.108,22.796,696.625,100.042,ug/m3,CPCB / GPCB Continuous Ambient Air Quality Monitoring Station,OBSERVED_GROUND_DATA
GJ_VAD_01,Dandia Bazar / Nandesari CAAQMS,22.4125,73.0944,2023-03-18,53.121,79.342,40.296,25.875,685.375,96.208,ug/m3,CPCB / GPCB Continuous Ambient Air Quality Monitoring Station,OBSERVED_GROUND_DATA
GJ_VAD_01,Dandia Bazar / Nandesari CAAQMS,22.4125,73.0944,2023-03-19,47.179,72.104,34.712,17.642,550.417,92.083,ug/m3,CPCB / GPCB Continuous Ambient Air Quality Monitoring Station,OBSERVED_GROUND_DATA
GJ_VAD_01,Dandia Bazar / Nandesari CAAQMS,22.4125,73.0944,2023-03-20,28.158,44.921,22.625,15.479,356.042,82.833,ug/m3,CPCB / GPCB Continuous Ambient Air Quality Monitoring Station,OBSERVED_GROUND_DATA
GJ_VAD_01,Dandia Bazar / Nandesari CAAQMS,22.4125,73.0944,2023-03-21,22.312,37.729,24.646,14.896,319.375,69.542,ug/m3,CPCB / GPCB Continuous Ambient Air Quality Monitoring Station,OBSERVED_GROUND_DATA
GJ_VAD_01,Dandia Bazar / Nandesari CAAQMS,22.4125,73.0944,2023-03-22,21.192,35.908,29.696,19.95,336.792,57.833,ug/m3,CPCB / GPCB Continuous Ambient Air Quality Monitoring Station,OBSERVED_GROUND_DATA
GJ_VAD_01,Dandia Bazar / Nandesari CAAQMS,22.4125,73.0944,2023-03-23,17.221,28.458,19.983,17.675,249.208,58.5,ug/m3,CPCB / GPCB Continuous Ambient Air Quality Monitoring Station,OBSERVED_GROUND_DATA
GJ_VAD_01,Dandia Bazar / Nandesari CAAQMS,22.4125,73.0944,2023-03-24,14.954,28.95,15.883,14.367,227.042,56.75,ug/m3,CPCB / GPCB Continuous Ambient Air Quality Monitoring Station,OBSERVED_GROUND_DATA
GJ_VAD_01,Dandia Bazar / Nandesari CAAQMS,22.4125,73.0944,2023-03-25,30.071,50.592,36.867,18.508,446.167,77.875,ug/m3,CPCB / GPCB Continuous Ambient Air Quality Monitoring Station,OBSERVED_GROUND_DATA
GJ_VAD_01,Dandia Bazar / Nandesari CAAQMS,22.4125,73.0944,2023-03-26,43.129,68.462,54.971,24.067,679.792,75.125,ug/m3,CPCB / GPCB Continuous Ambient Air Quality Monitoring Station,OBSERVED_GROUND_DATA
GJ_VAD_01,Dandia Bazar / Nandesari CAAQMS,22.4125,73.0944,2023-03-27,47.488,71.767,58.637,27.642,721.0,73.458,ug/m3,CPCB / GPCB Continuous Ambient Air Quality Monitoring Station,OBSERVED_GROUND_DATA
GJ_VAD_01,Dandia Bazar / Nandesari CAAQMS,22.4125,73.0944,2023-03-28,41.867,62.3,52.867,23.238,616.542,82.458,ug/m3,CPCB / GPCB Continuous Ambient Air Quality Monitoring Station,OBSERVED_GROUND_DATA
GJ_VAD_01,Dandia Bazar / Nandesari CAAQMS,22.4125,73.0944,2023-03-29,36.5,54.229,41.371,26.438,523.583,89.583,ug/m3,CPCB / GPCB Continuous Ambient Air Quality Monitoring Station,OBSERVED_GROUND_DATA
GJ_VAD_01,Dandia Bazar / Nandesari CAAQMS,22.4125,73.0944,2023-03-30,21.296,37.042,21.246,19.879,272.708,67.167,ug/m3,CPCB / GPCB Continuous Ambient Air Quality Monitoring Station,OBSERVED_GROUND_DATA
GJ_VAD_01,Dandia Bazar / Nandesari CAAQMS,22.4125,73.0944,2023-03-31,17.767,32.383,23.271,17.096,266.125,64.583,ug/m3,CPCB / GPCB Continuous Ambient Air Quality Monitoring Station,OBSERVED_GROUND_DATA
GJ_VAD_01,Dandia Bazar / Nandesari CAAQMS,22.4125,73.0944,2023-04-01,21.096,35.429,28.262,17.117,320.875,78.5,ug/m3,CPCB / GPCB Continuous Ambient Air Quality Monitoring Station,OBSERVED_GROUND_DATA
GJ_VAD_01,Dandia Bazar / Nandesari CAAQMS,22.4125,73.0944,2023-04-02,19.9,31.221,32.458,16.208,349.417,69.917,ug/m3,CPCB / GPCB Continuous Ambient Air Quality Monitoring Station,OBSERVED_GROUND_DATA
GJ_VAD_01,Dandia Bazar / Nandesari CAAQMS,22.4125,73.0944,2023-04-03,18.779,32.292,25.075,17.079,276.0,75.458,ug/m3,CPCB / GPCB Continuous Ambient Air Quality Monitoring Station,OBSERVED_GROUND_DATA
GJ_VAD_01,Dandia Bazar / Nandesari CAAQMS,22.4125,73.0944,2023-04-04,28.125,51.833,25.375,24.862,331.875,68.167,ug/m3,CPCB / GPCB Continuous Ambient Air Quality Monitoring Station,OBSERVED_GROUND_DATA
GJ_VAD_01,Dandia Bazar / Nandesari CAAQMS,22.4125,73.0944,2023-04-05,40.667,72.233,37.054,26.392,466.458,59.625,ug/m3,CPCB / GPCB Continuous Ambient Air Quality Monitoring Station,OBSERVED_GROUND_DATA
GJ_VAD_01,Dandia Bazar / Nandesari CAAQMS,22.4125,73.0944,2023-04-06,31.458,57.925,31.0,23.871,366.5,74.208,ug/m3,CPCB / GPCB Continuous Ambient Air Quality Monitoring Station,OBSERVED_GROUND_DATA
GJ_VAD_01,Dandia Bazar / Nandesari CAAQMS,22.4125,73.0944,2023-04-07,25.892,45.354,25.567,16.129,319.458,77.208,ug/m3,CPCB / GPCB Continuous Ambient Air Quality Monitoring Station,OBSERVED_GROUND_DATA
GJ_VAD_01,Dandia Bazar / Nandesari CAAQMS,22.4125,73.0944,2023-04-08,36.071,61.95,38.358,19.204,434.75,63.333,ug/m3,CPCB / GPCB Continuous Ambient Air Quality Monitoring Station,OBSERVED_GROUND_DATA
GJ_VAD_01,Dandia Bazar / Nandesari CAAQMS,22.4125,73.0944,2023-04-09,41.608,66.658,46.279,19.871,593.083,72.667,ug/m3,CPCB / GPCB Continuous Ambient Air Quality Monitoring Station,OBSERVED_GROUND_DATA
GJ_VAD_01,Dandia Bazar / Nandesari CAAQMS,22.4125,73.0944,2023-04-10,33.996,52.058,36.912,12.888,472.625,84.375,ug/m3,CPCB / GPCB Continuous Ambient Air Quality Monitoring Station,OBSERVED_GROUND_DATA
GJ_VAD_01,Dandia Bazar / Nandesari CAAQMS,22.4125,73.0944,2023-04-11,53.642,79.746,58.892,24.779,701.667,73.917,ug/m3,CPCB / GPCB Continuous Ambient Air Quality Monitoring Station,OBSERVED_GROUND_DATA
GJ_VAD_01,Dandia Bazar / Nandesari CAAQMS,22.4125,73.0944,2023-04-12,38.571,57.262,52.229,22.325,530.5,61.292,ug/m3,CPCB / GPCB Continuous Ambient Air Quality Monitoring Station,OBSERVED_GROUND_DATA
GJ_VAD_01,Dandia Bazar / Nandesari CAAQMS,22.4125,73.0944,2023-04-13,41.529,62.729,48.038,21.017,539.958,70.167,ug/m3,CPCB / GPCB Continuous Ambient Air Quality Monitoring Station,OBSERVED_GROUND_DATA
GJ_VAD_01,Dandia Bazar / Nandesari CAAQMS,22.4125,73.0944,2023-04-14,32.675,50.404,42.338,19.796,433.708,66.125,ug/m3,CPCB / GPCB Continuous Ambient Air Quality Monitoring Station,OBSERVED_GROUND_DATA
GJ_VAD_01,Dandia Bazar / Nandesari CAAQMS,22.4125,73.0944,2023-04-15,25.55,39.417,36.596,24.567,362.208,68.958,ug/m3,CPCB / GPCB Continuous Ambient Air Quality Monitoring Station,OBSERVED_GROUND_DATA
GJ_VAD_01,Dandia Bazar / Nandesari CAAQMS,22.4125,73.0944,2023-04-16,23.292,37.792,35.079,24.5,388.458,67.25,ug/m3,CPCB / GPCB Continuous Ambient Air Quality Monitoring Station,OBSERVED_GROUND_DATA
GJ_VAD_01,Dandia Bazar / Nandesari CAAQMS,22.4125,73.0944,2023-04-17,26.329,43.988,43.95,25.9,425.375,63.125,ug/m3,CPCB / GPCB Continuous Ambient Air Quality Monitoring Station,OBSERVED_GROUND_DATA
GJ_VAD_01,Dandia Bazar / Nandesari CAAQMS,22.4125,73.0944,2023-04-18,32.387,51.846,54.067,23.325,552.042,69.875,ug/m3,CPCB / GPCB Continuous Ambient Air Quality Monitoring Station,OBSERVED_GROUND_DATA
GJ_VAD_01,Dandia Bazar / Nandesari CAAQMS,22.4125,73.0944,2023-04-19,37.254,59.692,54.358,19.037,618.125,58.042,ug/m3,CPCB / GPCB Continuous Ambient Air Quality Monitoring Station,OBSERVED_GROUND_DATA
GJ_VAD_01,Dandia Bazar / Nandesari CAAQMS,22.4125,73.0944,2023-04-20,19.167,31.088,30.946,14.821,355.667,59.417,ug/m3,CPCB / GPCB Continuous Ambient Air Quality Monitoring Station,OBSERVED_GROUND_DATA
GJ_VAD_01,Dandia Bazar / Nandesari CAAQMS,22.4125,73.0944,2023-04-21,27.333,45.654,32.8,17.571,380.667,77.458,ug/m3,CPCB / GPCB Continuous Ambient Air Quality Monitoring Station,OBSERVED_GROUND_DATA
GJ_VAD_01,Dandia Bazar / Nandesari CAAQMS,22.4125,73.0944,2023-04-22,20.142,34.054,29.442,19.392,308.708,76.5,ug/m3,CPCB / GPCB Continuous Ambient Air Quality Monitoring Station,OBSERVED_GROUND_DATA
GJ_VAD_01,Dandia Bazar / Nandesari CAAQMS,22.4125,73.0944,2023-04-23,19.321,31.092,29.108,15.237,323.125,83.417,ug/m3,CPCB / GPCB Continuous Ambient Air Quality Monitoring Station,OBSERVED_GROUND_DATA
GJ_VAD_01,Dandia Bazar / Nandesari CAAQMS,22.4125,73.0944,2023-04-24,30.929,46.808,45.029,18.933,506.542,83.958,ug/m3,CPCB / GPCB Continuous Ambient Air Quality Monitoring Station,OBSERVED_GROUND_DATA
GJ_VAD_01,Dandia Bazar / Nandesari CAAQMS,22.4125,73.0944,2023-04-25,29.192,43.596,36.238,10.167,467.25,97.667,ug/m3,CPCB / GPCB Continuous Ambient Air Quality Monitoring Station,OBSERVED_GROUND_DATA
GJ_VAD_01,Dandia Bazar / Nandesari CAAQMS,22.4125,73.0944,2023-04-26,34.704,53.392,40.137,21.908,471.833,85.917,ug/m3,CPCB / GPCB Continuous Ambient Air Quality Monitoring Station,OBSERVED_GROUND_DATA
GJ_VAD_01,Dandia Bazar / Nandesari CAAQMS,22.4125,73.0944,2023-04-27,23.758,38.783,26.846,18.729,326.417,78.542,ug/m3,CPCB / GPCB Continuous Ambient Air Quality Monitoring Station,OBSERVED_GROUND_DATA
GJ_VAD_01,Dandia Bazar / Nandesari CAAQMS,22.4125,73.0944,2023-04-28,20.304,33.262,27.787,19.638,313.25,71.417,ug/m3,CPCB / GPCB Continuous Ambient Air Quality Monitoring Station,OBSERVED_GROUND_DATA
GJ_VAD_01,Dandia Bazar / Nandesari CAAQMS,22.4125,73.0944,2023-04-29,22.567,38.779,25.008,11.817,282.25,82.958,ug/m3,CPCB / GPCB Continuous Ambient Air Quality Monitoring Station,OBSERVED_GROUND_DATA
GJ_VAD_01,Dandia Bazar / Nandesari CAAQMS,22.4125,73.0944,2023-04-30,24.838,40.596,25.833,13.021,307.125,62.75,ug/m3,CPCB / GPCB Continuous Ambient Air Quality Monitoring Station,OBSERVED_GROUND_DATA
GJ_VAD_01,Dandia Bazar / Nandesari CAAQMS,22.4125,73.0944,2023-05-01,17.342,31.625,21.058,13.842,272.625,64.208,ug/m3,CPCB / GPCB Continuous Ambient Air Quality Monitoring Station,OBSERVED_GROUND_DATA
GJ_VAD_01,Dandia Bazar / Nandesari CAAQMS,22.4125,73.0944,2023-05-02,19.246,31.333,23.675,9.767,304.792,67.583,ug/m3,CPCB / GPCB Continuous Ambient Air Quality Monitoring Station,OBSERVED_GROUND_DATA
GJ_VAD_01,Dandia Bazar / Nandesari CAAQMS,22.4125,73.0944,2023-05-03,29.029,45.058,34.162,14.333,402.792,74.833,ug/m3,CPCB / GPCB Continuous Ambient Air Quality Monitoring Station,OBSERVED_GROUND_DATA
GJ_VAD_01,Dandia Bazar / Nandesari CAAQMS,22.4125,73.0944,2023-05-04,32.229,48.5,28.996,15.938,389.125,99.042,ug/m3,CPCB / GPCB Continuous Ambient Air Quality Monitoring Station,OBSERVED_GROUND_DATA
GJ_VAD_01,Dandia Bazar / Nandesari CAAQMS,22.4125,73.0944,2023-05-05,33.262,50.104,19.117,15.717,330.75,109.167,ug/m3,CPCB / GPCB Continuous Ambient Air Quality Monitoring Station,OBSERVED_GROUND_DATA
GJ_VAD_01,Dandia Bazar / Nandesari CAAQMS,22.4125,73.0944,2023-05-06,30.342,46.021,16.088,14.746,296.0,103.042,ug/m3,CPCB / GPCB Continuous Ambient Air Quality Monitoring Station,OBSERVED_GROUND_DATA
GJ_VAD_01,Dandia Bazar / Nandesari CAAQMS,22.4125,73.0944,2023-05-07,25.792,39.783,17.092,15.688,277.792,96.417,ug/m3,CPCB / GPCB Continuous Ambient Air Quality Monitoring Station,OBSERVED_GROUND_DATA
GJ_VAD_01,Dandia Bazar / Nandesari CAAQMS,22.4125,73.0944,2023-05-08,22.442,34.363,26.158,16.583,312.292,84.208,ug/m3,CPCB / GPCB Continuous Ambient Air Quality Monitoring Station,OBSERVED_GROUND_DATA
GJ_VAD_01,Dandia Bazar / Nandesari CAAQMS,22.4125,73.0944,2023-05-09,29.425,44.721,40.996,25.862,446.75,90.583,ug/m3,CPCB / GPCB Continuous Ambient Air Quality Monitoring Station,OBSERVED_GROUND_DATA
GJ_VAD_01,Dandia Bazar / Nandesari CAAQMS,22.4125,73.0944,2023-05-10,29.662,44.667,49.95,19.792,518.667,75.167,ug/m3,CPCB / GPCB Continuous Ambient Air Quality Monitoring Station,OBSERVED_GROUND_DATA
GJ_VAD_01,Dandia Bazar / Nandesari CAAQMS,22.4125,73.0944,2023-05-11,32.538,48.242,51.512,19.704,534.375,84.0,ug/m3,CPCB / GPCB Continuous Ambient Air Quality Monitoring Station,OBSERVED_GROUND_DATA
GJ_VAD_01,Dandia Bazar / Nandesari CAAQMS,22.4125,73.0944,2023-05-12,34.05,51.375,51.833,21.9,535.958,66.542,ug/m3,CPCB / GPCB Continuous Ambient Air Quality Monitoring Station,OBSERVED_GROUND_DATA
GJ_VAD_01,Dandia Bazar / Nandesari CAAQMS,22.4125,73.0944,2023-05-13,20.821,32.317,26.454,24.692,276.708,78.708,ug/m3,CPCB / GPCB Continuous Ambient Air Quality Monitoring Station,OBSERVED_GROUND_DATA
GJ_VAD_01,Dandia Bazar / Nandesari CAAQMS,22.4125,73.0944,2023-05-14,13.721,22.062,19.221,23.333,227.375,66.708,ug/m3,CPCB / GPCB Continuous Ambient Air Quality Monitoring Station,OBSERVED_GROUND_DATA
GJ_VAD_01,Dandia Bazar / Nandesari CAAQMS,22.4125,73.0944,2023-05-15,14.692,26.713,13.1,15.321,205.958,62.583,ug/m3,CPCB / GPCB Continuous Ambient Air Quality Monitoring Station,OBSERVED_GROUND_DATA
GJ_VAD_01,Dandia Bazar / Nandesari CAAQMS,22.4125,73.0944,2023-05-16,12.892,24.629,11.588,9.733,184.292,63.583,ug/m3,CPCB / GPCB Continuous Ambient Air Quality Monitoring Station,OBSERVED_GROUND_DATA
GJ_VAD_01,Dandia Bazar / Nandesari CAAQMS,22.4125,73.0944,2023-05-17,14.538,29.308,15.871,15.258,206.125,63.625,ug/m3,CPCB / GPCB Continuous Ambient Air Quality Monitoring Station,OBSERVED_GROUND_DATA
GJ_VAD_01,Dandia Bazar / Nandesari CAAQMS,22.4125,73.0944,2023-05-18,17.875,33.117,22.562,17.783,247.875,64.083,ug/m3,CPCB / GPCB Continuous Ambient Air Quality Monitoring Station,OBSERVED_GROUND_DATA
GJ_VAD_01,Dandia Bazar / Nandesari CAAQMS,22.4125,73.0944,2023-05-19,17.388,33.238,22.829,20.029,248.333,68.292,ug/m3,CPCB / GPCB Continuous Ambient Air Quality Monitoring Station,OBSERVED_GROUND_DATA
GJ_VAD_01,Dandia Bazar / Nandesari CAAQMS,22.4125,73.0944,2023-05-20,17.354,33.333,19.404,20.542,234.333,69.208,ug/m3,CPCB / GPCB Continuous Ambient Air Quality Monitoring Station,OBSERVED_GROUND_DATA
GJ_VAD_01,Dandia Bazar / Nandesari CAAQMS,22.4125,73.0944,2023-05-21,16.379,31.558,15.9,19.871,210.542,70.917,ug/m3,CPCB / GPCB Continuous Ambient Air Quality Monitoring Station,OBSERVED_GROUND_DATA
GJ_VAD_01,Dandia Bazar / Nandesari CAAQMS,22.4125,73.0944,2023-05-22,14.758,26.963,14.65,21.238,198.833,68.667,ug/m3,CPCB / GPCB Continuous Ambient Air Quality Monitoring Station,OBSERVED_GROUND_DATA
GJ_VAD_01,Dandia Bazar / Nandesari CAAQMS,22.4125,73.0944,2023-05-23,13.725,25.9,13.475,18.208,191.25,66.583,ug/m3,CPCB / GPCB Continuous Ambient Air Quality Monitoring Station,OBSERVED_GROUND_DATA
GJ_VAD_01,Dandia Bazar / Nandesari CAAQMS,22.4125,73.0944,2023-05-24,13.292,26.529,13.546,16.588,186.25,58.542,ug/m3,CPCB / GPCB Continuous Ambient Air Quality Monitoring Station,OBSERVED_GROUND_DATA
GJ_VAD_01,Dandia Bazar / Nandesari CAAQMS,22.4125,73.0944,2023-05-25,13.221,25.225,10.467,12.108,179.333,61.042,ug/m3,CPCB / GPCB Continuous Ambient Air Quality Monitoring Station,OBSERVED_GROUND_DATA
GJ_VAD_01,Dandia Bazar / Nandesari CAAQMS,22.4125,73.0944,2023-05-26,13.896,25.571,6.933,7.308,168.292,64.25,ug/m3,CPCB / GPCB Continuous Ambient Air Quality Monitoring Station,OBSERVED_GROUND_DATA
GJ_VAD_01,Dandia Bazar / Nandesari CAAQMS,22.4125,73.0944,2023-05-27,11.438,21.871,6.796,6.671,162.5,60.625,ug/m3,CPCB / GPCB Continuous Ambient Air Quality Monitoring Station,OBSERVED_GROUND_DATA
GJ_VAD_01,Dandia Bazar / Nandesari CAAQMS,22.4125,73.0944,2023-05-28,12.55,24.454,11.954,9.129,172.542,54.833,ug/m3,CPCB / GPCB Continuous Ambient Air Quality Monitoring Station,OBSERVED_GROUND_DATA
GJ_VAD_01,Dandia Bazar / Nandesari CAAQMS,22.4125,73.0944,2023-05-29,27.888,49.404,27.746,20.321,319.833,65.333,ug/m3,CPCB / GPCB Continuous Ambient Air Quality Monitoring Station,OBSERVED_GROUND_DATA
GJ_VAD_01,Dandia Bazar / Nandesari CAAQMS,22.4125,73.0944,2023-05-30,39.992,70.979,39.95,21.308,485.625,67.542,ug/m3,CPCB / GPCB Continuous Ambient Air Quality Monitoring Station,OBSERVED_GROUND_DATA
GJ_VAD_01,Dandia Bazar / Nandesari CAAQMS,22.4125,73.0944,2023-05-31,26.988,45.767,36.625,17.242,365.833,55.875,ug/m3,CPCB / GPCB Continuous Ambient Air Quality Monitoring Station,OBSERVED_GROUND_DATA
GJ_VAD_01,Dandia Bazar / Nandesari CAAQMS,22.4125,73.0944,2023-06-01,19.1,32.304,22.096,17.888,253.125,60.083,ug/m3,CPCB / GPCB Continuous Ambient Air Quality Monitoring Station,OBSERVED_GROUND_DATA
GJ_VAD_01,Dandia Bazar / Nandesari CAAQMS,22.4125,73.0944,2023-06-02,14.604,25.138,15.846,14.492,202.375,51.125,ug/m3,CPCB / GPCB Continuous Ambient Air Quality Monitoring Station,OBSERVED_GROUND_DATA
GJ_VAD_01,Dandia Bazar / Nandesari CAAQMS,22.4125,73.0944,2023-06-03,14.492,27.692,13.208,12.846,183.25,52.417,ug/m3,CPCB / GPCB Continuous Ambient Air Quality Monitoring Station,OBSERVED_GROUND_DATA
GJ_VAD_01,Dandia Bazar / Nandesari CAAQMS,22.4125,73.0944,2023-06-04,16.95,30.996,18.217,14.85,228.167,60.833,ug/m3,CPCB / GPCB Continuous Ambient Air Quality Monitoring Station,OBSERVED_GROUND_DATA
GJ_VAD_01,Dandia Bazar / Nandesari CAAQMS,22.4125,73.0944,2023-06-05,17.125,33.521,14.779,19.225,197.208,67.667,ug/m3,CPCB / GPCB Continuous Ambient Air Quality Monitoring Station,OBSERVED_GROUND_DATA
GJ_VAD_01,Dandia Bazar / Nandesari CAAQMS,22.4125,73.0944,2023-06-06,18.092,36.708,15.046,18.138,196.417,62.875,ug/m3,CPCB / GPCB Continuous Ambient Air Quality Monitoring Station,OBSERVED_GROUND_DATA
GJ_VAD_01,Dandia Bazar / Nandesari CAAQMS,22.4125,73.0944,2023-06-07,13.296,25.0,14.033,17.308,186.083,62.25,ug/m3,CPCB / GPCB Continuous Ambient Air Quality Monitoring Station,OBSERVED_GROUND_DATA
GJ_VAD_01,Dandia Bazar / Nandesari CAAQMS,22.4125,73.0944,2023-06-08,14.358,29.179,11.792,12.508,171.25,60.833,ug/m3,CPCB / GPCB Continuous Ambient Air Quality Monitoring Station,OBSERVED_GROUND_DATA
GJ_VAD_01,Dandia Bazar / Nandesari CAAQMS,22.4125,73.0944,2023-06-09,11.183,18.571,11.242,13.075,152.458,55.25,ug/m3,CPCB / GPCB Continuous Ambient Air Quality Monitoring Station,OBSERVED_GROUND_DATA
GJ_VAD_01,Dandia Bazar / Nandesari CAAQMS,22.4125,73.0944,2023-06-10,11.046,17.792,9.358,12.383,142.958,57.667,ug/m3,CPCB / GPCB Continuous Ambient Air Quality Monitoring Station,OBSERVED_GROUND_DATA
GJ_VAD_01,Dandia Bazar / Nandesari CAAQMS,22.4125,73.0944,2023-06-11,15.658,26.738,12.612,15.888,177.917,62.708,ug/m3,CPCB / GPCB Continuous Ambient Air Quality Monitoring Station,OBSERVED_GROUND_DATA
GJ_VAD_01,Dandia Bazar / Nandesari CAAQMS,22.4125,73.0944,2023-06-12,15.108,26.754,11.942,14.821,169.75,57.25,ug/m3,CPCB / GPCB Continuous Ambient Air Quality Monitoring Station,OBSERVED_GROUND_DATA
GJ_VAD_01,Dandia Bazar / Nandesari CAAQMS,22.4125,73.0944,2023-06-13,13.462,23.738,9.679,12.062,137.583,48.583,ug/m3,CPCB / GPCB Continuous Ambient Air Quality Monitoring Station,OBSERVED_GROUND_DATA
GJ_VAD_01,Dandia Bazar / Nandesari CAAQMS,22.4125,73.0944,2023-06-14,13.596,24.796,8.746,11.088,131.0,48.875,ug/m3,CPCB / GPCB Continuous Ambient Air Quality Monitoring Station,OBSERVED_GROUND_DATA
GJ_VAD_01,Dandia Bazar / Nandesari CAAQMS,22.4125,73.0944,2023-06-15,14.092,27.383,8.038,9.892,119.625,44.875,ug/m3,CPCB / GPCB Continuous Ambient Air Quality Monitoring Station,OBSERVED_GROUND_DATA
GJ_VAD_01,Dandia Bazar / Nandesari CAAQMS,22.4125,73.0944,2023-06-16,13.712,27.888,7.658,9.825,118.917,44.417,ug/m3,CPCB / GPCB Continuous Ambient Air Quality Monitoring Station,OBSERVED_GROUND_DATA
GJ_VAD_01,Dandia Bazar / Nandesari CAAQMS,22.4125,73.0944,2023-06-17,16.662,34.992,7.746,7.062,127.667,50.375,ug/m3,CPCB / GPCB Continuous Ambient Air Quality Monitoring Station,OBSERVED_GROUND_DATA
GJ_VAD_01,Dandia Bazar / Nandesari CAAQMS,22.4125,73.0944,2023-06-18,18.054,39.779,9.221,6.796,140.917,46.875,ug/m3,CPCB / GPCB Continuous Ambient Air Quality Monitoring Station,OBSERVED_GROUND_DATA
GJ_VAD_01,Dandia Bazar / Nandesari CAAQMS,22.4125,73.0944,2023-06-19,19.454,38.854,10.067,8.471,151.5,51.042,ug/m3,CPCB / GPCB Continuous Ambient Air Quality Monitoring Station,OBSERVED_GROUND_DATA
GJ_VAD_01,Dandia Bazar / Nandesari CAAQMS,22.4125,73.0944,2023-06-20,17.292,37.721,12.079,12.325,158.125,52.833,ug/m3,CPCB / GPCB Continuous Ambient Air Quality Monitoring Station,OBSERVED_GROUND_DATA
GJ_VAD_01,Dandia Bazar / Nandesari CAAQMS,22.4125,73.0944,2023-06-21,16.646,39.396,10.029,11.833,156.0,56.375,ug/m3,CPCB / GPCB Continuous Ambient Air Quality Monitoring Station,OBSERVED_GROUND_DATA
GJ_VAD_01,Dandia Bazar / Nandesari CAAQMS,22.4125,73.0944,2023-06-22,17.275,37.038,10.529,12.062,149.958,52.125,ug/m3,CPCB / GPCB Continuous Ambient Air Quality Monitoring Station,OBSERVED_GROUND_DATA
GJ_VAD_01,Dandia Bazar / Nandesari CAAQMS,22.4125,73.0944,2023-06-23,16.05,33.358,11.0,12.896,159.0,52.458,ug/m3,CPCB / GPCB Continuous Ambient Air Quality Monitoring Station,OBSERVED_GROUND_DATA
GJ_VAD_01,Dandia Bazar / Nandesari CAAQMS,22.4125,73.0944,2023-06-24,18.425,31.333,20.112,12.079,205.0,34.208,ug/m3,CPCB / GPCB Continuous Ambient Air Quality Monitoring Station,OBSERVED_GROUND_DATA
GJ_VAD_01,Dandia Bazar / Nandesari CAAQMS,22.4125,73.0944,2023-06-25,18.254,30.367,17.625,8.729,205.875,52.125,ug/m3,CPCB / GPCB Continuous Ambient Air Quality Monitoring Station,OBSERVED_GROUND_DATA
GJ_VAD_01,Dandia Bazar / Nandesari CAAQMS,22.4125,73.0944,2023-06-26,13.158,21.429,14.654,6.471,175.292,41.417,ug/m3,CPCB / GPCB Continuous Ambient Air Quality Monitoring Station,OBSERVED_GROUND_DATA
GJ_VAD_01,Dandia Bazar / Nandesari CAAQMS,22.4125,73.0944,2023-06-27,12.35,18.758,12.237,8.987,194.25,45.375,ug/m3,CPCB / GPCB Continuous Ambient Air Quality Monitoring Station,OBSERVED_GROUND_DATA
GJ_VAD_01,Dandia Bazar / Nandesari CAAQMS,22.4125,73.0944,2023-06-28,10.492,15.746,9.317,9.108,200.458,46.208,ug/m3,CPCB / GPCB Continuous Ambient Air Quality Monitoring Station,OBSERVED_GROUND_DATA
GJ_VAD_01,Dandia Bazar / Nandesari CAAQMS,22.4125,73.0944,2023-06-29,8.896,13.225,8.258,5.146,190.167,47.833,ug/m3,CPCB / GPCB Continuous Ambient Air Quality Monitoring Station,OBSERVED_GROUND_DATA
GJ_VAD_01,Dandia Bazar / Nandesari CAAQMS,22.4125,73.0944,2023-06-30,8.354,12.454,7.583,4.233,174.167,42.042,ug/m3,CPCB / GPCB Continuous Ambient Air Quality Monitoring Station,OBSERVED_GROUND_DATA
GJ_VAD_01,Dandia Bazar / Nandesari CAAQMS,22.4125,73.0944,2023-07-01,8.308,12.104,7.625,5.746,176.042,42.292,ug/m3,CPCB / GPCB Continuous Ambient Air Quality Monitoring Station,OBSERVED_GROUND_DATA
GJ_VAD_01,Dandia Bazar / Nandesari CAAQMS,22.4125,73.0944,2023-07-02,14.4,24.433,9.763,11.383,181.083,47.958,ug/m3,CPCB / GPCB Continuous Ambient Air Quality Monitoring Station,OBSERVED_GROUND_DATA
GJ_VAD_01,Dandia Bazar / Nandesari CAAQMS,22.4125,73.0944,2023-07-03,15.396,25.017,12.733,15.121,205.667,50.792,ug/m3,CPCB / GPCB Continuous Ambient Air Quality Monitoring Station,OBSERVED_GROUND_DATA
GJ_VAD_01,Dandia Bazar / Nandesari CAAQMS,22.4125,73.0944,2023-07-04,19.213,32.354,13.513,19.271,221.333,58.042,ug/m3,CPCB / GPCB Continuous Ambient Air Quality Monitoring Station,OBSERVED_GROUND_DATA
GJ_VAD_01,Dandia Bazar / Nandesari CAAQMS,22.4125,73.0944,2023-07-05,21.338,48.208,12.571,12.696,227.25,53.458,ug/m3,CPCB / GPCB Continuous Ambient Air Quality Monitoring Station,OBSERVED_GROUND_DATA
GJ_VAD_01,Dandia Bazar / Nandesari CAAQMS,22.4125,73.0944,2023-07-06,15.0,24.312,12.35,12.071,231.167,61.667,ug/m3,CPCB / GPCB Continuous Ambient Air Quality Monitoring Station,OBSERVED_GROUND_DATA
GJ_VAD_01,Dandia Bazar / Nandesari CAAQMS,22.4125,73.0944,2023-07-07,13.404,20.817,11.921,15.583,210.75,51.042,ug/m3,CPCB / GPCB Continuous Ambient Air Quality Monitoring Station,OBSERVED_GROUND_DATA
GJ_VAD_01,Dandia Bazar / Nandesari CAAQMS,22.4125,73.0944,2023-07-08,11.617,18.817,9.263,10.467,180.667,51.792,ug/m3,CPCB / GPCB Continuous Ambient Air Quality Monitoring Station,OBSERVED_GROUND_DATA
GJ_VAD_01,Dandia Bazar / Nandesari CAAQMS,22.4125,73.0944,2023-07-09,10.354,18.037,6.512,6.179,150.875,50.625,ug/m3,CPCB / GPCB Continuous Ambient Air Quality Monitoring Station,OBSERVED_GROUND_DATA
GJ_VAD_01,Dandia Bazar / Nandesari CAAQMS,22.4125,73.0944,2023-07-10,15.308,34.883,7.154,5.042,161.25,47.667,ug/m3,CPCB / GPCB Continuous Ambient Air Quality Monitoring Station,OBSERVED_GROUND_DATA
GJ_VAD_01,Dandia Bazar / Nandesari CAAQMS,22.4125,73.0944,2023-07-11,14.979,38.033,8.196,7.125,163.917,46.583,ug/m3,CPCB / GPCB Continuous Ambient Air Quality Monitoring Station,OBSERVED_GROUND_DATA
GJ_VAD_01,Dandia Bazar / Nandesari CAAQMS,22.4125,73.0944,2023-07-12,17.842,41.042,10.833,10.538,191.25,44.167,ug/m3,CPCB / GPCB Continuous Ambient Air Quality Monitoring Station,OBSERVED_GROUND_DATA
GJ_VAD_01,Dandia Bazar / Nandesari CAAQMS,22.4125,73.0944,2023-07-13,19.433,45.646,11.771,14.475,193.458,46.167,ug/m3,CPCB / GPCB Continuous Ambient Air Quality Monitoring Station,OBSERVED_GROUND_DATA
GJ_VAD_01,Dandia Bazar / Nandesari CAAQMS,22.4125,73.0944,2023-07-14,16.425,35.7,9.579,10.212,171.25,45.125,ug/m3,CPCB / GPCB Continuous Ambient Air Quality Monitoring Station,OBSERVED_GROUND_DATA
GJ_VAD_01,Dandia Bazar / Nandesari CAAQMS,22.4125,73.0944,2023-07-15,13.554,28.354,8.471,7.179,157.667,39.917,ug/m3,CPCB / GPCB Continuous Ambient Air Quality Monitoring Station,OBSERVED_GROUND_DATA
GJ_VAD_01,Dandia Bazar / Nandesari CAAQMS,22.4125,73.0944,2023-07-16,14.171,27.671,8.212,8.017,156.875,43.167,ug/m3,CPCB / GPCB Continuous Ambient Air Quality Monitoring Station,OBSERVED_GROUND_DATA
GJ_VAD_01,Dandia Bazar / Nandesari CAAQMS,22.4125,73.0944,2023-07-17,17.55,40.617,8.763,9.15,168.917,49.917,ug/m3,CPCB / GPCB Continuous Ambient Air Quality Monitoring Station,OBSERVED_GROUND_DATA
GJ_VAD_01,Dandia Bazar / Nandesari CAAQMS,22.4125,73.0944,2023-07-18,21.083,44.283,11.763,9.883,210.292,48.833,ug/m3,CPCB / GPCB Continuous Ambient Air Quality Monitoring Station,OBSERVED_GROUND_DATA
GJ_VAD_01,Dandia Bazar / Nandesari CAAQMS,22.4125,73.0944,2023-07-19,19.9,35.929,15.7,8.671,266.333,52.5,ug/m3,CPCB / GPCB Continuous Ambient Air Quality Monitoring Station,OBSERVED_GROUND_DATA
GJ_VAD_01,Dandia Bazar / Nandesari CAAQMS,22.4125,73.0944,2023-07-20,18.983,28.988,14.192,13.05,285.667,63.417,ug/m3,CPCB / GPCB Continuous Ambient Air Quality Monitoring Station,OBSERVED_GROUND_DATA
GJ_VAD_01,Dandia Bazar / Nandesari CAAQMS,22.4125,73.0944,2023-07-21,12.967,17.275,8.129,5.442,176.25,44.667,ug/m3,CPCB / GPCB Continuous Ambient Air Quality Monitoring Station,OBSERVED_GROUND_DATA
GJ_VAD_01,Dandia Bazar / Nandesari CAAQMS,22.4125,73.0944,2023-07-22,12.154,16.738,10.679,7.442,220.542,54.875,ug/m3,CPCB / GPCB Continuous Ambient Air Quality Monitoring Station,OBSERVED_GROUND_DATA
GJ_VAD_01,Dandia Bazar / Nandesari CAAQMS,22.4125,73.0944,2023-07-23,10.058,14.662,10.125,10.446,207.875,62.833,ug/m3,CPCB / GPCB Continuous Ambient Air Quality Monitoring Station,OBSERVED_GROUND_DATA
GJ_VAD_01,Dandia Bazar / Nandesari CAAQMS,22.4125,73.0944,2023-07-24,10.329,17.138,8.271,9.167,157.0,44.792,ug/m3,CPCB / GPCB Continuous Ambient Air Quality Monitoring Station,OBSERVED_GROUND_DATA
GJ_VAD_01,Dandia Bazar / Nandesari CAAQMS,22.4125,73.0944,2023-07-25,15.25,29.638,8.154,7.7,160.167,42.833,ug/m3,CPCB / GPCB Continuous Ambient Air Quality Monitoring Station,OBSERVED_GROUND_DATA
GJ_VAD_01,Dandia Bazar / Nandesari CAAQMS,22.4125,73.0944,2023-07-26,15.7,29.096,8.538,7.158,175.167,49.167,ug/m3,CPCB / GPCB Continuous Ambient Air Quality Monitoring Station,OBSERVED_GROUND_DATA
GJ_VAD_01,Dandia Bazar / Nandesari CAAQMS,22.4125,73.0944,2023-07-27,20.054,40.704,9.492,7.004,171.875,46.25,ug/m3,CPCB / GPCB Continuous Ambient Air Quality Monitoring Station,OBSERVED_GROUND_DATA
GJ_VAD_01,Dandia Bazar / Nandesari CAAQMS,22.4125,73.0944,2023-07-28,14.517,27.029,7.329,5.125,160.667,43.708,ug/m3,CPCB / GPCB Continuous Ambient Air Quality Monitoring Station,OBSERVED_GROUND_DATA
GJ_VAD_01,Dandia Bazar / Nandesari CAAQMS,22.4125,73.0944,2023-07-29,10.608,20.879,6.296,4.525,135.625,39.583,ug/m3,CPCB / GPCB Continuous Ambient Air Quality Monitoring Station,OBSERVED_GROUND_DATA
GJ_VAD_01,Dandia Bazar / Nandesari CAAQMS,22.4125,73.0944,2023-07-30,12.692,29.146,6.587,4.35,135.083,38.083,ug/m3,CPCB / GPCB Continuous Ambient Air Quality Monitoring Station,OBSERVED_GROUND_DATA
GJ_VAD_01,Dandia Bazar / Nandesari CAAQMS,22.4125,73.0944,2023-07-31,14.025,34.562,7.646,4.767,158.083,39.375,ug/m3,CPCB / GPCB Continuous Ambient Air Quality Monitoring Station,OBSERVED_GROUND_DATA
GJ_VAD_01,Dandia Bazar / Nandesari CAAQMS,22.4125,73.0944,2023-08-01,15.708,47.879,6.7,4.833,147.917,41.5,ug/m3,CPCB / GPCB Continuous Ambient Air Quality Monitoring Station,OBSERVED_GROUND_DATA
GJ_VAD_01,Dandia Bazar / Nandesari CAAQMS,22.4125,73.0944,2023-08-02,13.4,31.917,5.337,4.208,139.667,44.708,ug/m3,CPCB / GPCB Continuous Ambient Air Quality Monitoring Station,OBSERVED_GROUND_DATA
GJ_VAD_01,Dandia Bazar / Nandesari CAAQMS,22.4125,73.0944,2023-08-03,12.379,27.15,6.158,4.758,137.875,40.958,ug/m3,CPCB / GPCB Continuous Ambient Air Quality Monitoring Station,OBSERVED_GROUND_DATA
GJ_VAD_01,Dandia Bazar / Nandesari CAAQMS,22.4125,73.0944,2023-08-04,13.3,29.588,7.375,5.425,146.917,37.5,ug/m3,CPCB / GPCB Continuous Ambient Air Quality Monitoring Station,OBSERVED_GROUND_DATA
GJ_VAD_01,Dandia Bazar / Nandesari CAAQMS,22.4125,73.0944,2023-08-05,13.938,32.692,6.788,5.862,136.5,43.083,ug/m3,CPCB / GPCB Continuous Ambient Air Quality Monitoring Station,OBSERVED_GROUND_DATA
GJ_VAD_01,Dandia Bazar / Nandesari CAAQMS,22.4125,73.0944,2023-08-06,14.712,37.367,5.196,4.4,132.875,45.208,ug/m3,CPCB / GPCB Continuous Ambient Air Quality Monitoring Station,OBSERVED_GROUND_DATA
GJ_VAD_01,Dandia Bazar / Nandesari CAAQMS,22.4125,73.0944,2023-08-07,13.392,28.629,4.654,3.912,131.375,44.708,ug/m3,CPCB / GPCB Continuous Ambient Air Quality Monitoring Station,OBSERVED_GROUND_DATA
GJ_VAD_01,Dandia Bazar / Nandesari CAAQMS,22.4125,73.0944,2023-08-08,13.712,30.925,5.133,4.9,123.875,44.833,ug/m3,CPCB / GPCB Continuous Ambient Air Quality Monitoring Station,OBSERVED_GROUND_DATA
GJ_VAD_01,Dandia Bazar / Nandesari CAAQMS,22.4125,73.0944,2023-08-09,14.258,30.996,6.362,5.6,143.833,43.083,ug/m3,CPCB / GPCB Continuous Ambient Air Quality Monitoring Station,OBSERVED_GROUND_DATA
GJ_VAD_01,Dandia Bazar / Nandesari CAAQMS,22.4125,73.0944,2023-08-10,13.892,33.404,7.0,6.567,151.083,46.333,ug/m3,CPCB / GPCB Continuous Ambient Air Quality Monitoring Station,OBSERVED_GROUND_DATA
GJ_VAD_01,Dandia Bazar / Nandesari CAAQMS,22.4125,73.0944,2023-08-11,15.067,34.579,7.025,6.854,147.333,46.667,ug/m3,CPCB / GPCB Continuous Ambient Air Quality Monitoring Station,OBSERVED_GROUND_DATA
GJ_VAD_01,Dandia Bazar / Nandesari CAAQMS,22.4125,73.0944,2023-08-12,14.629,37.629,6.862,5.438,153.667,45.625,ug/m3,CPCB / GPCB Continuous Ambient Air Quality Monitoring Station,OBSERVED_GROUND_DATA
GJ_VAD_01,Dandia Bazar / Nandesari CAAQMS,22.4125,73.0944,2023-08-13,13.679,30.471,5.517,4.125,140.042,42.875,ug/m3,CPCB / GPCB Continuous Ambient Air Quality Monitoring Station,OBSERVED_GROUND_DATA
GJ_VAD_01,Dandia Bazar / Nandesari CAAQMS,22.4125,73.0944,2023-08-14,14.575,30.817,5.454,4.792,132.042,41.792,ug/m3,CPCB / GPCB Continuous Ambient Air Quality Monitoring Station,OBSERVED_GROUND_DATA
GJ_VAD_01,Dandia Bazar / Nandesari CAAQMS,22.4125,73.0944,2023-08-15,14.55,34.492,6.438,6.167,132.167,43.25,ug/m3,CPCB / GPCB Continuous Ambient Air Quality Monitoring Station,OBSERVED_GROUND_DATA
GJ_VAD_01,Dandia Bazar / Nandesari CAAQMS,22.4125,73.0944,2023-08-16,16.125,41.475,7.579,7.138,151.542,43.708,ug/m3,CPCB / GPCB Continuous Ambient Air Quality Monitoring Station,OBSERVED_GROUND_DATA
GJ_VAD_01,Dandia Bazar / Nandesari CAAQMS,22.4125,73.0944,2023-08-17,18.779,47.517,10.292,7.221,184.792,40.75,ug/m3,CPCB / GPCB Continuous Ambient Air Quality Monitoring Station,OBSERVED_GROUND_DATA
GJ_VAD_01,Dandia Bazar / Nandesari CAAQMS,22.4125,73.0944,2023-08-18,18.488,43.762,13.942,8.862,215.125,39.625,ug/m3,CPCB / GPCB Continuous Ambient Air Quality Monitoring Station,OBSERVED_GROUND_DATA
GJ_VAD_01,Dandia Bazar / Nandesari CAAQMS,22.4125,73.0944,2023-08-19,20.4,48.637,15.833,10.004,235.0,39.417,ug/m3,CPCB / GPCB Continuous Ambient Air Quality Monitoring Station,OBSERVED_GROUND_DATA
GJ_VAD_01,Dandia Bazar / Nandesari CAAQMS,22.4125,73.0944,2023-08-20,17.421,40.392,12.708,8.638,188.417,38.0,ug/m3,CPCB / GPCB Continuous Ambient Air Quality Monitoring Station,OBSERVED_GROUND_DATA
GJ_VAD_01,Dandia Bazar / Nandesari CAAQMS,22.4125,73.0944,2023-08-21,18.604,39.817,11.333,7.304,196.708,42.125,ug/m3,CPCB / GPCB Continuous Ambient Air Quality Monitoring Station,OBSERVED_GROUND_DATA
GJ_VAD_01,Dandia Bazar / Nandesari CAAQMS,22.4125,73.0944,2023-08-22,29.454,58.233,12.612,11.971,229.708,50.333,ug/m3,CPCB / GPCB Continuous Ambient Air Quality Monitoring Station,OBSERVED_GROUND_DATA
GJ_VAD_01,Dandia Bazar / Nandesari CAAQMS,22.4125,73.0944,2023-08-23,11.129,20.908,8.083,8.021,152.208,37.375,ug/m3,CPCB / GPCB Continuous Ambient Air Quality Monitoring Station,OBSERVED_GROUND_DATA
GJ_VAD_01,Dandia Bazar / Nandesari CAAQMS,22.4125,73.0944,2023-08-24,8.571,17.9,6.504,6.383,142.167,35.125,ug/m3,CPCB / GPCB Continuous Ambient Air Quality Monitoring Station,OBSERVED_GROUND_DATA
GJ_VAD_01,Dandia Bazar / Nandesari CAAQMS,22.4125,73.0944,2023-08-25,8.108,17.729,6.675,7.087,121.625,36.458,ug/m3,CPCB / GPCB Continuous Ambient Air Quality Monitoring Station,OBSERVED_GROUND_DATA
GJ_VAD_01,Dandia Bazar / Nandesari CAAQMS,22.4125,73.0944,2023-08-26,10.487,25.275,7.438,8.846,126.042,40.667,ug/m3,CPCB / GPCB Continuous Ambient Air Quality Monitoring Station,OBSERVED_GROUND_DATA
GJ_VAD_01,Dandia Bazar / Nandesari CAAQMS,22.4125,73.0944,2023-08-27,14.542,33.533,7.733,8.283,130.292,43.417,ug/m3,CPCB / GPCB Continuous Ambient Air Quality Monitoring Station,OBSERVED_GROUND_DATA
GJ_VAD_01,Dandia Bazar / Nandesari CAAQMS,22.4125,73.0944,2023-08-28,16.704,49.575,7.442,8.179,134.625,46.667,ug/m3,CPCB / GPCB Continuous Ambient Air Quality Monitoring Station,OBSERVED_GROUND_DATA
GJ_VAD_01,Dandia Bazar / Nandesari CAAQMS,22.4125,73.0944,2023-08-29,18.908,47.792,9.429,9.229,162.917,47.042,ug/m3,CPCB / GPCB Continuous Ambient Air Quality Monitoring Station,OBSERVED_GROUND_DATA
GJ_VAD_01,Dandia Bazar / Nandesari CAAQMS,22.4125,73.0944,2023-08-30,22.092,55.012,15.067,11.896,224.333,45.583,ug/m3,CPCB / GPCB Continuous Ambient Air Quality Monitoring Station,OBSERVED_GROUND_DATA
GJ_VAD_01,Dandia Bazar / Nandesari CAAQMS,22.4125,73.0944,2023-08-31,26.2,59.038,22.292,16.646,314.5,56.083,ug/m3,CPCB / GPCB Continuous Ambient Air Quality Monitoring Station,OBSERVED_GROUND_DATA
GJ_VAD_01,Dandia Bazar / Nandesari CAAQMS,22.4125,73.0944,2023-09-01,30.938,64.946,25.383,18.121,388.792,66.083,ug/m3,CPCB / GPCB Continuous Ambient Air Quality Monitoring Station,OBSERVED_GROUND_DATA
GJ_VAD_01,Dandia Bazar / Nandesari CAAQMS,22.4125,73.0944,2023-09-02,30.733,60.021,24.454,17.592,387.292,64.917,ug/m3,CPCB / GPCB Continuous Ambient Air Quality Monitoring Station,OBSERVED_GROUND_DATA
GJ_VAD_01,Dandia Bazar / Nandesari CAAQMS,22.4125,73.0944,2023-09-03,23.262,43.887,18.012,15.5,264.75,58.417,ug/m3,CPCB / GPCB Continuous Ambient Air Quality Monitoring Station,OBSERVED_GROUND_DATA
GJ_VAD_01,Dandia Bazar / Nandesari CAAQMS,22.4125,73.0944,2023-09-04,22.404,44.996,17.842,13.792,273.333,53.917,ug/m3,CPCB / GPCB Continuous Ambient Air Quality Monitoring Station,OBSERVED_GROUND_DATA
GJ_VAD_01,Dandia Bazar / Nandesari CAAQMS,22.4125,73.0944,2023-09-05,24.583,45.15,16.1,13.167,267.833,61.042,ug/m3,CPCB / GPCB Continuous Ambient Air Quality Monitoring Station,OBSERVED_GROUND_DATA
GJ_VAD_01,Dandia Bazar / Nandesari CAAQMS,22.4125,73.0944,2023-09-06,23.083,42.558,14.638,10.513,265.625,64.792,ug/m3,CPCB / GPCB Continuous Ambient Air Quality Monitoring Station,OBSERVED_GROUND_DATA
GJ_VAD_01,Dandia Bazar / Nandesari CAAQMS,22.4125,73.0944,2023-09-07,20.871,34.45,11.167,9.821,258.5,75.458,ug/m3,CPCB / GPCB Continuous Ambient Air Quality Monitoring Station,OBSERVED_GROUND_DATA
GJ_VAD_01,Dandia Bazar / Nandesari CAAQMS,22.4125,73.0944,2023-09-08,22.1,34.929,14.758,14.475,256.292,50.625,ug/m3,CPCB / GPCB Continuous Ambient Air Quality Monitoring Station,OBSERVED_GROUND_DATA
GJ_VAD_01,Dandia Bazar / Nandesari CAAQMS,22.4125,73.0944,2023-09-09,18.208,30.858,12.154,12.375,212.708,53.083,ug/m3,CPCB / GPCB Continuous Ambient Air Quality Monitoring Station,OBSERVED_GROUND_DATA
GJ_VAD_01,Dandia Bazar / Nandesari CAAQMS,22.4125,73.0944,2023-09-10,14.7,27.375,10.779,11.179,198.75,47.958,ug/m3,CPCB / GPCB Continuous Ambient Air Quality Monitoring Station,OBSERVED_GROUND_DATA
GJ_VAD_01,Dandia Bazar / Nandesari CAAQMS,22.4125,73.0944,2023-09-11,14.471,26.838,11.008,9.3,200.708,47.75,ug/m3,CPCB / GPCB Continuous Ambient Air Quality Monitoring Station,OBSERVED_GROUND_DATA
GJ_VAD_01,Dandia Bazar / Nandesari CAAQMS,22.4125,73.0944,2023-09-12,13.675,24.421,8.492,8.2,171.583,45.5,ug/m3,CPCB / GPCB Continuous Ambient Air Quality Monitoring Station,OBSERVED_GROUND_DATA
GJ_VAD_01,Dandia Bazar / Nandesari CAAQMS,22.4125,73.0944,2023-09-13,10.908,19.012,9.612,9.112,159.292,39.875,ug/m3,CPCB / GPCB Continuous Ambient Air Quality Monitoring Station,OBSERVED_GROUND_DATA
GJ_VAD_01,Dandia Bazar / Nandesari CAAQMS,22.4125,73.0944,2023-09-14,13.933,24.992,11.546,12.792,201.75,48.917,ug/m3,CPCB / GPCB Continuous Ambient Air Quality Monitoring Station,OBSERVED_GROUND_DATA
GJ_VAD_01,Dandia Bazar / Nandesari CAAQMS,22.4125,73.0944,2023-09-15,18.242,31.929,13.9,12.1,245.0,50.417,ug/m3,CPCB / GPCB Continuous Ambient Air Quality Monitoring Station,OBSERVED_GROUND_DATA
GJ_VAD_01,Dandia Bazar / Nandesari CAAQMS,22.4125,73.0944,2023-09-16,13.367,21.596,11.608,8.246,223.875,38.5,ug/m3,CPCB / GPCB Continuous Ambient Air Quality Monitoring Station,OBSERVED_GROUND_DATA
GJ_VAD_01,Dandia Bazar / Nandesari CAAQMS,22.4125,73.0944,2023-09-17,8.558,12.354,6.104,3.833,155.125,38.417,ug/m3,CPCB / GPCB Continuous Ambient Air Quality Monitoring Station,OBSERVED_GROUND_DATA
GJ_VAD_01,Dandia Bazar / Nandesari CAAQMS,22.4125,73.0944,2023-09-18,8.042,12.154,7.867,7.017,172.5,39.833,ug/m3,CPCB / GPCB Continuous Ambient Air Quality Monitoring Station,OBSERVED_GROUND_DATA
GJ_VAD_01,Dandia Bazar / Nandesari CAAQMS,22.4125,73.0944,2023-09-19,8.242,12.917,8.862,11.475,182.25,46.417,ug/m3,CPCB / GPCB Continuous Ambient Air Quality Monitoring Station,OBSERVED_GROUND_DATA
GJ_VAD_01,Dandia Bazar / Nandesari CAAQMS,22.4125,73.0944,2023-09-20,12.221,19.825,11.4,15.396,216.625,52.708,ug/m3,CPCB / GPCB Continuous Ambient Air Quality Monitoring Station,OBSERVED_GROUND_DATA
GJ_VAD_01,Dandia Bazar / Nandesari CAAQMS,22.4125,73.0944,2023-09-21,15.912,26.117,11.938,15.692,236.458,55.167,ug/m3,CPCB / GPCB Continuous Ambient Air Quality Monitoring Station,OBSERVED_GROUND_DATA
GJ_VAD_01,Dandia Bazar / Nandesari CAAQMS,22.4125,73.0944,2023-09-22,15.092,25.392,12.479,14.846,233.583,48.625,ug/m3,CPCB / GPCB Continuous Ambient Air Quality Monitoring Station,OBSERVED_GROUND_DATA
GJ_VAD_01,Dandia Bazar / Nandesari CAAQMS,22.4125,73.0944,2023-09-23,18.221,32.508,11.846,12.046,224.5,54.792,ug/m3,CPCB / GPCB Continuous Ambient Air Quality Monitoring Station,OBSERVED_GROUND_DATA
GJ_VAD_01,Dandia Bazar / Nandesari CAAQMS,22.4125,73.0944,2023-09-24,18.046,32.842,12.612,11.35,240.375,50.375,ug/m3,CPCB / GPCB Continuous Ambient Air Quality Monitoring Station,OBSERVED_GROUND_DATA
GJ_VAD_01,Dandia Bazar / Nandesari CAAQMS,22.4125,73.0944,2023-09-25,15.275,25.475,11.779,9.121,248.417,62.625,ug/m3,CPCB / GPCB Continuous Ambient Air Quality Monitoring Station,OBSERVED_GROUND_DATA
GJ_VAD_01,Dandia Bazar / Nandesari CAAQMS,22.4125,73.0944,2023-09-26,27.508,45.979,13.725,12.433,302.667,73.958,ug/m3,CPCB / GPCB Continuous Ambient Air Quality Monitoring Station,OBSERVED_GROUND_DATA
GJ_VAD_01,Dandia Bazar / Nandesari CAAQMS,22.4125,73.0944,2023-09-27,35.621,57.25,16.692,13.55,393.25,88.583,ug/m3,CPCB / GPCB Continuous Ambient Air Quality Monitoring Station,OBSERVED_GROUND_DATA
GJ_VAD_01,Dandia Bazar / Nandesari CAAQMS,22.4125,73.0944,2023-09-28,38.092,57.029,20.012,11.112,448.5,90.708,ug/m3,CPCB / GPCB Continuous Ambient Air Quality Monitoring Station,OBSERVED_GROUND_DATA
GJ_VAD_01,Dandia Bazar / Nandesari CAAQMS,22.4125,73.0944,2023-09-29,46.246,75.158,25.35,12.671,556.5,85.958,ug/m3,CPCB / GPCB Continuous Ambient Air Quality Monitoring Station,OBSERVED_GROUND_DATA
GJ_VAD_01,Dandia Bazar / Nandesari CAAQMS,22.4125,73.0944,2023-09-30,36.604,61.475,20.029,9.054,457.458,82.875,ug/m3,CPCB / GPCB Continuous Ambient Air Quality Monitoring Station,OBSERVED_GROUND_DATA
GJ_VAD_01,Dandia Bazar / Nandesari CAAQMS,22.4125,73.0944,2023-10-01,37.279,63.908,22.675,10.483,541.083,84.333,ug/m3,CPCB / GPCB Continuous Ambient Air Quality Monitoring Station,OBSERVED_GROUND_DATA
GJ_VAD_01,Dandia Bazar / Nandesari CAAQMS,22.4125,73.0944,2023-10-02,42.417,78.917,22.529,14.183,555.417,105.208,ug/m3,CPCB / GPCB Continuous Ambient Air Quality Monitoring Station,OBSERVED_GROUND_DATA
GJ_VAD_01,Dandia Bazar / Nandesari CAAQMS,22.4125,73.0944,2023-10-03,37.863,76.821,20.521,19.883,448.5,97.208,ug/m3,CPCB / GPCB Continuous Ambient Air Quality Monitoring Station,OBSERVED_GROUND_DATA
GJ_VAD_01,Dandia Bazar / Nandesari CAAQMS,22.4125,73.0944,2023-10-04,35.796,71.104,23.042,20.146,458.917,91.125,ug/m3,CPCB / GPCB Continuous Ambient Air Quality Monitoring Station,OBSERVED_GROUND_DATA
GJ_VAD_01,Dandia Bazar / Nandesari CAAQMS,22.4125,73.0944,2023-10-05,40.3,75.9,30.688,16.433,581.083,83.333,ug/m3,CPCB / GPCB Continuous Ambient Air Quality Monitoring Station,OBSERVED_GROUND_DATA
GJ_VAD_01,Dandia Bazar / Nandesari CAAQMS,22.4125,73.0944,2023-10-06,45.646,79.163,34.392,15.033,641.667,81.667,ug/m3,CPCB / GPCB Continuous Ambient Air Quality Monitoring Station,OBSERVED_GROUND_DATA
GJ_VAD_01,Dandia Bazar / Nandesari CAAQMS,22.4125,73.0944,2023-10-07,48.558,80.875,30.012,17.792,568.667,83.792,ug/m3,CPCB / GPCB Continuous Ambient Air Quality Monitoring Station,OBSERVED_GROUND_DATA
GJ_VAD_01,Dandia Bazar / Nandesari CAAQMS,22.4125,73.0944,2023-10-08,61.137,103.096,38.021,19.154,730.083,92.708,ug/m3,CPCB / GPCB Continuous Ambient Air Quality Monitoring Station,OBSERVED_GROUND_DATA
GJ_VAD_01,Dandia Bazar / Nandesari CAAQMS,22.4125,73.0944,2023-10-09,54.95,91.038,35.008,17.638,699.75,88.833,ug/m3,CPCB / GPCB Continuous Ambient Air Quality Monitoring Station,OBSERVED_GROUND_DATA
GJ_VAD_01,Dandia Bazar / Nandesari CAAQMS,22.4125,73.0944,2023-10-10,35.679,55.012,32.946,13.8,586.167,64.75,ug/m3,CPCB / GPCB Continuous Ambient Air Quality Monitoring Station,OBSERVED_GROUND_DATA
GJ_VAD_01,Dandia Bazar / Nandesari CAAQMS,22.4125,73.0944,2023-10-11,40.417,62.704,30.271,17.9,623.708,99.833,ug/m3,CPCB / GPCB Continuous Ambient Air Quality Monitoring Station,OBSERVED_GROUND_DATA
GJ_VAD_01,Dandia Bazar / Nandesari CAAQMS,22.4125,73.0944,2023-10-12,38.271,62.712,19.846,12.088,471.333,97.125,ug/m3,CPCB / GPCB Continuous Ambient Air Quality Monitoring Station,OBSERVED_GROUND_DATA
GJ_VAD_01,Dandia Bazar / Nandesari CAAQMS,22.4125,73.0944,2023-10-13,41.558,68.329,22.208,9.2,485.458,89.583,ug/m3,CPCB / GPCB Continuous Ambient Air Quality Monitoring Station,OBSERVED_GROUND_DATA
GJ_VAD_01,Dandia Bazar / Nandesari CAAQMS,22.4125,73.0944,2023-10-14,44.858,73.029,21.762,9.071,490.917,84.875,ug/m3,CPCB / GPCB Continuous Ambient Air Quality Monitoring Station,OBSERVED_GROUND_DATA
GJ_VAD_01,Dandia Bazar / Nandesari CAAQMS,22.4125,73.0944,2023-10-15,69.925,115.0,37.371,18.312,748.667,84.833,ug/m3,CPCB / GPCB Continuous Ambient Air Quality Monitoring Station,OBSERVED_GROUND_DATA
GJ_VAD_01,Dandia Bazar / Nandesari CAAQMS,22.4125,73.0944,2023-10-16,54.962,87.383,34.954,15.354,703.917,79.417,ug/m3,CPCB / GPCB Continuous Ambient Air Quality Monitoring Station,OBSERVED_GROUND_DATA
GJ_VAD_01,Dandia Bazar / Nandesari CAAQMS,22.4125,73.0944,2023-10-17,52.404,82.879,31.033,16.492,621.417,80.958,ug/m3,CPCB / GPCB Continuous Ambient Air Quality Monitoring Station,OBSERVED_GROUND_DATA
GJ_VAD_01,Dandia Bazar / Nandesari CAAQMS,22.4125,73.0944,2023-10-18,35.262,57.625,22.867,8.712,468.0,62.875,ug/m3,CPCB / GPCB Continuous Ambient Air Quality Monitoring Station,OBSERVED_GROUND_DATA
GJ_VAD_01,Dandia Bazar / Nandesari CAAQMS,22.4125,73.0944,2023-10-19,33.154,55.471,22.779,7.629,479.958,69.458,ug/m3,CPCB / GPCB Continuous Ambient Air Quality Monitoring Station,OBSERVED_GROUND_DATA
GJ_VAD_01,Dandia Bazar / Nandesari CAAQMS,22.4125,73.0944,2023-10-20,36.371,60.3,17.296,7.029,409.833,78.542,ug/m3,CPCB / GPCB Continuous Ambient Air Quality Monitoring Station,OBSERVED_GROUND_DATA
GJ_VAD_01,Dandia Bazar / Nandesari CAAQMS,22.4125,73.0944,2023-10-21,40.412,68.667,18.796,7.208,453.667,78.25,ug/m3,CPCB / GPCB Continuous Ambient Air Quality Monitoring Station,OBSERVED_GROUND_DATA
GJ_VAD_01,Dandia Bazar / Nandesari CAAQMS,22.4125,73.0944,2023-10-22,40.25,70.146,21.579,7.663,489.292,82.292,ug/m3,CPCB / GPCB Continuous Ambient Air Quality Monitoring Station,OBSERVED_GROUND_DATA
GJ_VAD_01,Dandia Bazar / Nandesari CAAQMS,22.4125,73.0944,2023-10-23,34.546,59.65,17.292,7.462,450.542,81.833,ug/m3,CPCB / GPCB Continuous Ambient Air Quality Monitoring Station,OBSERVED_GROUND_DATA
GJ_VAD_01,Dandia Bazar / Nandesari CAAQMS,22.4125,73.0944,2023-10-24,31.875,59.038,15.858,6.429,401.333,77.417,ug/m3,CPCB / GPCB Continuous Ambient Air Quality Monitoring Station,OBSERVED_GROUND_DATA
GJ_VAD_01,Dandia Bazar / Nandesari CAAQMS,22.4125,73.0944,2023-10-25,31.138,55.217,16.417,7.783,414.25,81.333,ug/m3,CPCB / GPCB Continuous Ambient Air Quality Monitoring Station,OBSERVED_GROUND_DATA
GJ_VAD_01,Dandia Bazar / Nandesari CAAQMS,22.4125,73.0944,2023-10-26,39.129,68.75,21.133,12.942,515.542,89.583,ug/m3,CPCB / GPCB Continuous Ambient Air Quality Monitoring Station,OBSERVED_GROUND_DATA
GJ_VAD_01,Dandia Bazar / Nandesari CAAQMS,22.4125,73.0944,2023-10-27,32.629,54.146,23.312,11.533,530.167,81.0,ug/m3,CPCB / GPCB Continuous Ambient Air Quality Monitoring Station,OBSERVED_GROUND_DATA
GJ_VAD_01,Dandia Bazar / Nandesari CAAQMS,22.4125,73.0944,2023-10-28,29.667,46.629,22.275,7.708,522.167,84.833,ug/m3,CPCB / GPCB Continuous Ambient Air Quality Monitoring Station,OBSERVED_GROUND_DATA
GJ_VAD_01,Dandia Bazar / Nandesari CAAQMS,22.4125,73.0944,2023-10-29,36.979,60.054,26.196,9.05,583.083,83.083,ug/m3,CPCB / GPCB Continuous Ambient Air Quality Monitoring Station,OBSERVED_GROUND_DATA
GJ_VAD_01,Dandia Bazar / Nandesari CAAQMS,22.4125,73.0944,2023-10-30,39.783,66.65,23.342,8.896,544.875,75.667,ug/m3,CPCB / GPCB Continuous Ambient Air Quality Monitoring Station,OBSERVED_GROUND_DATA
GJ_VAD_01,Dandia Bazar / Nandesari CAAQMS,22.4125,73.0944,2023-10-31,40.012,67.525,24.229,9.542,536.25,70.917,ug/m3,CPCB / GPCB Continuous Ambient Air Quality Monitoring Station,OBSERVED_GROUND_DATA
GJ_VAD_01,Dandia Bazar / Nandesari CAAQMS,22.4125,73.0944,2023-11-01,40.117,67.429,26.558,8.596,558.833,69.75,ug/m3,CPCB / GPCB Continuous Ambient Air Quality Monitoring Station,OBSERVED_GROUND_DATA
GJ_VAD_01,Dandia Bazar / Nandesari CAAQMS,22.4125,73.0944,2023-11-02,42.725,70.979,19.787,8.154,524.583,82.833,ug/m3,CPCB / GPCB Continuous Ambient Air Quality Monitoring Station,OBSERVED_GROUND_DATA
GJ_VAD_01,Dandia Bazar / Nandesari CAAQMS,22.4125,73.0944,2023-11-03,40.846,69.333,14.817,8.154,474.917,89.583,ug/m3,CPCB / GPCB Continuous Ambient Air Quality Monitoring Station,OBSERVED_GROUND_DATA
GJ_VAD_01,Dandia Bazar / Nandesari CAAQMS,22.4125,73.0944,2023-11-04,43.046,71.612,19.917,7.367,520.208,79.458,ug/m3,CPCB / GPCB Continuous Ambient Air Quality Monitoring Station,OBSERVED_GROUND_DATA
GJ_VAD_01,Dandia Bazar / Nandesari CAAQMS,22.4125,73.0944,2023-11-05,44.088,73.512,25.1,7.279,581.583,68.708,ug/m3,CPCB / GPCB Continuous Ambient Air Quality Monitoring Station,OBSERVED_GROUND_DATA
GJ_VAD_01,Dandia Bazar / Nandesari CAAQMS,22.4125,73.0944,2023-11-06,43.179,71.846,27.146,8.779,586.333,70.917,ug/m3,CPCB / GPCB Continuous Ambient Air Quality Monitoring Station,OBSERVED_GROUND_DATA
GJ_VAD_01,Dandia Bazar / Nandesari CAAQMS,22.4125,73.0944,2023-11-07,48.975,82.225,30.096,9.417,637.375,69.25,ug/m3,CPCB / GPCB Continuous Ambient Air Quality Monitoring Station,OBSERVED_GROUND_DATA
GJ_VAD_01,Dandia Bazar / Nandesari CAAQMS,22.4125,73.0944,2023-11-08,51.512,86.821,26.588,8.771,642.75,77.75,ug/m3,CPCB / GPCB Continuous Ambient Air Quality Monitoring Station,OBSERVED_GROUND_DATA
GJ_VAD_01,Dandia Bazar / Nandesari CAAQMS,22.4125,73.0944,2023-11-09,52.042,86.933,27.492,8.896,646.375,77.792,ug/m3,CPCB / GPCB Continuous Ambient Air Quality Monitoring Station,OBSERVED_GROUND_DATA
GJ_VAD_01,Dandia Bazar / Nandesari CAAQMS,22.4125,73.0944,2023-11-10,57.742,97.6,21.142,11.225,599.0,86.042,ug/m3,CPCB / GPCB Continuous Ambient Air Quality Monitoring Station,OBSERVED_GROUND_DATA
GJ_VAD_01,Dandia Bazar / Nandesari CAAQMS,22.4125,73.0944,2023-11-11,34.542,57.667,11.896,6.888,399.333,80.958,ug/m3,CPCB / GPCB Continuous Ambient Air Quality Monitoring Station,OBSERVED_GROUND_DATA
GJ_VAD_01,Dandia Bazar / Nandesari CAAQMS,22.4125,73.0944,2023-11-12,16.512,24.821,11.321,5.679,325.667,74.0,ug/m3,CPCB / GPCB Continuous Ambient Air Quality Monitoring Station,OBSERVED_GROUND_DATA
GJ_VAD_01,Dandia Bazar / Nandesari CAAQMS,22.4125,73.0944,2023-11-13,27.463,41.938,16.713,6.625,436.792,72.875,ug/m3,CPCB / GPCB Continuous Ambient Air Quality Monitoring Station,OBSERVED_GROUND_DATA
GJ_VAD_01,Dandia Bazar / Nandesari CAAQMS,22.4125,73.0944,2023-11-14,32.637,50.146,14.912,6.546,440.125,78.042,ug/m3,CPCB / GPCB Continuous Ambient Air Quality Monitoring Station,OBSERVED_GROUND_DATA
GJ_VAD_01,Dandia Bazar / Nandesari CAAQMS,22.4125,73.0944,2023-11-15,33.496,51.475,12.175,6.517,413.792,82.542,ug/m3,CPCB / GPCB Continuous Ambient Air Quality Monitoring Station,OBSERVED_GROUND_DATA
GJ_VAD_01,Dandia Bazar / Nandesari CAAQMS,22.4125,73.0944,2023-11-16,42.521,65.233,11.942,7.354,439.542,86.75,ug/m3,CPCB / GPCB Continuous Ambient Air Quality Monitoring Station,OBSERVED_GROUND_DATA
GJ_VAD_01,Dandia Bazar / Nandesari CAAQMS,22.4125,73.0944,2023-11-17,57.175,91.496,15.15,8.838,499.625,84.292,ug/m3,CPCB / GPCB Continuous Ambient Air Quality Monitoring Station,OBSERVED_GROUND_DATA
GJ_VAD_01,Dandia Bazar / Nandesari CAAQMS,22.4125,73.0944,2023-11-18,70.658,115.679,16.158,11.671,552.917,92.667,ug/m3,CPCB / GPCB Continuous Ambient Air Quality Monitoring Station,OBSERVED_GROUND_DATA
GJ_VAD_01,Dandia Bazar / Nandesari CAAQMS,22.4125,73.0944,2023-11-19,66.75,108.346,16.938,11.504,566.958,90.5,ug/m3,CPCB / GPCB Continuous Ambient Air Quality Monitoring Station,OBSERVED_GROUND_DATA
GJ_VAD_01,Dandia Bazar / Nandesari CAAQMS,22.4125,73.0944,2023-11-20,59.012,94.083,14.454,10.354,520.125,90.208,ug/m3,CPCB / GPCB Continuous Ambient Air Quality Monitoring Station,OBSERVED_GROUND_DATA
GJ_VAD_01,Dandia Bazar / Nandesari CAAQMS,22.4125,73.0944,2023-11-21,59.321,92.688,11.733,8.783,461.125,84.583,ug/m3,CPCB / GPCB Continuous Ambient Air Quality Monitoring Station,OBSERVED_GROUND_DATA
GJ_VAD_01,Dandia Bazar / Nandesari CAAQMS,22.4125,73.0944,2023-11-22,55.467,85.212,13.383,8.342,465.125,78.667,ug/m3,CPCB / GPCB Continuous Ambient Air Quality Monitoring Station,OBSERVED_GROUND_DATA
GJ_VAD_01,Dandia Bazar / Nandesari CAAQMS,22.4125,73.0944,2023-11-23,48.079,72.729,21.992,8.575,568.792,68.167,ug/m3,CPCB / GPCB Continuous Ambient Air Quality Monitoring Station,OBSERVED_GROUND_DATA
GJ_VAD_01,Dandia Bazar / Nandesari CAAQMS,22.4125,73.0944,2023-11-24,48.512,72.883,15.712,7.75,494.25,71.792,ug/m3,CPCB / GPCB Continuous Ambient Air Quality Monitoring Station,OBSERVED_GROUND_DATA
GJ_VAD_01,Dandia Bazar / Nandesari CAAQMS,22.4125,73.0944,2023-11-25,53.613,80.996,11.571,9.683,453.542,82.125,ug/m3,CPCB / GPCB Continuous Ambient Air Quality Monitoring Station,OBSERVED_GROUND_DATA
GJ_VAD_01,Dandia Bazar / Nandesari CAAQMS,22.4125,73.0944,2023-11-26,58.221,88.092,8.025,11.142,407.125,83.125,ug/m3,CPCB / GPCB Continuous Ambient Air Quality Monitoring Station,OBSERVED_GROUND_DATA
GJ_VAD_01,Dandia Bazar / Nandesari CAAQMS,22.4125,73.0944,2023-11-27,42.738,62.146,13.671,10.221,419.375,81.875,ug/m3,CPCB / GPCB Continuous Ambient Air Quality Monitoring Station,OBSERVED_GROUND_DATA
GJ_VAD_01,Dandia Bazar / Nandesari CAAQMS,22.4125,73.0944,2023-11-28,27.554,40.721,14.879,6.329,446.208,62.375,ug/m3,CPCB / GPCB Continuous Ambient Air Quality Monitoring Station,OBSERVED_GROUND_DATA
GJ_VAD_01,Dandia Bazar / Nandesari CAAQMS,22.4125,73.0944,2023-11-29,32.058,47.9,12.446,6.308,399.875,62.083,ug/m3,CPCB / GPCB Continuous Ambient Air Quality Monitoring Station,OBSERVED_GROUND_DATA
GJ_VAD_01,Dandia Bazar / Nandesari CAAQMS,22.4125,73.0944,2023-11-30,41.3,61.233,12.288,6.154,404.625,59.667,ug/m3,CPCB / GPCB Continuous Ambient Air Quality Monitoring Station,OBSERVED_GROUND_DATA
GJ_VAD_01,Dandia Bazar / Nandesari CAAQMS,22.4125,73.0944,2023-12-01,40.617,59.783,8.746,5.617,351.375,68.0,ug/m3,CPCB / GPCB Continuous Ambient Air Quality Monitoring Station,OBSERVED_GROUND_DATA
GJ_VAD_01,Dandia Bazar / Nandesari CAAQMS,22.4125,73.0944,2023-12-02,29.754,43.596,6.821,6.521,328.958,73.458,ug/m3,CPCB / GPCB Continuous Ambient Air Quality Monitoring Station,OBSERVED_GROUND_DATA
GJ_VAD_01,Dandia Bazar / Nandesari CAAQMS,22.4125,73.0944,2023-12-03,36.0,51.867,7.092,9.562,384.875,83.75,ug/m3,CPCB / GPCB Continuous Ambient Air Quality Monitoring Station,OBSERVED_GROUND_DATA
GJ_VAD_01,Dandia Bazar / Nandesari CAAQMS,22.4125,73.0944,2023-12-04,34.717,49.917,7.125,10.446,410.0,85.042,ug/m3,CPCB / GPCB Continuous Ambient Air Quality Monitoring Station,OBSERVED_GROUND_DATA
GJ_VAD_01,Dandia Bazar / Nandesari CAAQMS,22.4125,73.0944,2023-12-05,28.633,41.575,6.5,10.525,369.792,83.083,ug/m3,CPCB / GPCB Continuous Ambient Air Quality Monitoring Station,OBSERVED_GROUND_DATA
GJ_VAD_01,Dandia Bazar / Nandesari CAAQMS,22.4125,73.0944,2023-12-06,39.65,57.75,7.454,7.846,363.75,71.5,ug/m3,CPCB / GPCB Continuous Ambient Air Quality Monitoring Station,OBSERVED_GROUND_DATA
GJ_VAD_01,Dandia Bazar / Nandesari CAAQMS,22.4125,73.0944,2023-12-07,39.617,57.833,8.033,9.013,381.833,69.917,ug/m3,CPCB / GPCB Continuous Ambient Air Quality Monitoring Station,OBSERVED_GROUND_DATA
GJ_VAD_01,Dandia Bazar / Nandesari CAAQMS,22.4125,73.0944,2023-12-08,43.296,63.288,10.604,7.688,407.208,62.792,ug/m3,CPCB / GPCB Continuous Ambient Air Quality Monitoring Station,OBSERVED_GROUND_DATA
GJ_VAD_01,Dandia Bazar / Nandesari CAAQMS,22.4125,73.0944,2023-12-09,31.475,45.946,11.725,6.083,394.625,60.458,ug/m3,CPCB / GPCB Continuous Ambient Air Quality Monitoring Station,OBSERVED_GROUND_DATA
GJ_VAD_01,Dandia Bazar / Nandesari CAAQMS,22.4125,73.0944,2023-12-10,30.692,44.742,12.225,5.929,380.708,64.333,ug/m3,CPCB / GPCB Continuous Ambient Air Quality Monitoring Station,OBSERVED_GROUND_DATA
GJ_VAD_01,Dandia Bazar / Nandesari CAAQMS,22.4125,73.0944,2023-12-11,31.654,45.917,15.067,7.392,422.375,70.375,ug/m3,CPCB / GPCB Continuous Ambient Air Quality Monitoring Station,OBSERVED_GROUND_DATA
GJ_VAD_01,Dandia Bazar / Nandesari CAAQMS,22.4125,73.0944,2023-12-12,32.308,46.887,14.471,7.429,436.708,70.292,ug/m3,CPCB / GPCB Continuous Ambient Air Quality Monitoring Station,OBSERVED_GROUND_DATA
GJ_VAD_01,Dandia Bazar / Nandesari CAAQMS,22.4125,73.0944,2023-12-13,31.217,44.317,10.717,7.388,369.417,75.0,ug/m3,CPCB / GPCB Continuous Ambient Air Quality Monitoring Station,OBSERVED_GROUND_DATA
GJ_VAD_01,Dandia Bazar / Nandesari CAAQMS,22.4125,73.0944,2023-12-14,31.708,50.45,11.2,7.754,356.042,78.708,ug/m3,CPCB / GPCB Continuous Ambient Air Quality Monitoring Station,OBSERVED_GROUND_DATA
GJ_VAD_01,Dandia Bazar / Nandesari CAAQMS,22.4125,73.0944,2023-12-15,36.833,61.367,10.812,8.658,366.667,83.667,ug/m3,CPCB / GPCB Continuous Ambient Air Quality Monitoring Station,OBSERVED_GROUND_DATA
GJ_VAD_01,Dandia Bazar / Nandesari CAAQMS,22.4125,73.0944,2023-12-16,48.633,71.325,14.079,8.083,423.458,74.792,ug/m3,CPCB / GPCB Continuous Ambient Air Quality Monitoring Station,OBSERVED_GROUND_DATA
GJ_VAD_01,Dandia Bazar / Nandesari CAAQMS,22.4125,73.0944,2023-12-17,42.221,62.192,11.962,7.221,404.5,67.125,ug/m3,CPCB / GPCB Continuous Ambient Air Quality Monitoring Station,OBSERVED_GROUND_DATA
GJ_VAD_01,Dandia Bazar / Nandesari CAAQMS,22.4125,73.0944,2023-12-18,25.638,38.079,8.112,6.933,294.917,78.792,ug/m3,CPCB / GPCB Continuous Ambient Air Quality Monitoring Station,OBSERVED_GROUND_DATA
GJ_VAD_01,Dandia Bazar / Nandesari CAAQMS,22.4125,73.0944,2023-12-19,31.575,48.542,7.942,8.737,344.458,84.958,ug/m3,CPCB / GPCB Continuous Ambient Air Quality Monitoring Station,OBSERVED_GROUND_DATA
GJ_VAD_01,Dandia Bazar / Nandesari CAAQMS,22.4125,73.0944,2023-12-20,30.817,46.317,8.812,8.642,391.375,84.0,ug/m3,CPCB / GPCB Continuous Ambient Air Quality Monitoring Station,OBSERVED_GROUND_DATA
GJ_VAD_01,Dandia Bazar / Nandesari CAAQMS,22.4125,73.0944,2023-12-21,28.142,41.825,13.504,8.154,422.25,72.75,ug/m3,CPCB / GPCB Continuous Ambient Air Quality Monitoring Station,OBSERVED_GROUND_DATA
GJ_VAD_01,Dandia Bazar / Nandesari CAAQMS,22.4125,73.0944,2023-12-22,29.275,43.271,17.246,11.5,474.417,75.458,ug/m3,CPCB / GPCB Continuous Ambient Air Quality Monitoring Station,OBSERVED_GROUND_DATA
GJ_VAD_01,Dandia Bazar / Nandesari CAAQMS,22.4125,73.0944,2023-12-23,29.713,43.762,17.512,9.771,498.25,75.083,ug/m3,CPCB / GPCB Continuous Ambient Air Quality Monitoring Station,OBSERVED_GROUND_DATA
GJ_VAD_01,Dandia Bazar / Nandesari CAAQMS,22.4125,73.0944,2023-12-24,37.838,56.438,11.429,9.792,467.917,84.917,ug/m3,CPCB / GPCB Continuous Ambient Air Quality Monitoring Station,OBSERVED_GROUND_DATA
GJ_VAD_01,Dandia Bazar / Nandesari CAAQMS,22.4125,73.0944,2023-12-25,51.633,77.225,13.6,10.583,566.958,90.667,ug/m3,CPCB / GPCB Continuous Ambient Air Quality Monitoring Station,OBSERVED_GROUND_DATA
GJ_VAD_01,Dandia Bazar / Nandesari CAAQMS,22.4125,73.0944,2023-12-26,66.167,99.746,21.208,13.912,691.458,85.708,ug/m3,CPCB / GPCB Continuous Ambient Air Quality Monitoring Station,OBSERVED_GROUND_DATA
GJ_VAD_01,Dandia Bazar / Nandesari CAAQMS,22.4125,73.0944,2023-12-27,71.875,109.417,20.558,12.321,741.375,84.25,ug/m3,CPCB / GPCB Continuous Ambient Air Quality Monitoring Station,OBSERVED_GROUND_DATA
GJ_VAD_01,Dandia Bazar / Nandesari CAAQMS,22.4125,73.0944,2023-12-28,60.854,94.696,11.896,11.45,546.625,89.5,ug/m3,CPCB / GPCB Continuous Ambient Air Quality Monitoring Station,OBSERVED_GROUND_DATA
GJ_VAD_01,Dandia Bazar / Nandesari CAAQMS,22.4125,73.0944,2023-12-29,71.75,112.217,20.858,15.408,662.917,94.958,ug/m3,CPCB / GPCB Continuous Ambient Air Quality Monitoring Station,OBSERVED_GROUND_DATA
GJ_VAD_01,Dandia Bazar / Nandesari CAAQMS,22.4125,73.0944,2023-12-30,72.342,112.054,18.258,14.342,678.542,85.542,ug/m3,CPCB / GPCB Continuous Ambient Air Quality Monitoring Station,OBSERVED_GROUND_DATA
GJ_VAD_01,Dandia Bazar / Nandesari CAAQMS,22.4125,73.0944,2023-12-31,72.712,112.25,16.421,14.588,672.375,82.958,ug/m3,CPCB / GPCB Continuous Ambient Air Quality Monitoring Station,OBSERVED_GROUND_DATA
GJ_VAD_01,Dandia Bazar / Nandesari CAAQMS,22.4125,73.0944,2024-01-01,68.808,105.046,16.542,12.746,685.167,73.792,ug/m3,CPCB / GPCB Continuous Ambient Air Quality Monitoring Station,OBSERVED_GROUND_DATA
GJ_VAD_01,Dandia Bazar / Nandesari CAAQMS,22.4125,73.0944,2024-01-02,72.729,109.746,13.079,12.446,651.583,76.417,ug/m3,CPCB / GPCB Continuous Ambient Air Quality Monitoring Station,OBSERVED_GROUND_DATA
GJ_VAD_01,Dandia Bazar / Nandesari CAAQMS,22.4125,73.0944,2024-01-03,60.242,90.421,12.367,9.654,586.792,70.208,ug/m3,CPCB / GPCB Continuous Ambient Air Quality Monitoring Station,OBSERVED_GROUND_DATA
GJ_VAD_01,Dandia Bazar / Nandesari CAAQMS,22.4125,73.0944,2024-01-04,60.204,91.429,8.608,9.108,509.333,81.75,ug/m3,CPCB / GPCB Continuous Ambient Air Quality Monitoring Station,OBSERVED_GROUND_DATA
GJ_VAD_01,Dandia Bazar / Nandesari CAAQMS,22.4125,73.0944,2024-01-05,56.358,84.417,9.283,7.212,552.0,72.5,ug/m3,CPCB / GPCB Continuous Ambient Air Quality Monitoring Station,OBSERVED_GROUND_DATA
GJ_VAD_01,Dandia Bazar / Nandesari CAAQMS,22.4125,73.0944,2024-01-06,49.85,74.842,7.954,8.033,501.042,78.75,ug/m3,CPCB / GPCB Continuous Ambient Air Quality Monitoring Station,OBSERVED_GROUND_DATA
GJ_VAD_01,Dandia Bazar / Nandesari CAAQMS,22.4125,73.0944,2024-01-07,50.95,77.358,7.663,7.704,456.542,78.0,ug/m3,CPCB / GPCB Continuous Ambient Air Quality Monitoring Station,OBSERVED_GROUND_DATA
GJ_VAD_01,Dandia Bazar / Nandesari CAAQMS,22.4125,73.0944,2024-01-08,61.225,94.0,9.0,11.542,520.042,81.333,ug/m3,CPCB / GPCB Continuous Ambient Air Quality Monitoring Station,OBSERVED_GROUND_DATA
GJ_VAD_01,Dandia Bazar / Nandesari CAAQMS,22.4125,73.0944,2024-01-09,66.721,101.283,8.271,10.987,543.708,79.292,ug/m3,CPCB / GPCB Continuous Ambient Air Quality Monitoring Station,OBSERVED_GROUND_DATA
GJ_VAD_01,Dandia Bazar / Nandesari CAAQMS,22.4125,73.0944,2024-01-10,53.192,80.275,8.192,11.596,529.667,83.333,ug/m3,CPCB / GPCB Continuous Ambient Air Quality Monitoring Station,OBSERVED_GROUND_DATA
GJ_VAD_01,Dandia Bazar / Nandesari CAAQMS,22.4125,73.0944,2024-01-11,43.092,64.679,9.229,8.938,515.375,84.417,ug/m3,CPCB / GPCB Continuous Ambient Air Quality Monitoring Station,OBSERVED_GROUND_DATA
GJ_VAD_01,Dandia Bazar / Nandesari CAAQMS,22.4125,73.0944,2024-01-12,38.721,57.921,10.833,10.029,521.458,89.458,ug/m3,CPCB / GPCB Continuous Ambient Air Quality Monitoring Station,OBSERVED_GROUND_DATA
GJ_VAD_01,Dandia Bazar / Nandesari CAAQMS,22.4125,73.0944,2024-01-13,36.517,54.042,16.642,13.346,518.458,76.708,ug/m3,CPCB / GPCB Continuous Ambient Air Quality Monitoring Station,OBSERVED_GROUND_DATA
GJ_VAD_01,Dandia Bazar / Nandesari CAAQMS,22.4125,73.0944,2024-01-14,30.133,43.858,26.963,12.408,542.417,61.292,ug/m3,CPCB / GPCB Continuous Ambient Air Quality Monitoring Station,OBSERVED_GROUND_DATA
GJ_VAD_01,Dandia Bazar / Nandesari CAAQMS,22.4125,73.0944,2024-01-15,36.042,52.183,29.275,12.125,639.083,63.417,ug/m3,CPCB / GPCB Continuous Ambient Air Quality Monitoring Station,OBSERVED_GROUND_DATA
GJ_VAD_01,Dandia Bazar / Nandesari CAAQMS,22.4125,73.0944,2024-01-16,49.917,72.883,29.25,18.771,697.208,78.875,ug/m3,CPCB / GPCB Continuous Ambient Air Quality Monitoring Station,OBSERVED_GROUND_DATA
GJ_VAD_01,Dandia Bazar / Nandesari CAAQMS,22.4125,73.0944,2024-01-17,49.171,79.446,27.654,18.492,661.125,75.917,ug/m3,CPCB / GPCB Continuous Ambient Air Quality Monitoring Station,OBSERVED_GROUND_DATA
GJ_VAD_01,Dandia Bazar / Nandesari CAAQMS,22.4125,73.0944,2024-01-18,43.975,68.325,24.067,10.654,612.042,68.958,ug/m3,CPCB / GPCB Continuous Ambient Air Quality Monitoring Station,OBSERVED_GROUND_DATA
GJ_VAD_01,Dandia Bazar / Nandesari CAAQMS,22.4125,73.0944,2024-01-19,36.821,56.771,8.833,8.183,410.417,93.958,ug/m3,CPCB / GPCB Continuous Ambient Air Quality Monitoring Station,OBSERVED_GROUND_DATA
GJ_VAD_01,Dandia Bazar / Nandesari CAAQMS,22.4125,73.0944,2024-01-20,28.8,43.875,11.146,8.338,422.375,85.292,ug/m3,CPCB / GPCB Continuous Ambient Air Quality Monitoring Station,OBSERVED_GROUND_DATA
GJ_VAD_01,Dandia Bazar / Nandesari CAAQMS,22.4125,73.0944,2024-01-21,33.812,51.754,11.458,9.571,442.75,84.25,ug/m3,CPCB / GPCB Continuous Ambient Air Quality Monitoring Station,OBSERVED_GROUND_DATA
GJ_VAD_01,Dandia Bazar / Nandesari CAAQMS,22.4125,73.0944,2024-01-22,29.379,44.771,12.429,7.725,415.667,82.833,ug/m3,CPCB / GPCB Continuous Ambient Air Quality Monitoring Station,OBSERVED_GROUND_DATA
GJ_VAD_01,Dandia Bazar / Nandesari CAAQMS,22.4125,73.0944,2024-01-23,25.846,40.446,16.142,6.917,429.667,71.542,ug/m3,CPCB / GPCB Continuous Ambient Air Quality Monitoring Station,OBSERVED_GROUND_DATA
GJ_VAD_01,Dandia Bazar / Nandesari CAAQMS,22.4125,73.0944,2024-01-24,30.658,50.196,20.037,7.933,505.542,68.042,ug/m3,CPCB / GPCB Continuous Ambient Air Quality Monitoring Station,OBSERVED_GROUND_DATA
GJ_VAD_01,Dandia Bazar / Nandesari CAAQMS,22.4125,73.0944,2024-01-25,31.917,50.258,20.375,7.988,492.458,71.583,ug/m3,CPCB / GPCB Continuous Ambient Air Quality Monitoring Station,OBSERVED_GROUND_DATA
GJ_VAD_01,Dandia Bazar / Nandesari CAAQMS,22.4125,73.0944,2024-01-26,27.142,41.304,15.938,8.0,397.542,74.417,ug/m3,CPCB / GPCB Continuous Ambient Air Quality Monitoring Station,OBSERVED_GROUND_DATA
GJ_VAD_01,Dandia Bazar / Nandesari CAAQMS,22.4125,73.0944,2024-01-27,33.304,51.158,16.0,10.317,427.625,82.292,ug/m3,CPCB / GPCB Continuous Ambient Air Quality Monitoring Station,OBSERVED_GROUND_DATA
GJ_VAD_01,Dandia Bazar / Nandesari CAAQMS,22.4125,73.0944,2024-01-28,39.446,60.567,20.333,13.742,505.5,83.75,ug/m3,CPCB / GPCB Continuous Ambient Air Quality Monitoring Station,OBSERVED_GROUND_DATA
GJ_VAD_01,Dandia Bazar / Nandesari CAAQMS,22.4125,73.0944,2024-01-29,41.629,64.108,21.0,12.746,558.667,80.917,ug/m3,CPCB / GPCB Continuous Ambient Air Quality Monitoring Station,OBSERVED_GROUND_DATA
GJ_VAD_01,Dandia Bazar / Nandesari CAAQMS,22.4125,73.0944,2024-01-30,49.912,79.325,25.404,11.242,665.875,73.167,ug/m3,CPCB / GPCB Continuous Ambient Air Quality Monitoring Station,OBSERVED_GROUND_DATA
GJ_VAD_01,Dandia Bazar / Nandesari CAAQMS,22.4125,73.0944,2024-01-31,48.004,82.5,28.875,13.929,689.167,71.375,ug/m3,CPCB / GPCB Continuous Ambient Air Quality Monitoring Station,OBSERVED_GROUND_DATA
GJ_VAD_01,Dandia Bazar / Nandesari CAAQMS,22.4125,73.0944,2024-02-01,44.792,81.008,37.883,14.829,741.542,51.167,ug/m3,CPCB / GPCB Continuous Ambient Air Quality Monitoring Station,OBSERVED_GROUND_DATA
GJ_VAD_01,Dandia Bazar / Nandesari CAAQMS,22.4125,73.0944,2024-02-02,36.467,63.538,31.921,12.796,686.292,55.583,ug/m3,CPCB / GPCB Continuous Ambient Air Quality Monitoring Station,OBSERVED_GROUND_DATA
GJ_VAD_01,Dandia Bazar / Nandesari CAAQMS,22.4125,73.0944,2024-02-03,28.963,49.942,19.812,8.221,464.583,69.625,ug/m3,CPCB / GPCB Continuous Ambient Air Quality Monitoring Station,OBSERVED_GROUND_DATA
GJ_VAD_01,Dandia Bazar / Nandesari CAAQMS,22.4125,73.0944,2024-02-04,29.304,57.938,19.004,13.854,487.5,79.167,ug/m3,CPCB / GPCB Continuous Ambient Air Quality Monitoring Station,OBSERVED_GROUND_DATA
GJ_VAD_01,Dandia Bazar / Nandesari CAAQMS,22.4125,73.0944,2024-02-05,33.654,76.804,22.267,11.212,490.042,58.875,ug/m3,CPCB / GPCB Continuous Ambient Air Quality Monitoring Station,OBSERVED_GROUND_DATA
GJ_VAD_01,Dandia Bazar / Nandesari CAAQMS,22.4125,73.0944,2024-02-06,33.367,82.583,14.842,9.458,378.5,72.333,ug/m3,CPCB / GPCB Continuous Ambient Air Quality Monitoring Station,OBSERVED_GROUND_DATA
GJ_VAD_01,Dandia Bazar / Nandesari CAAQMS,22.4125,73.0944,2024-02-07,33.887,78.279,16.992,10.454,444.167,74.625,ug/m3,CPCB / GPCB Continuous Ambient Air Quality Monitoring Station,OBSERVED_GROUND_DATA
GJ_VAD_01,Dandia Bazar / Nandesari CAAQMS,22.4125,73.0944,2024-02-08,33.558,57.829,9.171,9.958,351.0,86.0,ug/m3,CPCB / GPCB Continuous Ambient Air Quality Monitoring Station,OBSERVED_GROUND_DATA
GJ_VAD_01,Dandia Bazar / Nandesari CAAQMS,22.4125,73.0944,2024-02-09,19.012,30.283,9.133,6.854,328.458,89.708,ug/m3,CPCB / GPCB Continuous Ambient Air Quality Monitoring Station,OBSERVED_GROUND_DATA
GJ_VAD_01,Dandia Bazar / Nandesari CAAQMS,22.4125,73.0944,2024-02-10,20.104,30.012,9.021,7.9,335.0,90.5,ug/m3,CPCB / GPCB Continuous Ambient Air Quality Monitoring Station,OBSERVED_GROUND_DATA
GJ_VAD_01,Dandia Bazar / Nandesari CAAQMS,22.4125,73.0944,2024-02-11,27.412,40.912,8.796,8.717,342.583,96.542,ug/m3,CPCB / GPCB Continuous Ambient Air Quality Monitoring Station,OBSERVED_GROUND_DATA
GJ_VAD_01,Dandia Bazar / Nandesari CAAQMS,22.4125,73.0944,2024-02-12,41.612,62.625,12.046,10.496,426.667,97.708,ug/m3,CPCB / GPCB Continuous Ambient Air Quality Monitoring Station,OBSERVED_GROUND_DATA
GJ_VAD_01,Dandia Bazar / Nandesari CAAQMS,22.4125,73.0944,2024-02-13,60.971,91.788,13.675,11.979,510.708,86.875,ug/m3,CPCB / GPCB Continuous Ambient Air Quality Monitoring Station,OBSERVED_GROUND_DATA
GJ_VAD_01,Dandia Bazar / Nandesari CAAQMS,22.4125,73.0944,2024-02-14,49.121,72.95,13.379,10.025,503.0,90.208,ug/m3,CPCB / GPCB Continuous Ambient Air Quality Monitoring Station,OBSERVED_GROUND_DATA
GJ_VAD_01,Dandia Bazar / Nandesari CAAQMS,22.4125,73.0944,2024-02-15,53.025,82.925,8.929,8.1,414.208,90.083,ug/m3,CPCB / GPCB Continuous Ambient Air Quality Monitoring Station,OBSERVED_GROUND_DATA
GJ_VAD_01,Dandia Bazar / Nandesari CAAQMS,22.4125,73.0944,2024-02-16,49.333,74.875,8.379,8.242,402.083,91.792,ug/m3,CPCB / GPCB Continuous Ambient Air Quality Monitoring Station,OBSERVED_GROUND_DATA
GJ_VAD_01,Dandia Bazar / Nandesari CAAQMS,22.4125,73.0944,2024-02-17,40.067,60.304,10.833,9.683,423.458,87.5,ug/m3,CPCB / GPCB Continuous Ambient Air Quality Monitoring Station,OBSERVED_GROUND_DATA
GJ_VAD_01,Dandia Bazar / Nandesari CAAQMS,22.4125,73.0944,2024-02-18,35.788,53.371,22.404,10.0,534.208,74.5,ug/m3,CPCB / GPCB Continuous Ambient Air Quality Monitoring Station,OBSERVED_GROUND_DATA
GJ_VAD_01,Dandia Bazar / Nandesari CAAQMS,22.4125,73.0944,2024-02-19,27.596,40.729,29.229,9.796,584.458,45.25,ug/m3,CPCB / GPCB Continuous Ambient Air Quality Monitoring Station,OBSERVED_GROUND_DATA
GJ_VAD_01,Dandia Bazar / Nandesari CAAQMS,22.4125,73.0944,2024-02-20,21.317,34.838,21.192,10.263,420.75,54.042,ug/m3,CPCB / GPCB Continuous Ambient Air Quality Monitoring Station,OBSERVED_GROUND_DATA
GJ_VAD_01,Dandia Bazar / Nandesari CAAQMS,22.4125,73.0944,2024-02-21,21.183,55.592,15.842,9.483,331.917,63.583,ug/m3,CPCB / GPCB Continuous Ambient Air Quality Monitoring Station,OBSERVED_GROUND_DATA
GJ_VAD_01,Dandia Bazar / Nandesari CAAQMS,22.4125,73.0944,2024-02-22,18.875,49.729,15.117,10.967,321.833,69.875,ug/m3,CPCB / GPCB Continuous Ambient Air Quality Monitoring Station,OBSERVED_GROUND_DATA
GJ_VAD_01,Dandia Bazar / Nandesari CAAQMS,22.4125,73.0944,2024-02-23,24.575,45.758,20.2,7.971,467.917,72.958,ug/m3,CPCB / GPCB Continuous Ambient Air Quality Monitoring Station,OBSERVED_GROUND_DATA
GJ_VAD_01,Dandia Bazar / Nandesari CAAQMS,22.4125,73.0944,2024-02-24,20.179,36.771,18.838,7.854,449.917,80.708,ug/m3,CPCB / GPCB Continuous Ambient Air Quality Monitoring Station,OBSERVED_GROUND_DATA
GJ_VAD_01,Dandia Bazar / Nandesari CAAQMS,22.4125,73.0944,2024-02-25,15.138,25.938,9.95,5.479,308.75,90.375,ug/m3,CPCB / GPCB Continuous Ambient Air Quality Monitoring Station,OBSERVED_GROUND_DATA
GJ_VAD_01,Dandia Bazar / Nandesari CAAQMS,22.4125,73.0944,2024-02-26,32.65,50.004,11.175,9.042,371.875,94.625,ug/m3,CPCB / GPCB Continuous Ambient Air Quality Monitoring Station,OBSERVED_GROUND_DATA
GJ_VAD_01,Dandia Bazar / Nandesari CAAQMS,22.4125,73.0944,2024-02-27,48.954,74.375,13.475,12.025,464.5,98.75,ug/m3,CPCB / GPCB Continuous Ambient Air Quality Monitoring Station,OBSERVED_GROUND_DATA
GJ_VAD_01,Dandia Bazar / Nandesari CAAQMS,22.4125,73.0944,2024-02-28,35.217,53.712,10.767,8.425,418.542,92.042,ug/m3,CPCB / GPCB Continuous Ambient Air Quality Monitoring Station,OBSERVED_GROUND_DATA
GJ_VAD_01,Dandia Bazar / Nandesari CAAQMS,22.4125,73.0944,2024-02-29,29.746,50.329,15.812,8.796,461.917,94.75,ug/m3,CPCB / GPCB Continuous Ambient Air Quality Monitoring Station,OBSERVED_GROUND_DATA
GJ_VAD_01,Dandia Bazar / Nandesari CAAQMS,22.4125,73.0944,2024-03-01,39.833,62.392,14.912,16.179,508.0,96.5,ug/m3,CPCB / GPCB Continuous Ambient Air Quality Monitoring Station,OBSERVED_GROUND_DATA
GJ_VAD_01,Dandia Bazar / Nandesari CAAQMS,22.4125,73.0944,2024-03-02,21.721,36.533,10.962,7.779,296.333,66.25,ug/m3,CPCB / GPCB Continuous Ambient Air Quality Monitoring Station,OBSERVED_GROUND_DATA
GJ_VAD_01,Dandia Bazar / Nandesari CAAQMS,22.4125,73.0944,2024-03-03,15.425,32.1,12.433,9.992,287.75,85.625,ug/m3,CPCB / GPCB Continuous Ambient Air Quality Monitoring Station,OBSERVED_GROUND_DATA
GJ_VAD_01,Dandia Bazar / Nandesari CAAQMS,22.4125,73.0944,2024-03-04,23.371,42.296,17.213,10.904,411.458,84.375,ug/m3,CPCB / GPCB Continuous Ambient Air Quality Monitoring Station,OBSERVED_GROUND_DATA
GJ_VAD_01,Dandia Bazar / Nandesari CAAQMS,22.4125,73.0944,2024-03-05,21.554,32.446,13.658,9.158,399.375,89.583,ug/m3,CPCB / GPCB Continuous Ambient Air Quality Monitoring Station,OBSERVED_GROUND_DATA
GJ_VAD_01,Dandia Bazar / Nandesari CAAQMS,22.4125,73.0944,2024-03-06,24.971,36.533,16.371,12.208,447.417,91.792,ug/m3,CPCB / GPCB Continuous Ambient Air Quality Monitoring Station,OBSERVED_GROUND_DATA
GJ_VAD_01,Dandia Bazar / Nandesari CAAQMS,22.4125,73.0944,2024-03-07,24.092,48.1,16.333,10.108,427.417,88.667,ug/m3,CPCB / GPCB Continuous Ambient Air Quality Monitoring Station,OBSERVED_GROUND_DATA
GJ_VAD_01,Dandia Bazar / Nandesari CAAQMS,22.4125,73.0944,2024-03-08,20.275,36.921,15.975,8.712,403.833,82.667,ug/m3,CPCB / GPCB Continuous Ambient Air Quality Monitoring Station,OBSERVED_GROUND_DATA
GJ_VAD_01,Dandia Bazar / Nandesari CAAQMS,22.4125,73.0944,2024-03-09,18.067,30.904,14.475,9.171,371.417,95.083,ug/m3,CPCB / GPCB Continuous Ambient Air Quality Monitoring Station,OBSERVED_GROUND_DATA
GJ_VAD_01,Dandia Bazar / Nandesari CAAQMS,22.4125,73.0944,2024-03-10,35.308,54.012,25.333,15.975,599.542,98.458,ug/m3,CPCB / GPCB Continuous Ambient Air Quality Monitoring Station,OBSERVED_GROUND_DATA
GJ_VAD_01,Dandia Bazar / Nandesari CAAQMS,22.4125,73.0944,2024-03-11,36.117,60.554,26.617,14.8,609.0,90.375,ug/m3,CPCB / GPCB Continuous Ambient Air Quality Monitoring Station,OBSERVED_GROUND_DATA
GJ_VAD_01,Dandia Bazar / Nandesari CAAQMS,22.4125,73.0944,2024-03-12,19.138,38.042,16.808,9.258,371.542,71.833,ug/m3,CPCB / GPCB Continuous Ambient Air Quality Monitoring Station,OBSERVED_GROUND_DATA
GJ_VAD_01,Dandia Bazar / Nandesari CAAQMS,22.4125,73.0944,2024-03-13,21.471,41.225,19.675,10.263,388.167,66.917,ug/m3,CPCB / GPCB Continuous Ambient Air Quality Monitoring Station,OBSERVED_GROUND_DATA
GJ_VAD_01,Dandia Bazar / Nandesari CAAQMS,22.4125,73.0944,2024-03-14,25.225,54.854,19.733,9.763,382.417,80.208,ug/m3,CPCB / GPCB Continuous Ambient Air Quality Monitoring Station,OBSERVED_GROUND_DATA
GJ_VAD_01,Dandia Bazar / Nandesari CAAQMS,22.4125,73.0944,2024-03-15,37.542,74.917,25.517,16.612,538.333,93.958,ug/m3,CPCB / GPCB Continuous Ambient Air Quality Monitoring Station,OBSERVED_GROUND_DATA
GJ_VAD_01,Dandia Bazar / Nandesari CAAQMS,22.4125,73.0944,2024-03-16,46.067,83.896,34.908,16.258,720.958,91.542,ug/m3,CPCB / GPCB Continuous Ambient Air Quality Monitoring Station,OBSERVED_GROUND_DATA
GJ_VAD_01,Dandia Bazar / Nandesari CAAQMS,22.4125,73.0944,2024-03-17,37.283,60.729,27.008,13.392,609.167,88.417,ug/m3,CPCB / GPCB Continuous Ambient Air Quality Monitoring Station,OBSERVED_GROUND_DATA
GJ_VAD_01,Dandia Bazar / Nandesari CAAQMS,22.4125,73.0944,2024-03-18,37.092,60.188,23.921,14.971,573.75,82.75,ug/m3,CPCB / GPCB Continuous Ambient Air Quality Monitoring Station,OBSERVED_GROUND_DATA
GJ_VAD_01,Dandia Bazar / Nandesari CAAQMS,22.4125,73.0944,2024-03-19,17.383,27.892,19.454,7.767,416.375,81.167,ug/m3,CPCB / GPCB Continuous Ambient Air Quality Monitoring Station,OBSERVED_GROUND_DATA
GJ_VAD_01,Dandia Bazar / Nandesari CAAQMS,22.4125,73.0944,2024-03-20,30.054,57.558,30.571,12.633,607.917,85.208,ug/m3,CPCB / GPCB Continuous Ambient Air Quality Monitoring Station,OBSERVED_GROUND_DATA
GJ_VAD_01,Dandia Bazar / Nandesari CAAQMS,22.4125,73.0944,2024-03-21,38.7,67.179,36.85,14.513,750.0,93.833,ug/m3,CPCB / GPCB Continuous Ambient Air Quality Monitoring Station,OBSERVED_GROUND_DATA
GJ_VAD_01,Dandia Bazar / Nandesari CAAQMS,22.4125,73.0944,2024-03-22,40.662,72.775,37.025,14.504,729.125,87.5,ug/m3,CPCB / GPCB Continuous Ambient Air Quality Monitoring Station,OBSERVED_GROUND_DATA
GJ_VAD_01,Dandia Bazar / Nandesari CAAQMS,22.4125,73.0944,2024-03-23,34.133,60.283,33.633,13.371,643.708,78.667,ug/m3,CPCB / GPCB Continuous Ambient Air Quality Monitoring Station,OBSERVED_GROUND_DATA
GJ_VAD_01,Dandia Bazar / Nandesari CAAQMS,22.4125,73.0944,2024-03-24,31.646,60.846,28.35,13.346,525.042,64.292,ug/m3,CPCB / GPCB Continuous Ambient Air Quality Monitoring Station,OBSERVED_GROUND_DATA
GJ_VAD_01,Dandia Bazar / Nandesari CAAQMS,22.4125,73.0944,2024-03-25,31.654,55.571,32.979,14.888,602.958,79.208,ug/m3,CPCB / GPCB Continuous Ambient Air Quality Monitoring Station,OBSERVED_GROUND_DATA
GJ_VAD_01,Dandia Bazar / Nandesari CAAQMS,22.4125,73.0944,2024-03-26,35.283,62.85,35.325,15.521,645.375,81.292,ug/m3,CPCB / GPCB Continuous Ambient Air Quality Monitoring Station,OBSERVED_GROUND_DATA
GJ_VAD_01,Dandia Bazar / Nandesari CAAQMS,22.4125,73.0944,2024-03-27,38.967,69.608,34.637,16.058,658.5,94.958,ug/m3,CPCB / GPCB Continuous Ambient Air Quality Monitoring Station,OBSERVED_GROUND_DATA
GJ_VAD_01,Dandia Bazar / Nandesari CAAQMS,22.4125,73.0944,2024-03-28,33.896,61.688,29.017,18.054,532.458,77.375,ug/m3,CPCB / GPCB Continuous Ambient Air Quality Monitoring Station,OBSERVED_GROUND_DATA
GJ_VAD_01,Dandia Bazar / Nandesari CAAQMS,22.4125,73.0944,2024-03-29,32.254,60.9,30.892,13.146,528.25,75.375,ug/m3,CPCB / GPCB Continuous Ambient Air Quality Monitoring Station,OBSERVED_GROUND_DATA
GJ_VAD_01,Dandia Bazar / Nandesari CAAQMS,22.4125,73.0944,2024-03-30,30.792,59.871,26.979,11.45,480.625,69.542,ug/m3,CPCB / GPCB Continuous Ambient Air Quality Monitoring Station,OBSERVED_GROUND_DATA
GJ_VAD_01,Dandia Bazar / Nandesari CAAQMS,22.4125,73.0944,2024-03-31,24.662,43.571,25.379,11.333,440.542,75.5,ug/m3,CPCB / GPCB Continuous Ambient Air Quality Monitoring Station,OBSERVED_GROUND_DATA
GJ_VAD_01,Dandia Bazar / Nandesari CAAQMS,22.4125,73.0944,2024-04-01,40.817,82.608,29.575,12.508,534.0,78.083,ug/m3,CPCB / GPCB Continuous Ambient Air Quality Monitoring Station,OBSERVED_GROUND_DATA
GJ_VAD_01,Dandia Bazar / Nandesari CAAQMS,22.4125,73.0944,2024-04-02,39.871,77.467,24.862,16.979,467.375,85.75,ug/m3,CPCB / GPCB Continuous Ambient Air Quality Monitoring Station,OBSERVED_GROUND_DATA
GJ_VAD_01,Dandia Bazar / Nandesari CAAQMS,22.4125,73.0944,2024-04-03,32.225,61.571,31.671,13.225,529.667,74.0,ug/m3,CPCB / GPCB Continuous Ambient Air Quality Monitoring Station,OBSERVED_GROUND_DATA
GJ_VAD_01,Dandia Bazar / Nandesari CAAQMS,22.4125,73.0944,2024-04-04,27.812,54.846,22.25,12.825,414.083,76.333,ug/m3,CPCB / GPCB Continuous Ambient Air Quality Monitoring Station,OBSERVED_GROUND_DATA
GJ_VAD_01,Dandia Bazar / Nandesari CAAQMS,22.4125,73.0944,2024-04-05,24.242,56.921,19.95,10.446,367.833,83.458,ug/m3,CPCB / GPCB Continuous Ambient Air Quality Monitoring Station,OBSERVED_GROUND_DATA
GJ_VAD_01,Dandia Bazar / Nandesari CAAQMS,22.4125,73.0944,2024-04-06,26.592,63.387,18.071,10.446,331.042,83.542,ug/m3,CPCB / GPCB Continuous Ambient Air Quality Monitoring Station,OBSERVED_GROUND_DATA
GJ_VAD_01,Dandia Bazar / Nandesari CAAQMS,22.4125,73.0944,2024-04-07,23.104,48.137,23.692,9.717,413.333,81.375,ug/m3,CPCB / GPCB Continuous Ambient Air Quality Monitoring Station,OBSERVED_GROUND_DATA
GJ_VAD_01,Dandia Bazar / Nandesari CAAQMS,22.4125,73.0944,2024-04-08,24.796,44.6,21.846,12.979,451.167,93.458,ug/m3,CPCB / GPCB Continuous Ambient Air Quality Monitoring Station,OBSERVED_GROUND_DATA
GJ_VAD_01,Dandia Bazar / Nandesari CAAQMS,22.4125,73.0944,2024-04-09,30.471,52.988,18.95,15.283,474.208,105.208,ug/m3,CPCB / GPCB Continuous Ambient Air Quality Monitoring Station,OBSERVED_GROUND_DATA
GJ_VAD_01,Dandia Bazar / Nandesari CAAQMS,22.4125,73.0944,2024-04-10,33.421,58.121,17.446,20.229,424.417,101.333,ug/m3,CPCB / GPCB Continuous Ambient Air Quality Monitoring Station,OBSERVED_GROUND_DATA
GJ_VAD_01,Dandia Bazar / Nandesari CAAQMS,22.4125,73.0944,2024-04-11,33.196,57.704,12.075,17.588,351.833,103.833,ug/m3,CPCB / GPCB Continuous Ambient Air Quality Monitoring Station,OBSERVED_GROUND_DATA
GJ_VAD_01,Dandia Bazar / Nandesari CAAQMS,22.4125,73.0944,2024-04-12,29.838,49.008,12.612,21.929,329.458,90.917,ug/m3,CPCB / GPCB Continuous Ambient Air Quality Monitoring Station,OBSERVED_GROUND_DATA
GJ_VAD_01,Dandia Bazar / Nandesari CAAQMS,22.4125,73.0944,2024-04-13,21.275,35.696,11.933,19.579,271.375,88.667,ug/m3,CPCB / GPCB Continuous Ambient Air Quality Monitoring Station,OBSERVED_GROUND_DATA
GJ_VAD_01,Dandia Bazar / Nandesari CAAQMS,22.4125,73.0944,2024-04-14,19.646,38.896,12.658,16.2,274.25,85.792,ug/m3,CPCB / GPCB Continuous Ambient Air Quality Monitoring Station,OBSERVED_GROUND_DATA
GJ_VAD_01,Dandia Bazar / Nandesari CAAQMS,22.4125,73.0944,2024-04-15,24.262,51.6,9.796,6.221,263.75,90.375,ug/m3,CPCB / GPCB Continuous Ambient Air Quality Monitoring Station,OBSERVED_GROUND_DATA
GJ_VAD_01,Dandia Bazar / Nandesari CAAQMS,22.4125,73.0944,2024-04-16,18.004,42.654,11.458,6.796,265.5,79.292,ug/m3,CPCB / GPCB Continuous Ambient Air Quality Monitoring Station,OBSERVED_GROUND_DATA
GJ_VAD_01,Dandia Bazar / Nandesari CAAQMS,22.4125,73.0944,2024-04-17,15.342,33.042,13.733,7.233,294.292,84.75,ug/m3,CPCB / GPCB Continuous Ambient Air Quality Monitoring Station,OBSERVED_GROUND_DATA
GJ_VAD_01,Dandia Bazar / Nandesari CAAQMS,22.4125,73.0944,2024-04-18,15.062,26.317,14.075,8.258,292.833,83.333,ug/m3,CPCB / GPCB Continuous Ambient Air Quality Monitoring Station,OBSERVED_GROUND_DATA
GJ_VAD_01,Dandia Bazar / Nandesari CAAQMS,22.4125,73.0944,2024-04-19,23.762,63.583,11.417,7.517,241.0,75.458,ug/m3,CPCB / GPCB Continuous Ambient Air Quality Monitoring Station,OBSERVED_GROUND_DATA
GJ_VAD_01,Dandia Bazar / Nandesari CAAQMS,22.4125,73.0944,2024-04-20,16.071,30.275,11.962,8.533,258.833,100.667,ug/m3,CPCB / GPCB Continuous Ambient Air Quality Monitoring Station,OBSERVED_GROUND_DATA
GJ_VAD_01,Dandia Bazar / Nandesari CAAQMS,22.4125,73.0944,2024-04-21,20.521,36.775,18.729,9.15,342.208,88.833,ug/m3,CPCB / GPCB Continuous Ambient Air Quality Monitoring Station,OBSERVED_GROUND_DATA
GJ_VAD_01,Dandia Bazar / Nandesari CAAQMS,22.4125,73.0944,2024-04-22,21.304,36.008,22.533,11.183,409.458,81.125,ug/m3,CPCB / GPCB Continuous Ambient Air Quality Monitoring Station,OBSERVED_GROUND_DATA
GJ_VAD_01,Dandia Bazar / Nandesari CAAQMS,22.4125,73.0944,2024-04-23,25.287,49.233,24.008,12.192,424.0,80.0,ug/m3,CPCB / GPCB Continuous Ambient Air Quality Monitoring Station,OBSERVED_GROUND_DATA
GJ_VAD_01,Dandia Bazar / Nandesari CAAQMS,22.4125,73.0944,2024-04-24,31.421,53.508,33.788,14.133,579.625,85.292,ug/m3,CPCB / GPCB Continuous Ambient Air Quality Monitoring Station,OBSERVED_GROUND_DATA
GJ_VAD_01,Dandia Bazar / Nandesari CAAQMS,22.4125,73.0944,2024-04-25,24.517,40.758,17.537,10.938,386.083,92.208,ug/m3,CPCB / GPCB Continuous Ambient Air Quality Monitoring Station,OBSERVED_GROUND_DATA
GJ_VAD_01,Dandia Bazar / Nandesari CAAQMS,22.4125,73.0944,2024-04-26,27.971,46.425,17.383,11.362,375.5,95.833,ug/m3,CPCB / GPCB Continuous Ambient Air Quality Monitoring Station,OBSERVED_GROUND_DATA
GJ_VAD_01,Dandia Bazar / Nandesari CAAQMS,22.4125,73.0944,2024-04-27,32.512,69.638,23.0,10.888,463.333,81.458,ug/m3,CPCB / GPCB Continuous Ambient Air Quality Monitoring Station,OBSERVED_GROUND_DATA
GJ_VAD_01,Dandia Bazar / Nandesari CAAQMS,22.4125,73.0944,2024-04-28,26.992,62.208,25.975,10.779,455.167,84.083,ug/m3,CPCB / GPCB Continuous Ambient Air Quality Monitoring Station,OBSERVED_GROUND_DATA
GJ_VAD_01,Dandia Bazar / Nandesari CAAQMS,22.4125,73.0944,2024-04-29,19.521,47.35,17.508,9.308,315.583,84.417,ug/m3,CPCB / GPCB Continuous Ambient Air Quality Monitoring Station,OBSERVED_GROUND_DATA
GJ_VAD_01,Dandia Bazar / Nandesari CAAQMS,22.4125,73.0944,2024-04-30,24.162,69.675,16.025,8.208,329.417,93.583,ug/m3,CPCB / GPCB Continuous Ambient Air Quality Monitoring Station,OBSERVED_GROUND_DATA
GJ_VAD_01,Dandia Bazar / Nandesari CAAQMS,22.4125,73.0944,2024-05-01,22.175,56.779,15.325,9.592,320.958,106.625,ug/m3,CPCB / GPCB Continuous Ambient Air Quality Monitoring Station,OBSERVED_GROUND_DATA
GJ_VAD_01,Dandia Bazar / Nandesari CAAQMS,22.4125,73.0944,2024-05-02,31.746,65.888,27.442,11.987,541.083,107.25,ug/m3,CPCB / GPCB Continuous Ambient Air Quality Monitoring Station,OBSERVED_GROUND_DATA
GJ_VAD_01,Dandia Bazar / Nandesari CAAQMS,22.4125,73.0944,2024-05-03,34.817,66.325,26.192,15.138,537.667,110.667,ug/m3,CPCB / GPCB Continuous Ambient Air Quality Monitoring Station,OBSERVED_GROUND_DATA
GJ_VAD_01,Dandia Bazar / Nandesari CAAQMS,22.4125,73.0944,2024-05-04,21.558,39.971,14.433,11.221,311.167,73.625,ug/m3,CPCB / GPCB Continuous Ambient Air Quality Monitoring Station,OBSERVED_GROUND_DATA
GJ_VAD_01,Dandia Bazar / Nandesari CAAQMS,22.4125,73.0944,2024-05-05,18.479,42.525,14.583,8.521,270.542,70.5,ug/m3,CPCB / GPCB Continuous Ambient Air Quality Monitoring Station,OBSERVED_GROUND_DATA
GJ_VAD_01,Dandia Bazar / Nandesari CAAQMS,22.4125,73.0944,2024-05-06,21.121,51.554,13.417,9.883,266.333,84.708,ug/m3,CPCB / GPCB Continuous Ambient Air Quality Monitoring Station,OBSERVED_GROUND_DATA
GJ_VAD_01,Dandia Bazar / Nandesari CAAQMS,22.4125,73.0944,2024-05-07,18.425,48.8,12.575,14.833,261.958,78.708,ug/m3,CPCB / GPCB Continuous Ambient Air Quality Monitoring Station,OBSERVED_GROUND_DATA
GJ_VAD_01,Dandia Bazar / Nandesari CAAQMS,22.4125,73.0944,2024-05-08,15.612,36.354,10.604,17.4,223.292,86.792,ug/m3,CPCB / GPCB Continuous Ambient Air Quality Monitoring Station,OBSERVED_GROUND_DATA
GJ_VAD_01,Dandia Bazar / Nandesari CAAQMS,22.4125,73.0944,2024-05-09,15.621,32.15,10.929,12.921,234.542,78.75,ug/m3,CPCB / GPCB Continuous Ambient Air Quality Monitoring Station,OBSERVED_GROUND_DATA
GJ_VAD_01,Dandia Bazar / Nandesari CAAQMS,22.4125,73.0944,2024-05-10,13.821,25.708,9.646,12.571,204.333,67.75,ug/m3,CPCB / GPCB Continuous Ambient Air Quality Monitoring Station,OBSERVED_GROUND_DATA
GJ_VAD_01,Dandia Bazar / Nandesari CAAQMS,22.4125,73.0944,2024-05-11,19.146,35.683,13.754,13.646,279.792,79.583,ug/m3,CPCB / GPCB Continuous Ambient Air Quality Monitoring Station,OBSERVED_GROUND_DATA
GJ_VAD_01,Dandia Bazar / Nandesari CAAQMS,22.4125,73.0944,2024-05-12,25.108,46.304,14.183,10.633,313.625,85.792,ug/m3,CPCB / GPCB Continuous Ambient Air Quality Monitoring Station,OBSERVED_GROUND_DATA
GJ_VAD_01,Dandia Bazar / Nandesari CAAQMS,22.4125,73.0944,2024-05-13,25.45,45.383,11.704,11.517,288.625,99.333,ug/m3,CPCB / GPCB Continuous Ambient Air Quality Monitoring Station,OBSERVED_GROUND_DATA
GJ_VAD_01,Dandia Bazar / Nandesari CAAQMS,22.4125,73.0944,2024-05-14,33.396,58.183,18.192,9.775,408.0,98.75,ug/m3,CPCB / GPCB Continuous Ambient Air Quality Monitoring Station,OBSERVED_GROUND_DATA
GJ_VAD_01,Dandia Bazar / Nandesari CAAQMS,22.4125,73.0944,2024-05-15,27.583,50.846,12.575,5.167,332.833,107.75,ug/m3,CPCB / GPCB Continuous Ambient Air Quality Monitoring Station,OBSERVED_GROUND_DATA
GJ_VAD_01,Dandia Bazar / Nandesari CAAQMS,22.4125,73.0944,2024-05-16,33.746,63.404,18.95,9.212,431.958,118.417,ug/m3,CPCB / GPCB Continuous Ambient Air Quality Monitoring Station,OBSERVED_GROUND_DATA
GJ_VAD_01,Dandia Bazar / Nandesari CAAQMS,22.4125,73.0944,2024-05-17,35.925,60.962,22.067,13.879,471.0,112.75,ug/m3,CPCB / GPCB Continuous Ambient Air Quality Monitoring Station,OBSERVED_GROUND_DATA
GJ_VAD_01,Dandia Bazar / Nandesari CAAQMS,22.4125,73.0944,2024-05-18,33.15,57.262,15.746,15.854,379.125,114.875,ug/m3,CPCB / GPCB Continuous Ambient Air Quality Monitoring Station,OBSERVED_GROUND_DATA
GJ_VAD_01,Dandia Bazar / Nandesari CAAQMS,22.4125,73.0944,2024-05-19,24.95,45.488,14.379,10.688,335.625,101.958,ug/m3,CPCB / GPCB Continuous Ambient Air Quality Monitoring Station,OBSERVED_GROUND_DATA
GJ_VAD_01,Dandia Bazar / Nandesari CAAQMS,22.4125,73.0944,2024-05-20,17.375,33.167,9.85,7.679,252.667,100.625,ug/m3,CPCB / GPCB Continuous Ambient Air Quality Monitoring Station,OBSERVED_GROUND_DATA
GJ_VAD_01,Dandia Bazar / Nandesari CAAQMS,22.4125,73.0944,2024-05-21,21.8,52.221,18.588,10.175,325.042,84.333,ug/m3,CPCB / GPCB Continuous Ambient Air Quality Monitoring Station,OBSERVED_GROUND_DATA
GJ_VAD_01,Dandia Bazar / Nandesari CAAQMS,22.4125,73.0944,2024-05-22,26.192,59.65,18.688,10.621,357.292,90.917,ug/m3,CPCB / GPCB Continuous Ambient Air Quality Monitoring Station,OBSERVED_GROUND_DATA
GJ_VAD_01,Dandia Bazar / Nandesari CAAQMS,22.4125,73.0944,2024-05-23,19.088,40.288,11.342,10.192,259.542,89.875,ug/m3,CPCB / GPCB Continuous Ambient Air Quality Monitoring Station,OBSERVED_GROUND_DATA
GJ_VAD_01,Dandia Bazar / Nandesari CAAQMS,22.4125,73.0944,2024-05-24,16.958,34.104,9.675,8.908,230.792,94.583,ug/m3,CPCB / GPCB Continuous Ambient Air Quality Monitoring Station,OBSERVED_GROUND_DATA
GJ_VAD_01,Dandia Bazar / Nandesari CAAQMS,22.4125,73.0944,2024-05-25,17.783,35.196,9.475,11.571,193.417,94.292,ug/m3,CPCB / GPCB Continuous Ambient Air Quality Monitoring Station,OBSERVED_GROUND_DATA
GJ_VAD_01,Dandia Bazar / Nandesari CAAQMS,22.4125,73.0944,2024-05-26,19.583,38.425,9.933,12.875,193.708,83.375,ug/m3,CPCB / GPCB Continuous Ambient Air Quality Monitoring Station,OBSERVED_GROUND_DATA
GJ_VAD_01,Dandia Bazar / Nandesari CAAQMS,22.4125,73.0944,2024-05-27,18.779,35.283,8.162,11.608,172.25,73.583,ug/m3,CPCB / GPCB Continuous Ambient Air Quality Monitoring Station,OBSERVED_GROUND_DATA
GJ_VAD_01,Dandia Bazar / Nandesari CAAQMS,22.4125,73.0944,2024-05-28,17.271,37.383,5.729,7.483,146.042,67.583,ug/m3,CPCB / GPCB Continuous Ambient Air Quality Monitoring Station,OBSERVED_GROUND_DATA
GJ_VAD_01,Dandia Bazar / Nandesari CAAQMS,22.4125,73.0944,2024-05-29,17.467,39.458,4.817,6.183,134.25,65.333,ug/m3,CPCB / GPCB Continuous Ambient Air Quality Monitoring Station,OBSERVED_GROUND_DATA
GJ_VAD_01,Dandia Bazar / Nandesari CAAQMS,22.4125,73.0944,2024-05-30,15.308,44.092,5.087,6.812,126.625,64.333,ug/m3,CPCB / GPCB Continuous Ambient Air Quality Monitoring Station,OBSERVED_GROUND_DATA
GJ_VAD_01,Dandia Bazar / Nandesari CAAQMS,22.4125,73.0944,2024-05-31,13.596,33.167,5.888,7.567,137.5,64.583,ug/m3,CPCB / GPCB Continuous Ambient Air Quality Monitoring Station,OBSERVED_GROUND_DATA
GJ_VAD_01,Dandia Bazar / Nandesari CAAQMS,22.4125,73.0944,2024-06-01,13.429,33.262,6.396,8.946,157.292,62.542,ug/m3,CPCB / GPCB Continuous Ambient Air Quality Monitoring Station,OBSERVED_GROUND_DATA
GJ_VAD_01,Dandia Bazar / Nandesari CAAQMS,22.4125,73.0944,2024-06-02,14.025,44.2,7.788,8.058,178.625,65.375,ug/m3,CPCB / GPCB Continuous Ambient Air Quality Monitoring Station,OBSERVED_GROUND_DATA
GJ_VAD_01,Dandia Bazar / Nandesari CAAQMS,22.4125,73.0944,2024-06-03,19.412,58.508,8.408,12.308,181.0,64.042,ug/m3,CPCB / GPCB Continuous Ambient Air Quality Monitoring Station,OBSERVED_GROUND_DATA
GJ_VAD_01,Dandia Bazar / Nandesari CAAQMS,22.4125,73.0944,2024-06-04,17.621,49.854,7.65,10.446,166.333,63.083,ug/m3,CPCB / GPCB Continuous Ambient Air Quality Monitoring Station,OBSERVED_GROUND_DATA
GJ_VAD_01,Dandia Bazar / Nandesari CAAQMS,22.4125,73.0944,2024-06-05,16.254,42.225,7.946,9.317,155.708,57.833,ug/m3,CPCB / GPCB Continuous Ambient Air Quality Monitoring Station,OBSERVED_GROUND_DATA
GJ_VAD_01,Dandia Bazar / Nandesari CAAQMS,22.4125,73.0944,2024-06-06,18.525,40.133,10.442,10.942,187.833,71.625,ug/m3,CPCB / GPCB Continuous Ambient Air Quality Monitoring Station,OBSERVED_GROUND_DATA
GJ_VAD_01,Dandia Bazar / Nandesari CAAQMS,22.4125,73.0944,2024-06-07,21.417,44.863,8.675,11.979,184.25,79.917,ug/m3,CPCB / GPCB Continuous Ambient Air Quality Monitoring Station,OBSERVED_GROUND_DATA
GJ_VAD_01,Dandia Bazar / Nandesari CAAQMS,22.4125,73.0944,2024-06-08,22.65,47.375,8.5,12.421,192.292,77.458,ug/m3,CPCB / GPCB Continuous Ambient Air Quality Monitoring Station,OBSERVED_GROUND_DATA
GJ_VAD_01,Dandia Bazar / Nandesari CAAQMS,22.4125,73.0944,2024-06-09,22.671,50.579,9.65,16.287,191.75,77.958,ug/m3,CPCB / GPCB Continuous Ambient Air Quality Monitoring Station,OBSERVED_GROUND_DATA
GJ_VAD_01,Dandia Bazar / Nandesari CAAQMS,22.4125,73.0944,2024-06-10,23.921,58.417,9.567,15.033,179.708,72.208,ug/m3,CPCB / GPCB Continuous Ambient Air Quality Monitoring Station,OBSERVED_GROUND_DATA
GJ_VAD_01,Dandia Bazar / Nandesari CAAQMS,22.4125,73.0944,2024-06-11,20.554,43.883,8.879,12.779,168.208,71.625,ug/m3,CPCB / GPCB Continuous Ambient Air Quality Monitoring Station,OBSERVED_GROUND_DATA
GJ_VAD_01,Dandia Bazar / Nandesari CAAQMS,22.4125,73.0944,2024-06-12,17.225,36.475,7.625,9.583,168.875,62.75,ug/m3,CPCB / GPCB Continuous Ambient Air Quality Monitoring Station,OBSERVED_GROUND_DATA
GJ_VAD_01,Dandia Bazar / Nandesari CAAQMS,22.4125,73.0944,2024-06-13,13.1,28.675,6.8,9.046,160.25,59.958,ug/m3,CPCB / GPCB Continuous Ambient Air Quality Monitoring Station,OBSERVED_GROUND_DATA
GJ_VAD_01,Dandia Bazar / Nandesari CAAQMS,22.4125,73.0944,2024-06-14,13.696,29.017,6.521,9.5,153.208,61.25,ug/m3,CPCB / GPCB Continuous Ambient Air Quality Monitoring Station,OBSERVED_GROUND_DATA
GJ_VAD_01,Dandia Bazar / Nandesari CAAQMS,22.4125,73.0944,2024-06-15,16.842,40.521,6.896,10.242,154.333,60.875,ug/m3,CPCB / GPCB Continuous Ambient Air Quality Monitoring Station,OBSERVED_GROUND_DATA
GJ_VAD_01,Dandia Bazar / Nandesari CAAQMS,22.4125,73.0944,2024-06-16,17.542,46.988,6.946,10.633,150.917,63.667,ug/m3,CPCB / GPCB Continuous Ambient Air Quality Monitoring Station,OBSERVED_GROUND_DATA
GJ_VAD_01,Dandia Bazar / Nandesari CAAQMS,22.4125,73.0944,2024-06-17,19.638,45.633,7.533,12.125,158.833,58.958,ug/m3,CPCB / GPCB Continuous Ambient Air Quality Monitoring Station,OBSERVED_GROUND_DATA
GJ_VAD_01,Dandia Bazar / Nandesari CAAQMS,22.4125,73.0944,2024-06-18,15.575,33.688,7.029,11.342,157.0,60.667,ug/m3,CPCB / GPCB Continuous Ambient Air Quality Monitoring Station,OBSERVED_GROUND_DATA
GJ_VAD_01,Dandia Bazar / Nandesari CAAQMS,22.4125,73.0944,2024-06-19,14.833,34.567,7.0,10.633,156.042,55.875,ug/m3,CPCB / GPCB Continuous Ambient Air Quality Monitoring Station,OBSERVED_GROUND_DATA
GJ_VAD_01,Dandia Bazar / Nandesari CAAQMS,22.4125,73.0944,2024-06-20,15.275,42.529,7.204,11.571,150.583,59.833,ug/m3,CPCB / GPCB Continuous Ambient Air Quality Monitoring Station,OBSERVED_GROUND_DATA
GJ_VAD_01,Dandia Bazar / Nandesari CAAQMS,22.4125,73.0944,2024-06-21,17.004,52.354,6.754,9.725,144.208,54.708,ug/m3,CPCB / GPCB Continuous Ambient Air Quality Monitoring Station,OBSERVED_GROUND_DATA
GJ_VAD_01,Dandia Bazar / Nandesari CAAQMS,22.4125,73.0944,2024-06-22,18.546,66.046,7.617,10.358,150.917,56.125,ug/m3,CPCB / GPCB Continuous Ambient Air Quality Monitoring Station,OBSERVED_GROUND_DATA
GJ_VAD_01,Dandia Bazar / Nandesari CAAQMS,22.4125,73.0944,2024-06-23,27.521,75.117,11.492,16.508,199.0,60.042,ug/m3,CPCB / GPCB Continuous Ambient Air Quality Monitoring Station,OBSERVED_GROUND_DATA
GJ_VAD_01,Dandia Bazar / Nandesari CAAQMS,22.4125,73.0944,2024-06-24,34.154,54.438,9.992,15.704,220.792,83.958,ug/m3,CPCB / GPCB Continuous Ambient Air Quality Monitoring Station,OBSERVED_GROUND_DATA
GJ_VAD_01,Dandia Bazar / Nandesari CAAQMS,22.4125,73.0944,2024-06-25,34.887,52.538,10.3,21.138,239.125,86.875,ug/m3,CPCB / GPCB Continuous Ambient Air Quality Monitoring Station,OBSERVED_GROUND_DATA
GJ_VAD_01,Dandia Bazar / Nandesari CAAQMS,22.4125,73.0944,2024-06-26,24.283,36.958,10.971,18.121,221.625,75.958,ug/m3,CPCB / GPCB Continuous Ambient Air Quality Monitoring Station,OBSERVED_GROUND_DATA
GJ_VAD_01,Dandia Bazar / Nandesari CAAQMS,22.4125,73.0944,2024-06-27,14.312,21.583,8.925,12.658,185.542,63.542,ug/m3,CPCB / GPCB Continuous Ambient Air Quality Monitoring Station,OBSERVED_GROUND_DATA
GJ_VAD_01,Dandia Bazar / Nandesari CAAQMS,22.4125,73.0944,2024-06-28,11.958,18.7,8.783,11.925,168.833,51.417,ug/m3,CPCB / GPCB Continuous Ambient Air Quality Monitoring Station,OBSERVED_GROUND_DATA
GJ_VAD_01,Dandia Bazar / Nandesari CAAQMS,22.4125,73.0944,2024-06-29,16.55,34.433,8.642,13.083,159.458,49.625,ug/m3,CPCB / GPCB Continuous Ambient Air Quality Monitoring Station,OBSERVED_GROUND_DATA
GJ_VAD_01,Dandia Bazar / Nandesari CAAQMS,22.4125,73.0944,2024-06-30,13.771,25.367,10.496,14.379,168.792,42.583,ug/m3,CPCB / GPCB Continuous Ambient Air Quality Monitoring Station,OBSERVED_GROUND_DATA
GJ_VAD_01,Dandia Bazar / Nandesari CAAQMS,22.4125,73.0944,2024-07-01,12.483,20.233,9.233,11.954,153.042,42.917,ug/m3,CPCB / GPCB Continuous Ambient Air Quality Monitoring Station,OBSERVED_GROUND_DATA
GJ_VAD_01,Dandia Bazar / Nandesari CAAQMS,22.4125,73.0944,2024-07-02,26.088,44.071,7.267,7.462,181.5,70.917,ug/m3,CPCB / GPCB Continuous Ambient Air Quality Monitoring Station,OBSERVED_GROUND_DATA
GJ_VAD_01,Dandia Bazar / Nandesari CAAQMS,22.4125,73.0944,2024-07-03,13.908,30.696,6.846,8.642,147.5,44.208,ug/m3,CPCB / GPCB Continuous Ambient Air Quality Monitoring Station,OBSERVED_GROUND_DATA
GJ_VAD_01,Dandia Bazar / Nandesari CAAQMS,22.4125,73.0944,2024-07-04,13.242,34.425,7.721,9.388,150.5,42.708,ug/m3,CPCB / GPCB Continuous Ambient Air Quality Monitoring Station,OBSERVED_GROUND_DATA
GJ_VAD_01,Dandia Bazar / Nandesari CAAQMS,22.4125,73.0944,2024-07-05,15.954,36.233,10.517,13.283,161.625,35.875,ug/m3,CPCB / GPCB Continuous Ambient Air Quality Monitoring Station,OBSERVED_GROUND_DATA
GJ_VAD_01,Dandia Bazar / Nandesari CAAQMS,22.4125,73.0944,2024-07-06,18.804,41.017,8.688,12.438,151.083,49.708,ug/m3,CPCB / GPCB Continuous Ambient Air Quality Monitoring Station,OBSERVED_GROUND_DATA
GJ_VAD_01,Dandia Bazar / Nandesari CAAQMS,22.4125,73.0944,2024-07-07,23.021,58.383,7.212,8.504,154.667,55.875,ug/m3,CPCB / GPCB Continuous Ambient Air Quality Monitoring Station,OBSERVED_GROUND_DATA
GJ_VAD_01,Dandia Bazar / Nandesari CAAQMS,22.4125,73.0944,2024-07-08,22.729,60.946,10.396,9.029,196.167,53.333,ug/m3,CPCB / GPCB Continuous Ambient Air Quality Monitoring Station,OBSERVED_GROUND_DATA
GJ_VAD_01,Dandia Bazar / Nandesari CAAQMS,22.4125,73.0944,2024-07-09,20.629,43.629,14.117,16.617,221.042,51.625,ug/m3,CPCB / GPCB Continuous Ambient Air Quality Monitoring Station,OBSERVED_GROUND_DATA
GJ_VAD_01,Dandia Bazar / Nandesari CAAQMS,22.4125,73.0944,2024-07-10,16.492,34.333,10.817,16.596,182.833,51.25,ug/m3,CPCB / GPCB Continuous Ambient Air Quality Monitoring Station,OBSERVED_GROUND_DATA
GJ_VAD_01,Dandia Bazar / Nandesari CAAQMS,22.4125,73.0944,2024-07-11,16.229,36.304,9.304,11.092,176.0,43.208,ug/m3,CPCB / GPCB Continuous Ambient Air Quality Monitoring Station,OBSERVED_GROUND_DATA
GJ_VAD_01,Dandia Bazar / Nandesari CAAQMS,22.4125,73.0944,2024-07-12,14.225,26.992,7.6,6.163,165.583,37.458,ug/m3,CPCB / GPCB Continuous Ambient Air Quality Monitoring Station,OBSERVED_GROUND_DATA
GJ_VAD_01,Dandia Bazar / Nandesari CAAQMS,22.4125,73.0944,2024-07-13,16.092,37.662,8.112,7.096,173.292,45.083,ug/m3,CPCB / GPCB Continuous Ambient Air Quality Monitoring Station,OBSERVED_GROUND_DATA
GJ_VAD_01,Dandia Bazar / Nandesari CAAQMS,22.4125,73.0944,2024-07-14,20.625,51.825,8.796,7.808,190.25,56.375,ug/m3,CPCB / GPCB Continuous Ambient Air Quality Monitoring Station,OBSERVED_GROUND_DATA
GJ_VAD_01,Dandia Bazar / Nandesari CAAQMS,22.4125,73.0944,2024-07-15,22.671,43.562,15.342,11.908,254.5,48.75,ug/m3,CPCB / GPCB Continuous Ambient Air Quality Monitoring Station,OBSERVED_GROUND_DATA
GJ_VAD_01,Dandia Bazar / Nandesari CAAQMS,22.4125,73.0944,2024-07-16,26.258,46.417,13.208,11.658,246.417,68.667,ug/m3,CPCB / GPCB Continuous Ambient Air Quality Monitoring Station,OBSERVED_GROUND_DATA
GJ_VAD_01,Dandia Bazar / Nandesari CAAQMS,22.4125,73.0944,2024-07-17,15.442,26.058,12.292,19.479,197.917,52.625,ug/m3,CPCB / GPCB Continuous Ambient Air Quality Monitoring Station,OBSERVED_GROUND_DATA
GJ_VAD_01,Dandia Bazar / Nandesari CAAQMS,22.4125,73.0944,2024-07-18,12.296,18.717,11.825,17.762,189.792,46.583,ug/m3,CPCB / GPCB Continuous Ambient Air Quality Monitoring Station,OBSERVED_GROUND_DATA
GJ_VAD_01,Dandia Bazar / Nandesari CAAQMS,22.4125,73.0944,2024-07-19,10.854,15.462,8.592,11.292,175.292,55.0,ug/m3,CPCB / GPCB Continuous Ambient Air Quality Monitoring Station,OBSERVED_GROUND_DATA
GJ_VAD_01,Dandia Bazar / Nandesari CAAQMS,22.4125,73.0944,2024-07-20,13.483,20.021,9.042,13.104,177.792,55.75,ug/m3,CPCB / GPCB Continuous Ambient Air Quality Monitoring Station,OBSERVED_GROUND_DATA
GJ_VAD_01,Dandia Bazar / Nandesari CAAQMS,22.4125,73.0944,2024-07-21,17.354,25.567,8.108,11.4,183.333,62.875,ug/m3,CPCB / GPCB Continuous Ambient Air Quality Monitoring Station,OBSERVED_GROUND_DATA
GJ_VAD_01,Dandia Bazar / Nandesari CAAQMS,22.4125,73.0944,2024-07-22,20.912,27.633,9.729,11.104,193.958,49.667,ug/m3,CPCB / GPCB Continuous Ambient Air Quality Monitoring Station,OBSERVED_GROUND_DATA
GJ_VAD_01,Dandia Bazar / Nandesari CAAQMS,22.4125,73.0944,2024-07-23,19.892,35.204,7.608,7.925,168.25,52.708,ug/m3,CPCB / GPCB Continuous Ambient Air Quality Monitoring Station,OBSERVED_GROUND_DATA
GJ_VAD_01,Dandia Bazar / Nandesari CAAQMS,22.4125,73.0944,2024-07-24,17.588,23.463,6.917,3.517,177.125,52.167,ug/m3,CPCB / GPCB Continuous Ambient Air Quality Monitoring Station,OBSERVED_GROUND_DATA
GJ_VAD_01,Dandia Bazar / Nandesari CAAQMS,22.4125,73.0944,2024-07-25,15.925,31.067,7.379,5.129,166.583,43.583,ug/m3,CPCB / GPCB Continuous Ambient Air Quality Monitoring Station,OBSERVED_GROUND_DATA
GJ_VAD_01,Dandia Bazar / Nandesari CAAQMS,22.4125,73.0944,2024-07-26,14.317,35.546,5.454,4.442,145.375,48.25,ug/m3,CPCB / GPCB Continuous Ambient Air Quality Monitoring Station,OBSERVED_GROUND_DATA
GJ_VAD_01,Dandia Bazar / Nandesari CAAQMS,22.4125,73.0944,2024-07-27,15.338,36.788,6.433,4.188,154.792,41.833,ug/m3,CPCB / GPCB Continuous Ambient Air Quality Monitoring Station,OBSERVED_GROUND_DATA
GJ_VAD_01,Dandia Bazar / Nandesari CAAQMS,22.4125,73.0944,2024-07-28,19.463,42.225,9.483,6.779,188.0,39.292,ug/m3,CPCB / GPCB Continuous Ambient Air Quality Monitoring Station,OBSERVED_GROUND_DATA
GJ_VAD_01,Dandia Bazar / Nandesari CAAQMS,22.4125,73.0944,2024-07-29,19.5,30.375,11.325,9.038,216.833,37.875,ug/m3,CPCB / GPCB Continuous Ambient Air Quality Monitoring Station,OBSERVED_GROUND_DATA
GJ_VAD_01,Dandia Bazar / Nandesari CAAQMS,22.4125,73.0944,2024-07-30,15.458,33.708,9.142,10.567,178.333,44.083,ug/m3,CPCB / GPCB Continuous Ambient Air Quality Monitoring Station,OBSERVED_GROUND_DATA
GJ_VAD_01,Dandia Bazar / Nandesari CAAQMS,22.4125,73.0944,2024-07-31,24.604,70.75,7.692,8.2,175.917,53.583,ug/m3,CPCB / GPCB Continuous Ambient Air Quality Monitoring Station,OBSERVED_GROUND_DATA
GJ_VAD_01,Dandia Bazar / Nandesari CAAQMS,22.4125,73.0944,2024-08-01,11.838,28.921,7.163,6.067,164.375,42.792,ug/m3,CPCB / GPCB Continuous Ambient Air Quality Monitoring Station,OBSERVED_GROUND_DATA
GJ_VAD_01,Dandia Bazar / Nandesari CAAQMS,22.4125,73.0944,2024-08-02,8.829,17.638,6.058,5.025,148.417,43.375,ug/m3,CPCB / GPCB Continuous Ambient Air Quality Monitoring Station,OBSERVED_GROUND_DATA
GJ_VAD_01,Dandia Bazar / Nandesari CAAQMS,22.4125,73.0944,2024-08-03,10.638,17.833,7.504,5.192,162.583,39.667,ug/m3,CPCB / GPCB Continuous Ambient Air Quality Monitoring Station,OBSERVED_GROUND_DATA
GJ_VAD_01,Dandia Bazar / Nandesari CAAQMS,22.4125,73.0944,2024-08-04,13.121,30.279,8.608,5.988,169.333,33.625,ug/m3,CPCB / GPCB Continuous Ambient Air Quality Monitoring Station,OBSERVED_GROUND_DATA
GJ_VAD_01,Dandia Bazar / Nandesari CAAQMS,22.4125,73.0944,2024-08-05,16.362,44.838,7.696,7.425,160.792,40.417,ug/m3,CPCB / GPCB Continuous Ambient Air Quality Monitoring Station,OBSERVED_GROUND_DATA
GJ_VAD_01,Dandia Bazar / Nandesari CAAQMS,22.4125,73.0944,2024-08-06,12.942,34.988,6.429,6.258,149.25,45.458,ug/m3,CPCB / GPCB Continuous Ambient Air Quality Monitoring Station,OBSERVED_GROUND_DATA
GJ_VAD_01,Dandia Bazar / Nandesari CAAQMS,22.4125,73.0944,2024-08-07,12.263,32.387,6.571,5.392,155.75,45.917,ug/m3,CPCB / GPCB Continuous Ambient Air Quality Monitoring Station,OBSERVED_GROUND_DATA
GJ_VAD_01,Dandia Bazar / Nandesari CAAQMS,22.4125,73.0944,2024-08-08,11.138,24.312,7.45,6.379,167.833,46.333,ug/m3,CPCB / GPCB Continuous Ambient Air Quality Monitoring Station,OBSERVED_GROUND_DATA
GJ_VAD_01,Dandia Bazar / Nandesari CAAQMS,22.4125,73.0944,2024-08-09,14.483,31.767,11.05,8.025,210.25,38.125,ug/m3,CPCB / GPCB Continuous Ambient Air Quality Monitoring Station,OBSERVED_GROUND_DATA
GJ_VAD_01,Dandia Bazar / Nandesari CAAQMS,22.4125,73.0944,2024-08-10,13.992,26.929,12.333,6.688,214.792,28.667,ug/m3,CPCB / GPCB Continuous Ambient Air Quality Monitoring Station,OBSERVED_GROUND_DATA
GJ_VAD_01,Dandia Bazar / Nandesari CAAQMS,22.4125,73.0944,2024-08-11,11.0,25.683,7.871,5.204,169.417,38.542,ug/m3,CPCB / GPCB Continuous Ambient Air Quality Monitoring Station,OBSERVED_GROUND_DATA
GJ_VAD_01,Dandia Bazar / Nandesari CAAQMS,22.4125,73.0944,2024-08-12,10.596,22.012,9.296,6.812,182.417,35.5,ug/m3,CPCB / GPCB Continuous Ambient Air Quality Monitoring Station,OBSERVED_GROUND_DATA
GJ_VAD_01,Dandia Bazar / Nandesari CAAQMS,22.4125,73.0944,2024-08-13,15.079,37.017,11.017,10.112,203.5,37.083,ug/m3,CPCB / GPCB Continuous Ambient Air Quality Monitoring Station,OBSERVED_GROUND_DATA
GJ_VAD_01,Dandia Bazar / Nandesari CAAQMS,22.4125,73.0944,2024-08-14,12.321,28.542,11.308,10.875,197.583,40.458,ug/m3,CPCB / GPCB Continuous Ambient Air Quality Monitoring Station,OBSERVED_GROUND_DATA
GJ_VAD_01,Dandia Bazar / Nandesari CAAQMS,22.4125,73.0944,2024-08-15,14.612,32.467,11.525,11.654,205.083,40.833,ug/m3,CPCB / GPCB Continuous Ambient Air Quality Monitoring Station,OBSERVED_GROUND_DATA
GJ_VAD_01,Dandia Bazar / Nandesari CAAQMS,22.4125,73.0944,2024-08-16,14.275,30.854,9.904,10.725,192.417,40.75,ug/m3,CPCB / GPCB Continuous Ambient Air Quality Monitoring Station,OBSERVED_GROUND_DATA
GJ_VAD_01,Dandia Bazar / Nandesari CAAQMS,22.4125,73.0944,2024-08-17,13.917,28.108,10.717,12.112,198.375,43.917,ug/m3,CPCB / GPCB Continuous Ambient Air Quality Monitoring Station,OBSERVED_GROUND_DATA
GJ_VAD_01,Dandia Bazar / Nandesari CAAQMS,22.4125,73.0944,2024-08-18,16.662,33.962,18.246,11.442,270.125,38.5,ug/m3,CPCB / GPCB Continuous Ambient Air Quality Monitoring Station,OBSERVED_GROUND_DATA
GJ_VAD_01,Dandia Bazar / Nandesari CAAQMS,22.4125,73.0944,2024-08-19,21.488,39.183,16.517,11.133,292.167,56.833,ug/m3,CPCB / GPCB Continuous Ambient Air Quality Monitoring Station,OBSERVED_GROUND_DATA
GJ_VAD_01,Dandia Bazar / Nandesari CAAQMS,22.4125,73.0944,2024-08-20,23.521,40.7,16.329,16.2,288.958,56.75,ug/m3,CPCB / GPCB Continuous Ambient Air Quality Monitoring Station,OBSERVED_GROUND_DATA
GJ_VAD_01,Dandia Bazar / Nandesari CAAQMS,22.4125,73.0944,2024-08-21,25.479,41.762,18.983,15.542,331.875,48.542,ug/m3,CPCB / GPCB Continuous Ambient Air Quality Monitoring Station,OBSERVED_GROUND_DATA
GJ_VAD_01,Dandia Bazar / Nandesari CAAQMS,22.4125,73.0944,2024-08-22,32.217,51.404,17.9,11.1,358.208,66.542,ug/m3,CPCB / GPCB Continuous Ambient Air Quality Monitoring Station,OBSERVED_GROUND_DATA
GJ_VAD_01,Dandia Bazar / Nandesari CAAQMS,22.4125,73.0944,2024-08-23,29.071,44.621,15.525,13.233,333.917,60.0,ug/m3,CPCB / GPCB Continuous Ambient Air Quality Monitoring Station,OBSERVED_GROUND_DATA
GJ_VAD_01,Dandia Bazar / Nandesari CAAQMS,22.4125,73.0944,2024-08-24,15.421,23.213,11.467,8.121,229.583,40.458,ug/m3,CPCB / GPCB Continuous Ambient Air Quality Monitoring Station,OBSERVED_GROUND_DATA
GJ_VAD_01,Dandia Bazar / Nandesari CAAQMS,22.4125,73.0944,2024-08-25,12.775,19.867,9.538,6.321,195.417,51.208,ug/m3,CPCB / GPCB Continuous Ambient Air Quality Monitoring Station,OBSERVED_GROUND_DATA
GJ_VAD_01,Dandia Bazar / Nandesari CAAQMS,22.4125,73.0944,2024-08-26,8.529,11.108,5.904,3.742,151.0,44.167,ug/m3,CPCB / GPCB Continuous Ambient Air Quality Monitoring Station,OBSERVED_GROUND_DATA
GJ_VAD_01,Dandia Bazar / Nandesari CAAQMS,22.4125,73.0944,2024-08-27,15.433,25.183,8.142,9.737,156.75,38.417,ug/m3,CPCB / GPCB Continuous Ambient Air Quality Monitoring Station,OBSERVED_GROUND_DATA
GJ_VAD_01,Dandia Bazar / Nandesari CAAQMS,22.4125,73.0944,2024-08-28,10.321,19.296,7.146,8.958,148.875,41.333,ug/m3,CPCB / GPCB Continuous Ambient Air Quality Monitoring Station,OBSERVED_GROUND_DATA
GJ_VAD_01,Dandia Bazar / Nandesari CAAQMS,22.4125,73.0944,2024-08-29,13.225,30.85,7.262,10.704,150.708,38.917,ug/m3,CPCB / GPCB Continuous Ambient Air Quality Monitoring Station,OBSERVED_GROUND_DATA
GJ_VAD_01,Dandia Bazar / Nandesari CAAQMS,22.4125,73.0944,2024-08-30,13.504,37.908,8.804,12.354,165.833,39.833,ug/m3,CPCB / GPCB Continuous Ambient Air Quality Monitoring Station,OBSERVED_GROUND_DATA
GJ_VAD_01,Dandia Bazar / Nandesari CAAQMS,22.4125,73.0944,2024-08-31,14.171,33.433,13.104,14.221,208.833,41.042,ug/m3,CPCB / GPCB Continuous Ambient Air Quality Monitoring Station,OBSERVED_GROUND_DATA
GJ_VAD_01,Dandia Bazar / Nandesari CAAQMS,22.4125,73.0944,2024-09-01,15.021,37.488,15.058,10.979,249.417,48.083,ug/m3,CPCB / GPCB Continuous Ambient Air Quality Monitoring Station,OBSERVED_GROUND_DATA
GJ_VAD_01,Dandia Bazar / Nandesari CAAQMS,22.4125,73.0944,2024-09-02,18.267,37.067,17.804,11.825,290.625,45.208,ug/m3,CPCB / GPCB Continuous Ambient Air Quality Monitoring Station,OBSERVED_GROUND_DATA
GJ_VAD_01,Dandia Bazar / Nandesari CAAQMS,22.4125,73.0944,2024-09-03,14.288,21.7,13.029,8.038,271.958,56.083,ug/m3,CPCB / GPCB Continuous Ambient Air Quality Monitoring Station,OBSERVED_GROUND_DATA
GJ_VAD_01,Dandia Bazar / Nandesari CAAQMS,22.4125,73.0944,2024-09-04,16.267,33.775,11.388,7.871,231.333,46.958,ug/m3,CPCB / GPCB Continuous Ambient Air Quality Monitoring Station,OBSERVED_GROUND_DATA
GJ_VAD_01,Dandia Bazar / Nandesari CAAQMS,22.4125,73.0944,2024-09-05,14.638,25.358,9.704,6.0,212.125,41.458,ug/m3,CPCB / GPCB Continuous Ambient Air Quality Monitoring Station,OBSERVED_GROUND_DATA
GJ_VAD_01,Dandia Bazar / Nandesari CAAQMS,22.4125,73.0944,2024-09-06,16.512,28.308,11.492,6.379,219.0,39.375,ug/m3,CPCB / GPCB Continuous Ambient Air Quality Monitoring Station,OBSERVED_GROUND_DATA
GJ_VAD_01,Dandia Bazar / Nandesari CAAQMS,22.4125,73.0944,2024-09-07,18.296,37.788,9.562,7.688,216.667,53.917,ug/m3,CPCB / GPCB Continuous Ambient Air Quality Monitoring Station,OBSERVED_GROUND_DATA
GJ_VAD_01,Dandia Bazar / Nandesari CAAQMS,22.4125,73.0944,2024-09-08,19.112,40.783,9.896,8.446,218.083,59.875,ug/m3,CPCB / GPCB Continuous Ambient Air Quality Monitoring Station,OBSERVED_GROUND_DATA
GJ_VAD_01,Dandia Bazar / Nandesari CAAQMS,22.4125,73.0944,2024-09-09,18.871,35.475,10.688,8.504,219.417,60.375,ug/m3,CPCB / GPCB Continuous Ambient Air Quality Monitoring Station,OBSERVED_GROUND_DATA
GJ_VAD_01,Dandia Bazar / Nandesari CAAQMS,22.4125,73.0944,2024-09-10,18.0,31.65,10.2,8.633,203.333,61.792,ug/m3,CPCB / GPCB Continuous Ambient Air Quality Monitoring Station,OBSERVED_GROUND_DATA
GJ_VAD_01,Dandia Bazar / Nandesari CAAQMS,22.4125,73.0944,2024-09-11,15.779,27.304,8.471,8.567,204.458,66.042,ug/m3,CPCB / GPCB Continuous Ambient Air Quality Monitoring Station,OBSERVED_GROUND_DATA
GJ_VAD_01,Dandia Bazar / Nandesari CAAQMS,22.4125,73.0944,2024-09-12,21.808,56.167,7.729,8.292,196.25,56.75,ug/m3,CPCB / GPCB Continuous Ambient Air Quality Monitoring Station,OBSERVED_GROUND_DATA
GJ_VAD_01,Dandia Bazar / Nandesari CAAQMS,22.4125,73.0944,2024-09-13,19.9,50.188,8.079,8.058,186.542,52.292,ug/m3,CPCB / GPCB Continuous Ambient Air Quality Monitoring Station,OBSERVED_GROUND_DATA
GJ_VAD_01,Dandia Bazar / Nandesari CAAQMS,22.4125,73.0944,2024-09-14,15.417,30.008,9.4,11.579,186.542,46.542,ug/m3,CPCB / GPCB Continuous Ambient Air Quality Monitoring Station,OBSERVED_GROUND_DATA
GJ_VAD_01,Dandia Bazar / Nandesari CAAQMS,22.4125,73.0944,2024-09-15,18.617,44.867,12.017,9.362,222.208,49.958,ug/m3,CPCB / GPCB Continuous Ambient Air Quality Monitoring Station,OBSERVED_GROUND_DATA
GJ_VAD_01,Dandia Bazar / Nandesari CAAQMS,22.4125,73.0944,2024-09-16,22.838,50.692,20.675,12.217,348.917,51.292,ug/m3,CPCB / GPCB Continuous Ambient Air Quality Monitoring Station,OBSERVED_GROUND_DATA
GJ_VAD_01,Dandia Bazar / Nandesari CAAQMS,22.4125,73.0944,2024-09-17,29.287,61.117,24.292,12.567,415.083,56.5,ug/m3,CPCB / GPCB Continuous Ambient Air Quality Monitoring Station,OBSERVED_GROUND_DATA
GJ_VAD_01,Dandia Bazar / Nandesari CAAQMS,22.4125,73.0944,2024-09-18,31.017,60.758,22.275,12.3,422.25,63.583,ug/m3,CPCB / GPCB Continuous Ambient Air Quality Monitoring Station,OBSERVED_GROUND_DATA
GJ_VAD_01,Dandia Bazar / Nandesari CAAQMS,22.4125,73.0944,2024-09-19,28.908,56.425,16.892,13.542,347.792,71.458,ug/m3,CPCB / GPCB Continuous Ambient Air Quality Monitoring Station,OBSERVED_GROUND_DATA
GJ_VAD_01,Dandia Bazar / Nandesari CAAQMS,22.4125,73.0944,2024-09-20,28.083,53.242,12.788,14.458,283.75,73.292,ug/m3,CPCB / GPCB Continuous Ambient Air Quality Monitoring Station,OBSERVED_GROUND_DATA
GJ_VAD_01,Dandia Bazar / Nandesari CAAQMS,22.4125,73.0944,2024-09-21,26.629,48.679,15.046,14.3,290.5,71.75,ug/m3,CPCB / GPCB Continuous Ambient Air Quality Monitoring Station,OBSERVED_GROUND_DATA
GJ_VAD_01,Dandia Bazar / Nandesari CAAQMS,22.4125,73.0944,2024-09-22,32.071,55.904,19.238,15.796,368.458,73.833,ug/m3,CPCB / GPCB Continuous Ambient Air Quality Monitoring Station,OBSERVED_GROUND_DATA
GJ_VAD_01,Dandia Bazar / Nandesari CAAQMS,22.4125,73.0944,2024-09-23,33.004,54.596,19.129,14.229,406.125,78.167,ug/m3,CPCB / GPCB Continuous Ambient Air Quality Monitoring Station,OBSERVED_GROUND_DATA
GJ_VAD_01,Dandia Bazar / Nandesari CAAQMS,22.4125,73.0944,2024-09-24,32.746,51.696,24.029,12.483,430.208,75.458,ug/m3,CPCB / GPCB Continuous Ambient Air Quality Monitoring Station,OBSERVED_GROUND_DATA
GJ_VAD_01,Dandia Bazar / Nandesari CAAQMS,22.4125,73.0944,2024-09-25,29.146,44.962,14.425,11.058,344.333,80.833,ug/m3,CPCB / GPCB Continuous Ambient Air Quality Monitoring Station,OBSERVED_GROUND_DATA
GJ_VAD_01,Dandia Bazar / Nandesari CAAQMS,22.4125,73.0944,2024-09-26,24.525,36.279,15.075,10.917,332.875,74.625,ug/m3,CPCB / GPCB Continuous Ambient Air Quality Monitoring Station,OBSERVED_GROUND_DATA
GJ_VAD_01,Dandia Bazar / Nandesari CAAQMS,22.4125,73.0944,2024-09-27,29.521,42.358,16.167,10.842,403.5,66.958,ug/m3,CPCB / GPCB Continuous Ambient Air Quality Monitoring Station,OBSERVED_GROUND_DATA
GJ_VAD_01,Dandia Bazar / Nandesari CAAQMS,22.4125,73.0944,2024-09-28,17.667,25.208,15.058,11.075,351.375,63.083,ug/m3,CPCB / GPCB Continuous Ambient Air Quality Monitoring Station,OBSERVED_GROUND_DATA
GJ_VAD_01,Dandia Bazar / Nandesari CAAQMS,22.4125,73.0944,2024-09-29,17.658,25.612,13.104,10.679,316.667,73.125,ug/m3,CPCB / GPCB Continuous Ambient Air Quality Monitoring Station,OBSERVED_GROUND_DATA
GJ_VAD_01,Dandia Bazar / Nandesari CAAQMS,22.4125,73.0944,2024-09-30,34.467,53.992,22.346,12.5,419.583,70.083,ug/m3,CPCB / GPCB Continuous Ambient Air Quality Monitoring Station,OBSERVED_GROUND_DATA
GJ_VAD_01,Dandia Bazar / Nandesari CAAQMS,22.4125,73.0944,2024-10-01,35.125,57.292,20.421,11.162,425.375,77.833,ug/m3,CPCB / GPCB Continuous Ambient Air Quality Monitoring Station,OBSERVED_GROUND_DATA
GJ_VAD_01,Dandia Bazar / Nandesari CAAQMS,22.4125,73.0944,2024-10-02,36.788,62.325,19.2,13.0,424.667,80.958,ug/m3,CPCB / GPCB Continuous Ambient Air Quality Monitoring Station,OBSERVED_GROUND_DATA
GJ_VAD_01,Dandia Bazar / Nandesari CAAQMS,22.4125,73.0944,2024-10-03,27.95,44.062,12.546,14.729,314.292,81.5,ug/m3,CPCB / GPCB Continuous Ambient Air Quality Monitoring Station,OBSERVED_GROUND_DATA
GJ_VAD_01,Dandia Bazar / Nandesari CAAQMS,22.4125,73.0944,2024-10-04,22.975,36.383,14.962,12.483,289.625,56.417,ug/m3,CPCB / GPCB Continuous Ambient Air Quality Monitoring Station,OBSERVED_GROUND_DATA
GJ_VAD_01,Dandia Bazar / Nandesari CAAQMS,22.4125,73.0944,2024-10-05,31.525,51.804,24.062,14.992,402.75,55.0,ug/m3,CPCB / GPCB Continuous Ambient Air Quality Monitoring Station,OBSERVED_GROUND_DATA
GJ_VAD_01,Dandia Bazar / Nandesari CAAQMS,22.4125,73.0944,2024-10-06,48.121,80.1,27.7,12.308,562.292,66.542,ug/m3,CPCB / GPCB Continuous Ambient Air Quality Monitoring Station,OBSERVED_GROUND_DATA
GJ_VAD_01,Dandia Bazar / Nandesari CAAQMS,22.4125,73.0944,2024-10-07,34.388,56.938,15.729,7.038,373.375,74.25,ug/m3,CPCB / GPCB Continuous Ambient Air Quality Monitoring Station,OBSERVED_GROUND_DATA
GJ_VAD_01,Dandia Bazar / Nandesari CAAQMS,22.4125,73.0944,2024-10-08,33.904,59.571,20.071,7.5,435.875,73.958,ug/m3,CPCB / GPCB Continuous Ambient Air Quality Monitoring Station,OBSERVED_GROUND_DATA
GJ_VAD_01,Dandia Bazar / Nandesari CAAQMS,22.4125,73.0944,2024-10-09,39.921,66.812,26.612,8.629,544.375,73.958,ug/m3,CPCB / GPCB Continuous Ambient Air Quality Monitoring Station,OBSERVED_GROUND_DATA
GJ_VAD_01,Dandia Bazar / Nandesari CAAQMS,22.4125,73.0944,2024-10-10,59.425,99.604,15.954,11.496,473.083,81.583,ug/m3,CPCB / GPCB Continuous Ambient Air Quality Monitoring Station,OBSERVED_GROUND_DATA
GJ_VAD_01,Dandia Bazar / Nandesari CAAQMS,22.4125,73.0944,2024-10-11,39.838,62.675,8.046,8.033,327.292,79.958,ug/m3,CPCB / GPCB Continuous Ambient Air Quality Monitoring Station,OBSERVED_GROUND_DATA
GJ_VAD_01,Dandia Bazar / Nandesari CAAQMS,22.4125,73.0944,2024-10-12,22.204,32.9,11.329,6.125,318.0,70.333,ug/m3,CPCB / GPCB Continuous Ambient Air Quality Monitoring Station,OBSERVED_GROUND_DATA
GJ_VAD_01,Dandia Bazar / Nandesari CAAQMS,22.4125,73.0944,2024-10-13,19.433,28.117,12.508,7.0,315.0,68.458,ug/m3,CPCB / GPCB Continuous Ambient Air Quality Monitoring Station,OBSERVED_GROUND_DATA
GJ_VAD_01,Dandia Bazar / Nandesari CAAQMS,22.4125,73.0944,2024-10-14,17.537,25.267,12.717,5.754,309.5,64.083,ug/m3,CPCB / GPCB Continuous Ambient Air Quality Monitoring Station,OBSERVED_GROUND_DATA
GJ_VAD_01,Dandia Bazar / Nandesari CAAQMS,22.4125,73.0944,2024-10-15,27.075,39.075,21.079,7.275,426.292,65.292,ug/m3,CPCB / GPCB Continuous Ambient Air Quality Monitoring Station,OBSERVED_GROUND_DATA
GJ_VAD_01,Dandia Bazar / Nandesari CAAQMS,22.4125,73.0944,2024-10-16,36.404,52.867,28.908,8.142,552.75,61.458,ug/m3,CPCB / GPCB Continuous Ambient Air Quality Monitoring Station,OBSERVED_GROUND_DATA
GJ_VAD_01,Dandia Bazar / Nandesari CAAQMS,22.4125,73.0944,2024-10-17,46.729,71.312,31.917,9.908,677.708,74.208,ug/m3,CPCB / GPCB Continuous Ambient Air Quality Monitoring Station,OBSERVED_GROUND_DATA
GJ_VAD_01,Dandia Bazar / Nandesari CAAQMS,22.4125,73.0944,2024-10-18,50.408,78.046,18.408,9.371,492.083,82.625,ug/m3,CPCB / GPCB Continuous Ambient Air Quality Monitoring Station,OBSERVED_GROUND_DATA
GJ_VAD_01,Dandia Bazar / Nandesari CAAQMS,22.4125,73.0944,2024-10-19,41.758,61.321,15.371,10.242,440.25,89.708,ug/m3,CPCB / GPCB Continuous Ambient Air Quality Monitoring Station,OBSERVED_GROUND_DATA
GJ_VAD_01,Dandia Bazar / Nandesari CAAQMS,22.4125,73.0944,2024-10-20,34.721,50.733,18.488,15.033,474.792,85.25,ug/m3,CPCB / GPCB Continuous Ambient Air Quality Monitoring Station,OBSERVED_GROUND_DATA
GJ_VAD_01,Dandia Bazar / Nandesari CAAQMS,22.4125,73.0944,2024-10-21,31.463,46.312,27.287,9.933,536.708,74.208,ug/m3,CPCB / GPCB Continuous Ambient Air Quality Monitoring Station,OBSERVED_GROUND_DATA
GJ_VAD_01,Dandia Bazar / Nandesari CAAQMS,22.4125,73.0944,2024-10-22,36.754,54.363,30.421,11.271,638.083,83.75,ug/m3,CPCB / GPCB Continuous Ambient Air Quality Monitoring Station,OBSERVED_GROUND_DATA
GJ_VAD_01,Dandia Bazar / Nandesari CAAQMS,22.4125,73.0944,2024-10-23,34.283,51.596,21.958,8.592,480.75,75.0,ug/m3,CPCB / GPCB Continuous Ambient Air Quality Monitoring Station,OBSERVED_GROUND_DATA
GJ_VAD_01,Dandia Bazar / Nandesari CAAQMS,22.4125,73.0944,2024-10-24,45.375,73.621,18.104,8.858,496.542,81.708,ug/m3,CPCB / GPCB Continuous Ambient Air Quality Monitoring Station,OBSERVED_GROUND_DATA
GJ_VAD_01,Dandia Bazar / Nandesari CAAQMS,22.4125,73.0944,2024-10-25,48.658,82.392,23.375,12.504,612.292,84.75,ug/m3,CPCB / GPCB Continuous Ambient Air Quality Monitoring Station,OBSERVED_GROUND_DATA
GJ_VAD_01,Dandia Bazar / Nandesari CAAQMS,22.4125,73.0944,2024-10-26,60.954,105.612,23.05,17.758,791.042,110.208,ug/m3,CPCB / GPCB Continuous Ambient Air Quality Monitoring Station,OBSERVED_GROUND_DATA
GJ_VAD_01,Dandia Bazar / Nandesari CAAQMS,22.4125,73.0944,2024-10-27,55.179,94.7,24.858,18.325,960.167,113.833,ug/m3,CPCB / GPCB Continuous Ambient Air Quality Monitoring Station,OBSERVED_GROUND_DATA
GJ_VAD_01,Dandia Bazar / Nandesari CAAQMS,22.4125,73.0944,2024-10-28,47.696,81.233,33.604,13.958,1218.083,86.208,ug/m3,CPCB / GPCB Continuous Ambient Air Quality Monitoring Station,OBSERVED_GROUND_DATA
GJ_VAD_01,Dandia Bazar / Nandesari CAAQMS,22.4125,73.0944,2024-10-29,49.479,87.683,30.033,18.604,855.375,94.5,ug/m3,CPCB / GPCB Continuous Ambient Air Quality Monitoring Station,OBSERVED_GROUND_DATA
GJ_VAD_01,Dandia Bazar / Nandesari CAAQMS,22.4125,73.0944,2024-10-30,32.892,57.292,23.246,10.983,915.833,81.5,ug/m3,CPCB / GPCB Continuous Ambient Air Quality Monitoring Station,OBSERVED_GROUND_DATA
GJ_VAD_01,Dandia Bazar / Nandesari CAAQMS,22.4125,73.0944,2024-10-31,30.054,49.425,22.296,8.879,743.375,76.417,ug/m3,CPCB / GPCB Continuous Ambient Air Quality Monitoring Station,OBSERVED_GROUND_DATA
GJ_VAD_01,Dandia Bazar / Nandesari CAAQMS,22.4125,73.0944,2024-11-01,29.992,48.208,22.742,9.938,824.417,75.083,ug/m3,CPCB / GPCB Continuous Ambient Air Quality Monitoring Station,OBSERVED_GROUND_DATA
GJ_VAD_01,Dandia Bazar / Nandesari CAAQMS,22.4125,73.0944,2024-11-02,30.546,48.308,25.904,10.396,941.125,82.583,ug/m3,CPCB / GPCB Continuous Ambient Air Quality Monitoring Station,OBSERVED_GROUND_DATA
GJ_VAD_01,Dandia Bazar / Nandesari CAAQMS,22.4125,73.0944,2024-11-03,32.65,51.758,22.096,10.592,758.25,79.667,ug/m3,CPCB / GPCB Continuous Ambient Air Quality Monitoring Station,OBSERVED_GROUND_DATA
GJ_VAD_01,Dandia Bazar / Nandesari CAAQMS,22.4125,73.0944,2024-11-04,32.25,51.117,21.225,11.575,581.083,80.708,ug/m3,CPCB / GPCB Continuous Ambient Air Quality Monitoring Station,OBSERVED_GROUND_DATA
GJ_VAD_01,Dandia Bazar / Nandesari CAAQMS,22.4125,73.0944,2024-11-05,32.733,53.688,16.733,9.067,599.208,80.375,ug/m3,CPCB / GPCB Continuous Ambient Air Quality Monitoring Station,OBSERVED_GROUND_DATA
GJ_VAD_01,Dandia Bazar / Nandesari CAAQMS,22.4125,73.0944,2024-11-06,44.317,74.229,13.958,8.579,589.375,87.375,ug/m3,CPCB / GPCB Continuous Ambient Air Quality Monitoring Station,OBSERVED_GROUND_DATA
GJ_VAD_01,Dandia Bazar / Nandesari CAAQMS,22.4125,73.0944,2024-11-07,54.542,92.179,19.842,10.571,621.625,88.75,ug/m3,CPCB / GPCB Continuous Ambient Air Quality Monitoring Station,OBSERVED_GROUND_DATA
GJ_VAD_01,Dandia Bazar / Nandesari CAAQMS,22.4125,73.0944,2024-11-08,41.312,67.942,23.787,10.692,558.042,77.875,ug/m3,CPCB / GPCB Continuous Ambient Air Quality Monitoring Station,OBSERVED_GROUND_DATA
GJ_VAD_01,Dandia Bazar / Nandesari CAAQMS,22.4125,73.0944,2024-11-09,42.183,67.367,29.942,10.671,569.292,72.333,ug/m3,CPCB / GPCB Continuous Ambient Air Quality Monitoring Station,OBSERVED_GROUND_DATA
GJ_VAD_01,Dandia Bazar / Nandesari CAAQMS,22.4125,73.0944,2024-11-10,44.596,71.571,31.633,9.892,472.25,71.542,ug/m3,CPCB / GPCB Continuous Ambient Air Quality Monitoring Station,OBSERVED_GROUND_DATA
GJ_VAD_01,Dandia Bazar / Nandesari CAAQMS,22.4125,73.0944,2024-11-11,40.296,65.354,25.283,8.171,701.208,69.375,ug/m3,CPCB / GPCB Continuous Ambient Air Quality Monitoring Station,OBSERVED_GROUND_DATA
GJ_VAD_01,Dandia Bazar / Nandesari CAAQMS,22.4125,73.0944,2024-11-12,54.825,77.279,42.404,10.342,731.25,61.125,ug/m3,CPCB / GPCB Continuous Ambient Air Quality Monitoring Station,OBSERVED_GROUND_DATA
GJ_VAD_01,Dandia Bazar / Nandesari CAAQMS,22.4125,73.0944,2024-11-13,61.779,67.25,44.171,9.562,655.875,63.583,ug/m3,CPCB / GPCB Continuous Ambient Air Quality Monitoring Station,OBSERVED_GROUND_DATA
GJ_VAD_01,Dandia Bazar / Nandesari CAAQMS,22.4125,73.0944,2024-11-14,50.683,54.038,33.396,9.592,676.125,73.917,ug/m3,CPCB / GPCB Continuous Ambient Air Quality Monitoring Station,OBSERVED_GROUND_DATA
GJ_VAD_01,Dandia Bazar / Nandesari CAAQMS,22.4125,73.0944,2024-11-15,52.846,55.25,37.0,10.025,630.75,75.958,ug/m3,CPCB / GPCB Continuous Ambient Air Quality Monitoring Station,OBSERVED_GROUND_DATA
GJ_VAD_01,Dandia Bazar / Nandesari CAAQMS,22.4125,73.0944,2024-11-16,60.325,62.137,42.3,10.021,611.542,74.5,ug/m3,CPCB / GPCB Continuous Ambient Air Quality Monitoring Station,OBSERVED_GROUND_DATA
GJ_VAD_01,Dandia Bazar / Nandesari CAAQMS,22.4125,73.0944,2024-11-17,48.454,49.662,37.592,9.675,529.292,70.917,ug/m3,CPCB / GPCB Continuous Ambient Air Quality Monitoring Station,OBSERVED_GROUND_DATA
GJ_VAD_01,Dandia Bazar / Nandesari CAAQMS,22.4125,73.0944,2024-11-18,56.296,58.196,36.392,9.171,581.125,68.583,ug/m3,CPCB / GPCB Continuous Ambient Air Quality Monitoring Station,OBSERVED_GROUND_DATA
GJ_VAD_01,Dandia Bazar / Nandesari CAAQMS,22.4125,73.0944,2024-11-19,64.75,67.554,27.746,10.921,560.042,75.458,ug/m3,CPCB / GPCB Continuous Ambient Air Quality Monitoring Station,OBSERVED_GROUND_DATA
GJ_VAD_01,Dandia Bazar / Nandesari CAAQMS,22.4125,73.0944,2024-11-20,56.075,58.408,21.446,10.833,538.0,80.208,ug/m3,CPCB / GPCB Continuous Ambient Air Quality Monitoring Station,OBSERVED_GROUND_DATA
GJ_VAD_01,Dandia Bazar / Nandesari CAAQMS,22.4125,73.0944,2024-11-21,46.846,49.021,24.483,10.487,473.333,78.25,ug/m3,CPCB / GPCB Continuous Ambient Air Quality Monitoring Station,OBSERVED_GROUND_DATA
GJ_VAD_01,Dandia Bazar / Nandesari CAAQMS,22.4125,73.0944,2024-11-22,62.025,64.587,27.3,11.125,502.292,75.875,ug/m3,CPCB / GPCB Continuous Ambient Air Quality Monitoring Station,OBSERVED_GROUND_DATA
GJ_VAD_01,Dandia Bazar / Nandesari CAAQMS,22.4125,73.0944,2024-11-23,74.837,78.229,26.817,12.6,588.625,82.792,ug/m3,CPCB / GPCB Continuous Ambient Air Quality Monitoring Station,OBSERVED_GROUND_DATA
GJ_VAD_01,Dandia Bazar / Nandesari CAAQMS,22.4125,73.0944,2024-11-24,85.512,90.058,28.917,12.862,570.333,81.625,ug/m3,CPCB / GPCB Continuous Ambient Air Quality Monitoring Station,OBSERVED_GROUND_DATA
GJ_VAD_01,Dandia Bazar / Nandesari CAAQMS,22.4125,73.0944,2024-11-25,66.538,73.925,27.917,8.812,567.083,68.167,ug/m3,CPCB / GPCB Continuous Ambient Air Quality Monitoring Station,OBSERVED_GROUND_DATA
GJ_VAD_01,Dandia Bazar / Nandesari CAAQMS,22.4125,73.0944,2024-11-26,44.0,48.408,28.512,9.05,559.417,64.875,ug/m3,CPCB / GPCB Continuous Ambient Air Quality Monitoring Station,OBSERVED_GROUND_DATA
GJ_VAD_01,Dandia Bazar / Nandesari CAAQMS,22.4125,73.0944,2024-11-27,33.196,36.667,32.617,9.946,617.792,68.042,ug/m3,CPCB / GPCB Continuous Ambient Air Quality Monitoring Station,OBSERVED_GROUND_DATA
GJ_VAD_01,Dandia Bazar / Nandesari CAAQMS,22.4125,73.0944,2024-11-28,35.412,39.892,29.317,8.362,491.917,63.625,ug/m3,CPCB / GPCB Continuous Ambient Air Quality Monitoring Station,OBSERVED_GROUND_DATA
GJ_VAD_01,Dandia Bazar / Nandesari CAAQMS,22.4125,73.0944,2024-11-29,34.875,37.046,14.933,8.504,507.333,83.458,ug/m3,CPCB / GPCB Continuous Ambient Air Quality Monitoring Station,OBSERVED_GROUND_DATA
GJ_VAD_01,Dandia Bazar / Nandesari CAAQMS,22.4125,73.0944,2024-11-30,45.517,47.408,13.475,9.121,415.958,89.708,ug/m3,CPCB / GPCB Continuous Ambient Air Quality Monitoring Station,OBSERVED_GROUND_DATA
GJ_VAD_01,Dandia Bazar / Nandesari CAAQMS,22.4125,73.0944,2024-12-01,54.725,57.658,16.071,10.304,448.125,90.917,ug/m3,CPCB / GPCB Continuous Ambient Air Quality Monitoring Station,OBSERVED_GROUND_DATA
GJ_VAD_01,Dandia Bazar / Nandesari CAAQMS,22.4125,73.0944,2024-12-02,48.088,50.083,15.579,10.046,449.417,86.833,ug/m3,CPCB / GPCB Continuous Ambient Air Quality Monitoring Station,OBSERVED_GROUND_DATA
GJ_VAD_01,Dandia Bazar / Nandesari CAAQMS,22.4125,73.0944,2024-12-03,36.008,37.179,12.812,9.729,419.375,85.583,ug/m3,CPCB / GPCB Continuous Ambient Air Quality Monitoring Station,OBSERVED_GROUND_DATA
GJ_VAD_01,Dandia Bazar / Nandesari CAAQMS,22.4125,73.0944,2024-12-04,38.942,40.171,11.962,10.721,433.667,88.042,ug/m3,CPCB / GPCB Continuous Ambient Air Quality Monitoring Station,OBSERVED_GROUND_DATA
GJ_VAD_01,Dandia Bazar / Nandesari CAAQMS,22.4125,73.0944,2024-12-05,38.833,40.633,15.138,11.829,451.0,82.292,ug/m3,CPCB / GPCB Continuous Ambient Air Quality Monitoring Station,OBSERVED_GROUND_DATA
GJ_VAD_01,Dandia Bazar / Nandesari CAAQMS,22.4125,73.0944,2024-12-06,30.617,31.771,20.783,12.058,551.542,75.125,ug/m3,CPCB / GPCB Continuous Ambient Air Quality Monitoring Station,OBSERVED_GROUND_DATA
GJ_VAD_01,Dandia Bazar / Nandesari CAAQMS,22.4125,73.0944,2024-12-07,31.921,33.325,32.271,12.2,718.25,62.375,ug/m3,CPCB / GPCB Continuous Ambient Air Quality Monitoring Station,OBSERVED_GROUND_DATA
GJ_VAD_01,Dandia Bazar / Nandesari CAAQMS,22.4125,73.0944,2024-12-08,26.433,27.325,24.479,12.008,592.458,67.917,ug/m3,CPCB / GPCB Continuous Ambient Air Quality Monitoring Station,OBSERVED_GROUND_DATA
GJ_VAD_01,Dandia Bazar / Nandesari CAAQMS,22.4125,73.0944,2024-12-09,12.967,14.592,16.054,6.658,351.542,66.083,ug/m3,CPCB / GPCB Continuous Ambient Air Quality Monitoring Station,OBSERVED_GROUND_DATA
GJ_VAD_01,Dandia Bazar / Nandesari CAAQMS,22.4125,73.0944,2024-12-10,22.088,22.675,11.867,11.446,412.875,82.083,ug/m3,CPCB / GPCB Continuous Ambient Air Quality Monitoring Station,OBSERVED_GROUND_DATA
GJ_VAD_01,Dandia Bazar / Nandesari CAAQMS,22.4125,73.0944,2024-12-11,20.512,20.912,13.562,9.438,417.458,82.167,ug/m3,CPCB / GPCB Continuous Ambient Air Quality Monitoring Station,OBSERVED_GROUND_DATA
GJ_VAD_01,Dandia Bazar / Nandesari CAAQMS,22.4125,73.0944,2024-12-12,24.188,24.579,13.254,9.038,416.667,78.375,ug/m3,CPCB / GPCB Continuous Ambient Air Quality Monitoring Station,OBSERVED_GROUND_DATA
GJ_VAD_01,Dandia Bazar / Nandesari CAAQMS,22.4125,73.0944,2024-12-13,27.467,27.921,9.704,15.692,366.958,91.333,ug/m3,CPCB / GPCB Continuous Ambient Air Quality Monitoring Station,OBSERVED_GROUND_DATA
GJ_VAD_01,Dandia Bazar / Nandesari CAAQMS,22.4125,73.0944,2024-12-14,22.633,23.967,11.504,10.796,432.208,90.625,ug/m3,CPCB / GPCB Continuous Ambient Air Quality Monitoring Station,OBSERVED_GROUND_DATA
GJ_VAD_01,Dandia Bazar / Nandesari CAAQMS,22.4125,73.0944,2024-12-15,19.362,19.463,16.138,10.208,442.292,82.25,ug/m3,CPCB / GPCB Continuous Ambient Air Quality Monitoring Station,OBSERVED_GROUND_DATA
GJ_VAD_01,Dandia Bazar / Nandesari CAAQMS,22.4125,73.0944,2024-12-16,20.954,20.971,19.521,11.375,493.375,80.25,ug/m3,CPCB / GPCB Continuous Ambient Air Quality Monitoring Station,OBSERVED_GROUND_DATA
GJ_VAD_01,Dandia Bazar / Nandesari CAAQMS,22.4125,73.0944,2024-12-17,38.054,38.146,30.233,16.717,718.75,74.667,ug/m3,CPCB / GPCB Continuous Ambient Air Quality Monitoring Station,OBSERVED_GROUND_DATA
GJ_VAD_01,Dandia Bazar / Nandesari CAAQMS,22.4125,73.0944,2024-12-18,48.742,49.462,31.167,16.742,656.417,80.25,ug/m3,CPCB / GPCB Continuous Ambient Air Quality Monitoring Station,OBSERVED_GROUND_DATA
GJ_VAD_01,Dandia Bazar / Nandesari CAAQMS,22.4125,73.0944,2024-12-19,63.838,64.75,35.079,20.329,744.958,78.917,ug/m3,CPCB / GPCB Continuous Ambient Air Quality Monitoring Station,OBSERVED_GROUND_DATA
GJ_VAD_01,Dandia Bazar / Nandesari CAAQMS,22.4125,73.0944,2024-12-20,79.092,79.858,25.262,24.225,683.833,90.625,ug/m3,CPCB / GPCB Continuous Ambient Air Quality Monitoring Station,OBSERVED_GROUND_DATA
GJ_VAD_01,Dandia Bazar / Nandesari CAAQMS,22.4125,73.0944,2024-12-21,71.196,71.838,28.562,14.237,672.625,78.417,ug/m3,CPCB / GPCB Continuous Ambient Air Quality Monitoring Station,OBSERVED_GROUND_DATA
GJ_VAD_01,Dandia Bazar / Nandesari CAAQMS,22.4125,73.0944,2024-12-22,91.379,92.617,26.058,25.3,551.083,82.417,ug/m3,CPCB / GPCB Continuous Ambient Air Quality Monitoring Station,OBSERVED_GROUND_DATA
GJ_VAD_01,Dandia Bazar / Nandesari CAAQMS,22.4125,73.0944,2024-12-23,108.888,110.421,29.067,29.925,577.875,69.792,ug/m3,CPCB / GPCB Continuous Ambient Air Quality Monitoring Station,OBSERVED_GROUND_DATA
GJ_VAD_01,Dandia Bazar / Nandesari CAAQMS,22.4125,73.0944,2024-12-24,75.929,78.158,18.171,16.067,703.375,81.833,ug/m3,CPCB / GPCB Continuous Ambient Air Quality Monitoring Station,OBSERVED_GROUND_DATA
GJ_VAD_01,Dandia Bazar / Nandesari CAAQMS,22.4125,73.0944,2024-12-25,91.538,92.883,17.629,11.171,565.0,71.542,ug/m3,CPCB / GPCB Continuous Ambient Air Quality Monitoring Station,OBSERVED_GROUND_DATA
GJ_VAD_01,Dandia Bazar / Nandesari CAAQMS,22.4125,73.0944,2024-12-26,100.054,101.371,23.808,13.358,687.208,73.083,ug/m3,CPCB / GPCB Continuous Ambient Air Quality Monitoring Station,OBSERVED_GROUND_DATA
GJ_VAD_01,Dandia Bazar / Nandesari CAAQMS,22.4125,73.0944,2024-12-27,88.658,90.612,22.2,15.138,688.958,80.958,ug/m3,CPCB / GPCB Continuous Ambient Air Quality Monitoring Station,OBSERVED_GROUND_DATA
GJ_VAD_01,Dandia Bazar / Nandesari CAAQMS,22.4125,73.0944,2024-12-28,100.842,102.262,16.35,12.35,646.458,74.417,ug/m3,CPCB / GPCB Continuous Ambient Air Quality Monitoring Station,OBSERVED_GROUND_DATA
GJ_VAD_01,Dandia Bazar / Nandesari CAAQMS,22.4125,73.0944,2024-12-29,63.6,64.329,10.833,10.208,484.875,74.0,ug/m3,CPCB / GPCB Continuous Ambient Air Quality Monitoring Station,OBSERVED_GROUND_DATA
GJ_VAD_01,Dandia Bazar / Nandesari CAAQMS,22.4125,73.0944,2024-12-30,51.871,52.238,12.25,8.146,488.458,74.292,ug/m3,CPCB / GPCB Continuous Ambient Air Quality Monitoring Station,OBSERVED_GROUND_DATA
GJ_VAD_01,Dandia Bazar / Nandesari CAAQMS,22.4125,73.0944,2024-12-31,49.887,50.279,17.554,11.858,569.25,76.917,ug/m3,CPCB / GPCB Continuous Ambient Air Quality Monitoring Station,OBSERVED_GROUND_DATA
