date,latitude,longitude,temperature_c,relative_humidity_pct,precipitation_mm,surface_pressure_hpa,wind_speed_ms,wind_direction_deg,wind_u,wind_v,source,pm10,pm25,no2,so2,co,o3,aerosol_index,latitude_s5p,longitude_s5p,source_s5p,cloud_fraction,qa_value,ndvi,ndbi,ndwi,cloud_probability,factory_id,factory_name,process,electricity_kwh,natural_gas_m3,diesel_litres,production_tonnes,raw_material_tonnes,waste_tonnes,recycled_tonnes,operating_hours,category,total_energy_mwh,energy_intensity_mwh_per_tonne,fuel_intensity_gas_m3_per_tonne,waste_intensity_kg_per_tonne,recycling_rate_pct,calculated_scope1_co2e_tonnes,calculated_scope2_co2e_tonnes,calculated_total_co2e_tonnes,emission_intensity_co2e_per_tonne,day,month,year,day_of_week,month_sin,month_cos,dow_sin,dow_cos,no2_lag_1d,no2_lag_7d,so2_lag_1d,co_lag_1d,pm25_lag_1d,no2_7d_mean,no2_30d_mean,so2_7d_mean,pm25_7d_mean,environmental_risk_score
2023-01-01,22.4125,73.0944,19.4,61,0.0,1012.8,3.22,32,-1.708,-2.733,ERA5 Reanalysis (Open-Meteo Historical Archive),70.913,48.779,23.912,11.538,456.958,80.458,0.324,22.412,73.094,Copernicus S5P TROPOMI & CAMS Multi-Sensor Assimilation,0.18,0.85,0.1429,0.125,-0.2444,15.0,FAC_VAD_01,Apex PetroChem & Polymers Ltd,"Utility Steam Boiler, Thermic Heater, DG Set & Distillation",5495.0,412.3,6.8,37.0,41.4,0.13319999999999999,0.0373,18.0,FACTORY_OPERATIONAL_DATA,9.892,0.2674,11.143,3.6,28.0,0.855,3.344,4.199,0.1135,1,1,2023,6,0.5,0.866,-0.7818,0.6235,23.912,23.912,11.538,456.958,48.779,23.912,23.912,11.538,48.779,36.2
2023-01-02,22.4125,73.0944,19.3,62,0.0,1012.7,3.31,40,-2.125,-2.532,ERA5 Reanalysis (Open-Meteo Historical Archive),82.688,57.429,21.688,9.138,476.833,83.958,0.371,22.412,73.094,Copernicus S5P TROPOMI & CAMS Multi-Sensor Assimilation,0.18,0.85,0.1429,0.125,-0.2444,15.0,FAC_VAD_01,Apex PetroChem & Polymers Ltd,"Utility Steam Boiler, Thermic Heater, DG Set & Distillation",8754.0,663.1,0.0,55.6,63.4,0.21130000000000002,0.0528,24.0,FACTORY_OPERATIONAL_DATA,15.717,0.2827,11.926,3.8,25.0,1.346,5.328,6.674,0.12,2,1,2023,0,0.5,0.866,0.0,1.0,23.912,23.912,11.538,456.958,48.779,22.8,22.8,10.338,53.104,36.4
2023-01-03,22.4125,73.0944,19.1,60,0.0,1012.9,4.53,38,-2.788,-3.568,ERA5 Reanalysis (Open-Meteo Historical Archive),67.692,47.275,14.917,7.879,403.792,85.417,0.366,22.412,73.094,Copernicus S5P TROPOMI & CAMS Multi-Sensor Assimilation,0.18,0.85,0.1429,0.125,-0.2444,15.0,FAC_VAD_01,Apex PetroChem & Polymers Ltd,"Utility Steam Boiler, Thermic Heater, DG Set & Distillation",6807.0,552.8,0.0,45.7,52.1,0.1737,0.0434,24.0,FACTORY_OPERATIONAL_DATA,12.611,0.276,12.096,3.8,25.0,1.122,4.143,5.265,0.1152,3,1,2023,1,0.5,0.866,0.7818,0.6235,21.688,23.912,9.138,476.833,57.429,20.172,20.172,9.518,51.161,29.0
2023-01-04,22.4125,73.0944,18.1,54,0.0,1013.3,6.0,47,-4.388,-4.092,ERA5 Reanalysis (Open-Meteo Historical Archive),56.242,39.137,10.892,12.225,343.25,95.708,0.337,22.412,73.094,Copernicus S5P TROPOMI & CAMS Multi-Sensor Assimilation,0.18,0.85,0.1429,0.125,-0.2444,15.0,FAC_VAD_01,Apex PetroChem & Polymers Ltd,"Utility Steam Boiler, Thermic Heater, DG Set & Distillation",7232.0,473.9,0.0,45.7,52.1,0.1737,0.0434,24.0,FACTORY_OPERATIONAL_DATA,12.208,0.2671,10.37,3.8,25.0,0.962,4.401,5.363,0.1174,4,1,2023,2,0.5,0.866,0.9749,-0.2225,14.917,23.912,7.879,403.792,47.275,17.852,17.852,10.195,48.155,27.6
2023-01-05,22.4125,73.0944,19.0,58,0.0,1012.9,5.22,53,-4.171,-3.143,ERA5 Reanalysis (Open-Meteo Historical Archive),83.046,58.054,12.408,14.013,456.875,94.375,1.191,22.412,73.094,Copernicus S5P TROPOMI & CAMS Multi-Sensor Assimilation,0.18,0.85,0.1429,0.125,-0.2444,15.0,FAC_VAD_01,Apex PetroChem & Polymers Ltd,"Utility Steam Boiler, Thermic Heater, DG Set & Distillation",6248.0,514.1,0.0,42.9,48.9,0.163,0.040799999999999996,24.0,FACTORY_OPERATIONAL_DATA,11.646,0.2715,11.984,3.8,25.0,1.044,3.803,4.847,0.113,5,1,2023,3,0.5,0.866,0.4339,-0.901,10.892,23.912,12.225,343.25,39.137,16.763,16.763,10.959,50.135,36.3
2023-01-06,22.4125,73.0944,21.6,68,0.0,1013.5,4.22,67,-3.887,-1.65,ERA5 Reanalysis (Open-Meteo Historical Archive),120.308,83.967,12.588,22.625,531.583,87.167,1.497,22.412,73.094,Copernicus S5P TROPOMI & CAMS Multi-Sensor Assimilation,0.18,0.85,0.1429,0.125,-0.2444,15.0,FAC_VAD_01,Apex PetroChem & Polymers Ltd,"Utility Steam Boiler, Thermic Heater, DG Set & Distillation",6396.0,466.9,0.0,40.9,46.6,0.1554,0.0389,24.0,FACTORY_OPERATIONAL_DATA,11.298,0.2762,11.416,3.8,25.0,0.948,3.893,4.841,0.1184,6,1,2023,4,0.5,0.866,-0.4339,-0.901,12.408,23.912,14.013,456.875,58.054,16.067,16.067,12.903,55.774,51.9
2023-01-07,22.4125,73.0944,22.9,63,0.0,1013.2,3.81,82,-3.769,-0.53,ERA5 Reanalysis (Open-Meteo Historical Archive),91.158,63.538,12.521,18.921,467.167,87.25,0.907,22.412,73.094,Copernicus S5P TROPOMI & CAMS Multi-Sensor Assimilation,0.18,0.85,0.1429,0.125,-0.2444,15.0,FAC_VAD_01,Apex PetroChem & Polymers Ltd,"Utility Steam Boiler, Thermic Heater, DG Set & Distillation",6540.0,537.3,282.5,45.3,51.6,0.1721,0.043,24.0,FACTORY_OPERATIONAL_DATA,15.007,0.3313,11.861,3.8,25.0,1.848,3.98,5.828,0.1287,7,1,2023,5,0.5,0.866,-0.9749,-0.2225,12.588,23.912,22.625,531.583,83.967,15.561,15.561,13.763,56.883,41.9
2023-01-08,22.4125,73.0944,21.5,61,0.0,1012.2,3.11,72,-2.959,-0.961,ERA5 Reanalysis (Open-Meteo Historical Archive),66.95,46.608,12.525,11.312,373.583,80.5,0.474,22.412,73.094,Copernicus S5P TROPOMI & CAMS Multi-Sensor Assimilation,0.18,0.85,0.1429,0.125,-0.2444,15.0,FAC_VAD_01,Apex PetroChem & Polymers Ltd,"Utility Steam Boiler, Thermic Heater, DG Set & Distillation",5234.0,399.8,46.1,36.5,40.9,0.13140000000000002,0.0368,18.0,FACTORY_OPERATIONAL_DATA,9.893,0.271,10.953,3.6,28.0,0.935,3.185,4.12,0.1129,8,1,2023,6,0.5,0.866,-0.7818,0.6235,12.521,23.912,18.921,467.167,63.538,13.934,15.181,13.73,56.573,30.3
2023-01-09,22.4125,73.0944,20.6,59,0.0,1013.1,3.33,72,-3.17,-1.03,ERA5 Reanalysis (Open-Meteo Historical Archive),63.354,44.062,23.463,9.379,437.208,63.625,0.278,22.412,73.094,Copernicus S5P TROPOMI & CAMS Multi-Sensor Assimilation,0.18,0.85,0.1429,0.125,-0.2444,15.0,FAC_VAD_01,Apex PetroChem & Polymers Ltd,"Utility Steam Boiler, Thermic Heater, DG Set & Distillation",6361.0,502.2,0.0,42.9,48.9,0.163,0.040799999999999996,24.0,FACTORY_OPERATIONAL_DATA,11.634,0.2712,11.706,3.8,25.0,1.019,3.871,4.89,0.114,9,1,2023,0,0.5,0.866,0.0,1.0,12.525,21.688,11.312,373.583,46.608,14.188,16.102,13.765,54.663,32.7
2023-01-10,22.4125,73.0944,19.9,60,0.0,1012.5,2.53,66,-2.309,-1.028,ERA5 Reanalysis (Open-Meteo Historical Archive),66.558,46.392,34.762,7.475,525.125,53.625,0.23,22.412,73.094,Copernicus S5P TROPOMI & CAMS Multi-Sensor Assimilation,0.18,0.85,0.1429,0.125,-0.2444,15.0,FAC_VAD_01,Apex PetroChem & Polymers Ltd,"Utility Steam Boiler, Thermic Heater, DG Set & Distillation",6930.0,587.0,0.0,48.0,54.7,0.1824,0.0456,24.0,FACTORY_OPERATIONAL_DATA,13.094,0.2728,12.229,3.8,25.0,1.192,4.218,5.41,0.1127,10,1,2023,1,0.5,0.866,0.7818,0.6235,23.463,14.917,9.379,437.208,44.062,17.023,17.968,13.707,54.537,37.1
2023-01-11,22.4125,73.0944,19.9,64,0.0,1009.4,2.69,108,-2.563,0.833,ERA5 Reanalysis (Open-Meteo Historical Archive),85.475,59.217,41.896,17.579,632.5,56.458,0.301,22.412,73.094,Copernicus S5P TROPOMI & CAMS Multi-Sensor Assimilation,0.18,0.85,0.1429,0.125,-0.2444,15.0,FAC_VAD_01,Apex PetroChem & Polymers Ltd,"Utility Steam Boiler, Thermic Heater, DG Set & Distillation",9474.0,760.3,0.0,61.9,70.6,0.2352,0.0588,24.0,FACTORY_OPERATIONAL_DATA,17.457,0.282,12.283,3.8,25.0,1.543,5.766,7.309,0.1181,11,1,2023,2,0.5,0.866,0.9749,-0.2225,34.762,10.892,7.475,525.125,46.392,21.452,20.143,14.472,57.405,52.2
2023-01-12,22.4125,73.0944,21.5,65,0.0,1007.7,3.22,253,3.081,0.942,ERA5 Reanalysis (Open-Meteo Historical Archive),71.25,46.246,50.617,23.542,701.333,35.208,0.312,22.412,73.094,Copernicus S5P TROPOMI & CAMS Multi-Sensor Assimilation,0.18,0.85,0.1429,0.125,-0.2444,15.0,FAC_VAD_01,Apex PetroChem & Polymers Ltd,"Utility Steam Boiler, Thermic Heater, DG Set & Distillation",7874.0,615.4,0.0,52.4,59.7,0.1991,0.0498,24.0,FACTORY_OPERATIONAL_DATA,14.336,0.2736,11.744,3.8,25.0,1.249,4.792,6.041,0.1153,12,1,2023,3,0.5,0.866,0.4339,-0.901,41.896,12.408,17.579,632.5,59.217,26.91,22.682,15.833,55.719,56.0
2023-01-13,22.4125,73.0944,19.4,53,0.0,1009.0,2.81,288,2.668,-0.867,ERA5 Reanalysis (Open-Meteo Historical Archive),61.167,40.033,43.729,25.242,517.792,44.083,0.28,22.412,73.094,Copernicus S5P TROPOMI & CAMS Multi-Sensor Assimilation,0.18,0.85,0.1429,0.125,-0.2444,15.0,FAC_VAD_01,Apex PetroChem & Polymers Ltd,"Utility Steam Boiler, Thermic Heater, DG Set & Distillation",7485.0,599.0,0.0,51.9,59.2,0.1972,0.0493,24.0,FACTORY_OPERATIONAL_DATA,13.774,0.2654,11.541,3.8,25.0,1.216,4.555,5.771,0.1112,13,1,2023,4,0.5,0.866,-0.4339,-0.901,50.617,12.588,23.542,701.333,46.246,31.359,24.301,16.207,49.442,52.1
2023-01-14,22.4125,73.0944,17.4,49,0.0,1010.6,3.31,27,-1.501,-2.945,ERA5 Reanalysis (Open-Meteo Historical Archive),63.887,43.988,35.6,12.2,587.333,59.5,0.259,22.412,73.094,Copernicus S5P TROPOMI & CAMS Multi-Sensor Assimilation,0.18,0.85,0.1429,0.125,-0.2444,15.0,FAC_VAD_01,Apex PetroChem & Polymers Ltd,"Utility Steam Boiler, Thermic Heater, DG Set & Distillation",6512.0,522.6,411.7,43.6,49.7,0.1657,0.0414,24.0,FACTORY_OPERATIONAL_DATA,16.116,0.3696,11.986,3.8,25.0,2.164,3.963,6.127,0.1405,14,1,2023,5,0.5,0.866,-0.9749,-0.2225,43.729,12.521,25.242,517.792,40.033,34.656,25.108,15.247,46.649,40.1
2023-01-15,22.4125,73.0944,17.5,49,0.0,1009.3,3.75,33,-2.042,-3.145,ERA5 Reanalysis (Open-Meteo Historical Archive),61.038,42.367,24.004,12.442,567.083,76.625,0.278,22.412,73.094,Copernicus S5P TROPOMI & CAMS Multi-Sensor Assimilation,0.18,0.85,0.1429,0.125,-0.2444,15.0,FAC_VAD_01,Apex PetroChem & Polymers Ltd,"Utility Steam Boiler, Thermic Heater, DG Set & Distillation",4890.0,370.9,59.0,32.3,36.2,0.1163,0.032600000000000004,18.0,FACTORY_OPERATIONAL_DATA,9.374,0.2902,11.483,3.6,28.0,0.911,2.976,3.887,0.1203,15,1,2023,6,0.5,0.866,-0.7818,0.6235,35.6,12.525,12.2,587.333,43.988,36.296,25.035,15.408,46.044,34.7
2023-01-16,22.4125,73.0944,17.7,47,0.0,1009.0,3.25,30,-1.625,-2.815,ERA5 Reanalysis (Open-Meteo Historical Archive),59.896,41.646,19.412,11.562,501.958,88.0,0.307,22.412,73.094,Copernicus S5P TROPOMI & CAMS Multi-Sensor Assimilation,0.18,0.85,0.1429,0.125,-0.2444,15.0,FAC_VAD_01,Apex PetroChem & Polymers Ltd,"Utility Steam Boiler, Thermic Heater, DG Set & Distillation",7823.0,616.7,188.9,52.7,60.1,0.2003,0.0501,24.0,FACTORY_OPERATIONAL_DATA,16.187,0.3072,11.702,3.8,25.0,1.758,4.761,6.519,0.1237,16,1,2023,0,0.5,0.866,0.0,1.0,24.004,23.463,12.442,567.083,42.367,35.717,24.683,15.72,45.698,31.7
2023-01-17,22.4125,73.0944,18.4,45,0.0,1009.5,3.64,35,-2.087,-2.981,ERA5 Reanalysis (Open-Meteo Historical Archive),58.292,40.613,15.942,11.75,423.25,93.542,0.292,22.412,73.094,Copernicus S5P TROPOMI & CAMS Multi-Sensor Assimilation,0.18,0.85,0.1429,0.125,-0.2444,15.0,FAC_VAD_01,Apex PetroChem & Polymers Ltd,"Utility Steam Boiler, Thermic Heater, DG Set & Distillation",6103.0,505.4,0.0,40.5,46.2,0.1539,0.0385,24.0,FACTORY_OPERATIONAL_DATA,11.41,0.2817,12.479,3.8,25.0,1.026,3.714,4.74,0.117,17,1,2023,1,0.5,0.866,0.7818,0.6235,19.412,34.762,11.562,501.958,41.646,33.029,24.169,16.331,44.873,30.0
2023-01-18,22.4125,73.0944,19.4,52,0.0,1010.4,3.61,47,-2.641,-2.463,ERA5 Reanalysis (Open-Meteo Historical Archive),64.55,45.042,19.604,8.958,409.458,88.5,0.285,22.412,73.094,Copernicus S5P TROPOMI & CAMS Multi-Sensor Assimilation,0.18,0.85,0.1429,0.125,-0.2444,15.0,FAC_VAD_01,Apex PetroChem & Polymers Ltd,"Utility Steam Boiler, Thermic Heater, DG Set & Distillation",7384.0,561.9,0.0,45.9,52.3,0.1744,0.0436,24.0,FACTORY_OPERATIONAL_DATA,13.284,0.2894,12.242,3.8,25.0,1.141,4.494,5.635,0.1228,18,1,2023,2,0.5,0.866,0.9749,-0.2225,15.942,41.896,11.75,423.25,40.613,29.844,23.916,15.099,42.848,31.1
2023-01-19,22.4125,73.0944,20.2,58,0.0,1009.4,3.19,41,-2.096,-2.411,ERA5 Reanalysis (Open-Meteo Historical Archive),75.979,53.058,33.504,10.7,538.25,78.792,0.353,22.412,73.094,Copernicus S5P TROPOMI & CAMS Multi-Sensor Assimilation,0.18,0.85,0.1429,0.125,-0.2444,15.0,FAC_VAD_01,Apex PetroChem & Polymers Ltd,"Utility Steam Boiler, Thermic Heater, DG Set & Distillation",6797.0,503.1,0.0,42.8,48.8,0.1626,0.040600000000000004,24.0,FACTORY_OPERATIONAL_DATA,12.08,0.2822,11.755,3.8,25.0,1.021,4.137,5.158,0.1205,19,1,2023,3,0.5,0.866,0.4339,-0.901,19.604,50.617,8.958,409.458,45.042,27.399,24.42,13.265,43.821,41.3
2023-01-20,22.4125,73.0944,20.3,64,0.0,1008.6,2.83,7,-0.345,-2.812,ERA5 Reanalysis (Open-Meteo Historical Archive),102.483,71.579,53.488,19.721,781.208,61.792,0.363,22.412,73.094,Copernicus S5P TROPOMI & CAMS Multi-Sensor Assimilation,0.18,0.85,0.1429,0.125,-0.2444,15.0,FAC_VAD_01,Apex PetroChem & Polymers Ltd,"Utility Steam Boiler, Thermic Heater, DG Set & Distillation",8373.0,612.7,0.0,52.0,59.3,0.1976,0.0494,24.0,FACTORY_OPERATIONAL_DATA,14.806,0.2847,11.783,3.8,25.0,1.244,5.096,6.34,0.1219,20,1,2023,4,0.5,0.866,-0.4339,-0.901,33.504,43.729,10.7,538.25,53.058,28.793,25.874,12.476,48.328,63.2
2023-01-21,22.4125,73.0944,20.1,39,0.0,1009.4,3.58,325,2.055,-2.935,ERA5 Reanalysis (Open-Meteo Historical Archive),82.9,57.404,40.962,18.417,548.708,62.333,0.346,22.412,73.094,Copernicus S5P TROPOMI & CAMS Multi-Sensor Assimilation,0.18,0.85,0.1429,0.125,-0.2444,15.0,FAC_VAD_01,Apex PetroChem & Polymers Ltd,"Utility Steam Boiler, Thermic Heater, DG Set & Distillation",6566.0,541.3,0.0,46.0,52.4,0.1748,0.0437,24.0,FACTORY_OPERATIONAL_DATA,12.25,0.2663,11.767,3.8,25.0,1.099,3.996,5.095,0.1108,21,1,2023,5,0.5,0.866,-0.9749,-0.2225,53.488,35.6,19.721,781.208,71.579,29.559,26.592,13.364,50.244,51.8
2023-01-22,22.4125,73.0944,18.7,40,0.0,1009.2,3.22,316,2.238,-2.318,ERA5 Reanalysis (Open-Meteo Historical Archive),80.408,54.854,39.642,22.975,574.417,65.333,0.317,22.412,73.094,Copernicus S5P TROPOMI & CAMS Multi-Sensor Assimilation,0.18,0.85,0.1429,0.125,-0.2444,15.0,FAC_VAD_01,Apex PetroChem & Polymers Ltd,"Utility Steam Boiler, Thermic Heater, DG Set & Distillation",5755.0,435.7,21.1,39.2,43.9,0.1411,0.0395,18.0,FACTORY_OPERATIONAL_DATA,10.541,0.2689,11.115,3.6,28.0,0.941,3.502,4.443,0.1133,22,1,2023,6,0.5,0.866,-0.7818,0.6235,40.962,24.004,18.417,548.708,57.404,31.793,27.185,14.869,52.028,53.8
2023-01-23,22.4125,73.0944,18.2,44,0.0,1008.4,2.92,293,2.685,-1.14,ERA5 Reanalysis (Open-Meteo Historical Archive),95.833,66.183,45.004,26.825,612.5,58.375,0.38,22.412,73.094,Copernicus S5P TROPOMI & CAMS Multi-Sensor Assimilation,0.18,0.85,0.1429,0.125,-0.2444,15.0,FAC_VAD_01,Apex PetroChem & Polymers Ltd,"Utility Steam Boiler, Thermic Heater, DG Set & Distillation",6640.0,539.0,252.2,44.1,50.3,0.1676,0.0419,24.0,FACTORY_OPERATIONAL_DATA,14.822,0.3361,12.222,3.8,25.0,1.77,4.041,5.811,0.1318,23,1,2023,0,0.5,0.866,0.0,1.0,39.642,19.412,22.975,574.417,54.854,35.449,27.96,17.049,55.533,63.0
2023-01-24,22.4125,73.0944,18.6,48,0.0,1008.5,3.11,289,2.942,-1.013,ERA5 Reanalysis (Open-Meteo Historical Archive),128.275,87.742,41.9,31.025,707.708,69.583,0.689,22.412,73.094,Copernicus S5P TROPOMI & CAMS Multi-Sensor Assimilation,0.18,0.85,0.1429,0.125,-0.2444,15.0,FAC_VAD_01,Apex PetroChem & Polymers Ltd,"Utility Steam Boiler, Thermic Heater, DG Set & Distillation",7324.0,554.2,0.0,45.9,52.3,0.1744,0.0436,24.0,FACTORY_OPERATIONAL_DATA,13.143,0.2863,12.074,3.8,25.0,1.125,4.457,5.582,0.1216,24,1,2023,1,0.5,0.866,0.7818,0.6235,45.004,15.942,26.825,612.5,66.183,39.158,28.541,19.803,62.266,72.3
2023-01-25,22.4125,73.0944,19.1,46,0.0,1009.5,3.72,350,0.646,-3.666,ERA5 Reanalysis (Open-Meteo Historical Archive),117.654,81.242,28.483,21.479,677.708,75.375,0.697,22.412,73.094,Copernicus S5P TROPOMI & CAMS Multi-Sensor Assimilation,0.18,0.85,0.1429,0.125,-0.2444,15.0,FAC_VAD_01,Apex PetroChem & Polymers Ltd,"Utility Steam Boiler, Thermic Heater, DG Set & Distillation",6930.0,548.6,0.0,45.4,51.8,0.1725,0.0431,24.0,FACTORY_OPERATIONAL_DATA,12.69,0.2795,12.084,3.8,25.0,1.114,4.218,5.332,0.1174,25,1,2023,2,0.5,0.866,0.9749,-0.2225,41.9,19.604,31.025,707.708,87.742,40.426,28.539,21.592,67.437,57.0
2023-01-26,22.4125,73.0944,20.3,50,0.0,1010.1,4.81,27,-2.182,-4.282,ERA5 Reanalysis (Open-Meteo Historical Archive),92.188,63.767,15.296,12.737,486.917,84.083,0.885,22.412,73.094,Copernicus S5P TROPOMI & CAMS Multi-Sensor Assimilation,0.18,0.85,0.1429,0.125,-0.2444,15.0,FAC_VAD_01,Apex PetroChem & Polymers Ltd,"Utility Steam Boiler, Thermic Heater, DG Set & Distillation",8228.0,615.3,24.6,52.8,60.2,0.2006,0.0501,24.0,FACTORY_OPERATIONAL_DATA,14.935,0.2829,11.653,3.8,25.0,1.315,5.008,6.323,0.1198,26,1,2023,3,0.5,0.866,0.4339,-0.901,28.483,33.504,21.479,677.708,81.242,37.825,28.029,21.883,68.967,38.6
2023-01-27,22.4125,73.0944,22.1,59,0.0,1009.6,4.44,41,-2.916,-3.354,ERA5 Reanalysis (Open-Meteo Historical Archive),95.646,66.229,11.121,11.092,465.083,95.458,0.815,22.412,73.094,Copernicus S5P TROPOMI & CAMS Multi-Sensor Assimilation,0.18,0.85,0.1429,0.125,-0.2444,15.0,FAC_VAD_01,Apex PetroChem & Polymers Ltd,"Utility Steam Boiler, Thermic Heater, DG Set & Distillation",7472.0,634.6,12.1,54.4,62.0,0.2067,0.0517,24.0,FACTORY_OPERATIONAL_DATA,14.256,0.2621,11.665,3.8,25.0,1.321,4.547,5.868,0.1079,27,1,2023,4,0.5,0.866,-0.4339,-0.901,15.296,53.488,12.737,486.917,63.767,31.773,27.403,20.65,68.203,36.4
2023-01-28,22.4125,73.0944,23.7,65,3.5,1006.8,5.61,51,-4.361,-3.531,ERA5 Reanalysis (Open-Meteo Historical Archive),96.942,66.992,19.779,10.308,491.375,81.0,1.007,22.412,73.094,Copernicus S5P TROPOMI & CAMS Multi-Sensor Assimilation,0.18,0.85,0.1429,0.125,-0.2444,15.0,FAC_VAD_01,Apex PetroChem & Polymers Ltd,"Utility Steam Boiler, Thermic Heater, DG Set & Distillation",7505.0,597.8,0.0,49.7,56.7,0.1889,0.047200000000000006,24.0,FACTORY_OPERATIONAL_DATA,13.782,0.2773,12.028,3.8,25.0,1.214,4.568,5.782,0.1163,28,1,2023,5,0.5,0.866,-0.9749,-0.2225,11.121,40.962,11.092,465.083,66.229,28.746,27.131,19.492,69.573,39.8
2023-01-29,22.4125,73.0944,22.8,71,3.7,1004.7,3.81,170,-0.661,3.748,ERA5 Reanalysis (Open-Meteo Historical Archive),127.35,87.479,39.779,23.8,762.583,79.125,1.233,22.412,73.094,Copernicus S5P TROPOMI & CAMS Multi-Sensor Assimilation,0.18,0.85,0.1429,0.125,-0.2444,15.0,FAC_VAD_01,Apex PetroChem & Polymers Ltd,"Utility Steam Boiler, Thermic Heater, DG Set & Distillation",6214.0,478.6,131.3,42.5,47.6,0.153,0.0428,18.0,FACTORY_OPERATIONAL_DATA,12.552,0.2953,11.261,3.6,28.0,1.323,3.782,5.105,0.1201,29,1,2023,6,0.5,0.866,-0.7818,0.6235,19.779,39.642,10.308,491.375,66.992,28.766,27.567,19.609,74.233,65.9
2023-01-30,22.4125,73.0944,22.2,69,0.0,1009.4,3.25,15,-0.841,-3.139,ERA5 Reanalysis (Open-Meteo Historical Archive),114.283,78.704,45.538,12.925,765.833,72.292,0.99,22.412,73.094,Copernicus S5P TROPOMI & CAMS Multi-Sensor Assimilation,0.18,0.85,0.1429,0.125,-0.2444,15.0,FAC_VAD_01,Apex PetroChem & Polymers Ltd,"Utility Steam Boiler, Thermic Heater, DG Set & Distillation",6733.0,561.2,0.0,47.6,54.3,0.1809,0.045200000000000004,24.0,FACTORY_OPERATIONAL_DATA,12.626,0.2653,11.79,3.8,25.0,1.139,4.098,5.237,0.11,30,1,2023,0,0.5,0.866,0.0,1.0,39.779,45.004,23.8,762.583,87.479,28.842,28.166,17.624,76.022,57.2
2023-01-31,22.4125,73.0944,21.6,61,0.0,1011.2,5.33,30,-2.667,-4.619,ERA5 Reanalysis (Open-Meteo Historical Archive),73.567,50.604,16.529,6.954,372.208,72.625,0.444,22.412,73.094,Copernicus S5P TROPOMI & CAMS Multi-Sensor Assimilation,0.18,0.85,0.1429,0.125,-0.2444,15.0,FAC_VAD_01,Apex PetroChem & Polymers Ltd,"Utility Steam Boiler, Thermic Heater, DG Set & Distillation",7284.0,631.5,63.9,48.3,55.1,0.1835,0.045899999999999996,24.0,FACTORY_OPERATIONAL_DATA,14.554,0.3013,13.075,3.8,25.0,1.453,4.433,5.886,0.1219,31,1,2023,1,0.5,0.866,0.7818,0.6235,45.538,41.9,12.925,765.833,78.704,25.218,27.92,14.185,70.717,30.2
2023-02-01,22.4125,73.0944,21.5,54,0.0,1011.1,5.19,43,-3.543,-3.799,ERA5 Reanalysis (Open-Meteo Historical Archive),54.504,37.683,12.013,8.279,356.583,89.292,0.413,22.412,73.094,Copernicus S5P TROPOMI & CAMS Multi-Sensor Assimilation,0.18,0.85,0.1429,0.125,-0.2444,15.0,FAC_VAD_01,Apex PetroChem & Polymers Ltd,"Utility Steam Boiler, Thermic Heater, DG Set & Distillation",7750.0,612.7,123.8,49.5,56.4,0.1881,0.047,24.0,FACTORY_OPERATIONAL_DATA,15.421,0.3115,12.378,3.8,25.0,1.576,4.717,6.293,0.1271,1,2,2023,2,0.866,0.5,0.9749,-0.2225,16.529,28.483,6.954,372.208,50.604,22.865,27.597,12.299,64.494,24.7
2023-02-02,22.4125,73.0944,21.7,45,0.0,1010.4,3.97,59,-3.405,-2.046,ERA5 Reanalysis (Open-Meteo Historical Archive),40.421,28.067,20.688,6.625,352.75,76.125,0.256,22.412,73.094,Copernicus S5P TROPOMI & CAMS Multi-Sensor Assimilation,0.18,0.85,0.1429,0.125,-0.2444,15.0,FAC_VAD_01,Apex PetroChem & Polymers Ltd,"Utility Steam Boiler, Thermic Heater, DG Set & Distillation",8536.0,614.0,171.3,55.0,62.7,0.209,0.0522,24.0,FACTORY_OPERATIONAL_DATA,16.696,0.3036,11.164,3.8,25.0,1.706,5.195,6.901,0.1255,2,2,2023,3,0.866,0.5,0.4339,-0.901,12.013,15.296,8.279,356.583,37.683,23.635,27.79,11.426,59.394,23.8
2023-02-03,22.4125,73.0944,22.2,44,0.0,1009.9,3.19,56,-2.648,-1.786,ERA5 Reanalysis (Open-Meteo Historical Archive),45.562,31.725,27.142,6.175,412.25,73.958,0.259,22.412,73.094,Copernicus S5P TROPOMI & CAMS Multi-Sensor Assimilation,0.18,0.85,0.1429,0.125,-0.2444,15.0,FAC_VAD_01,Apex PetroChem & Polymers Ltd,"Utility Steam Boiler, Thermic Heater, DG Set & Distillation",8798.0,671.4,84.9,59.0,67.3,0.22419999999999998,0.056,24.0,FACTORY_OPERATIONAL_DATA,16.697,0.283,11.38,3.8,25.0,1.59,5.354,6.944,0.1177,3,2,2023,4,0.866,0.5,-0.4339,-0.901,20.688,11.121,6.625,352.75,28.067,25.924,28.331,10.724,54.465,27.6
2023-02-04,22.4125,73.0944,22.0,43,0.0,1008.5,3.0,52,-2.364,-1.847,ERA5 Reanalysis (Open-Meteo Historical Archive),45.629,31.846,28.104,6.392,450.542,73.375,0.195,22.412,73.094,Copernicus S5P TROPOMI & CAMS Multi-Sensor Assimilation,0.18,0.85,0.1429,0.125,-0.2444,15.0,FAC_VAD_01,Apex PetroChem & Polymers Ltd,"Utility Steam Boiler, Thermic Heater, DG Set & Distillation",5792.0,476.1,0.0,40.2,45.8,0.15280000000000002,0.038200000000000005,24.0,FACTORY_OPERATIONAL_DATA,10.791,0.2684,11.843,3.8,25.0,0.966,3.525,4.491,0.1117,4,2,2023,5,0.866,0.5,-0.9749,-0.2225,27.142,19.779,6.175,412.25,31.725,27.113,28.854,10.164,49.444,28.2
2023-02-05,22.4125,73.0944,22.9,43,0.0,1007.0,2.64,74,-2.537,-0.727,ERA5 Reanalysis (Open-Meteo Historical Archive),51.758,36.137,38.438,9.483,558.875,68.708,0.151,22.412,73.094,Copernicus S5P TROPOMI & CAMS Multi-Sensor Assimilation,0.18,0.85,0.1429,0.125,-0.2444,15.0,FAC_VAD_01,Apex PetroChem & Polymers Ltd,"Utility Steam Boiler, Thermic Heater, DG Set & Distillation",5318.0,422.6,5.9,36.9,41.3,0.1328,0.037200000000000004,18.0,FACTORY_OPERATIONAL_DATA,9.814,0.266,11.453,3.6,28.0,0.874,3.237,4.111,0.1114,5,2,2023,6,0.866,0.5,-0.7818,0.6235,28.104,39.779,6.392,450.542,31.846,26.922,29.716,8.119,42.109,36.6
2023-02-06,22.4125,73.0944,23.0,45,0.0,1007.1,3.33,334,1.461,-2.996,ERA5 Reanalysis (Open-Meteo Historical Archive),83.988,55.25,54.171,22.071,857.458,48.833,0.225,22.412,73.094,Copernicus S5P TROPOMI & CAMS Multi-Sensor Assimilation,0.18,0.85,0.1429,0.125,-0.2444,15.0,FAC_VAD_01,Apex PetroChem & Polymers Ltd,"Utility Steam Boiler, Thermic Heater, DG Set & Distillation",6947.0,512.3,0.0,44.1,50.3,0.1676,0.0419,24.0,FACTORY_OPERATIONAL_DATA,12.326,0.2795,11.617,3.8,25.0,1.04,4.228,5.268,0.1195,6,2,2023,0,0.866,0.5,0.0,1.0,38.438,45.538,9.483,558.875,36.137,28.155,31.104,9.426,38.759,59.6
2023-02-07,22.4125,73.0944,23.1,56,0.0,1007.4,3.69,40,-2.375,-2.83,ERA5 Reanalysis (Open-Meteo Historical Archive),58.733,36.654,39.183,10.483,556.375,49.417,0.177,22.412,73.094,Copernicus S5P TROPOMI & CAMS Multi-Sensor Assimilation,0.18,0.85,0.1429,0.125,-0.2444,15.0,FAC_VAD_01,Apex PetroChem & Polymers Ltd,"Utility Steam Boiler, Thermic Heater, DG Set & Distillation",7115.0,527.3,9.3,41.8,47.7,0.15880000000000002,0.039700000000000006,24.0,FACTORY_OPERATIONAL_DATA,12.745,0.3049,12.615,3.8,25.0,1.095,4.33,5.425,0.1298,7,2,2023,1,0.866,0.5,0.7818,0.6235,54.171,16.529,22.071,857.458,55.25,31.391,31.993,9.93,36.766,37.8
2023-02-08,22.4125,73.0944,22.6,43,0.0,1008.1,2.94,43,-2.008,-2.153,ERA5 Reanalysis (Open-Meteo Historical Archive),46.688,32.229,36.412,6.504,541.042,60.875,0.114,22.412,73.094,Copernicus S5P TROPOMI & CAMS Multi-Sensor Assimilation,0.18,0.85,0.1429,0.125,-0.2444,15.0,FAC_VAD_01,Apex PetroChem & Polymers Ltd,"Utility Steam Boiler, Thermic Heater, DG Set & Distillation",6591.0,511.2,0.0,40.8,46.5,0.155,0.038799999999999994,24.0,FACTORY_OPERATIONAL_DATA,11.959,0.2931,12.529,3.8,25.0,1.038,4.011,5.049,0.1238,8,2,2023,2,0.866,0.5,0.9749,-0.2225,39.183,12.013,10.483,556.375,36.654,34.877,32.425,9.676,35.987,32.1
2023-02-09,22.4125,73.0944,23.8,44,0.0,1007.5,2.64,96,-2.624,0.276,ERA5 Reanalysis (Open-Meteo Historical Archive),60.758,42.379,46.887,14.983,669.458,69.875,0.137,22.412,73.094,Copernicus S5P TROPOMI & CAMS Multi-Sensor Assimilation,0.18,0.85,0.1429,0.125,-0.2444,15.0,FAC_VAD_01,Apex PetroChem & Polymers Ltd,"Utility Steam Boiler, Thermic Heater, DG Set & Distillation",6746.0,521.9,0.0,43.7,49.8,0.1661,0.0415,24.0,FACTORY_OPERATIONAL_DATA,12.226,0.2798,11.943,3.8,25.0,1.059,4.106,5.165,0.1182,9,2,2023,3,0.866,0.5,0.4339,-0.901,36.412,20.688,6.504,541.042,32.229,38.62,32.829,10.87,38.031,46.6
2023-02-10,22.4125,73.0944,25.0,30,0.0,1008.3,3.11,254,2.991,0.858,ERA5 Reanalysis (Open-Meteo Historical Archive),98.2,68.038,70.325,33.346,1037.042,31.875,0.149,22.412,73.094,Copernicus S5P TROPOMI & CAMS Multi-Sensor Assimilation,0.18,0.85,0.1429,0.125,-0.2444,15.0,FAC_VAD_01,Apex PetroChem & Polymers Ltd,"Utility Steam Boiler, Thermic Heater, DG Set & Distillation",7516.0,600.6,0.0,49.1,56.0,0.1866,0.0466,24.0,FACTORY_OPERATIONAL_DATA,13.822,0.2815,12.232,3.8,25.0,1.219,4.574,5.793,0.118,10,2,2023,4,0.866,0.5,-0.4339,-0.901,46.887,27.142,14.983,669.458,42.379,44.789,33.777,14.752,43.219,79.6
2023-02-11,22.4125,73.0944,23.7,41,0.0,1009.6,2.92,309,2.267,-1.836,ERA5 Reanalysis (Open-Meteo Historical Archive),63.942,42.554,55.321,31.146,641.5,33.417,0.155,22.412,73.094,Copernicus S5P TROPOMI & CAMS Multi-Sensor Assimilation,0.18,0.85,0.1429,0.125,-0.2444,15.0,FAC_VAD_01,Apex PetroChem & Polymers Ltd,"Utility Steam Boiler, Thermic Heater, DG Set & Distillation",6566.0,464.6,0.0,41.9,47.8,0.15919999999999998,0.039799999999999995,24.0,FACTORY_OPERATIONAL_DATA,11.444,0.2731,11.088,3.8,25.0,0.943,3.996,4.939,0.1179,11,2,2023,5,0.866,0.5,-0.9749,-0.2225,70.325,28.104,33.346,1037.042,68.038,48.677,33.933,18.288,44.749,62.5
2023-02-12,22.4125,73.0944,24.2,47,0.0,1011.5,4.75,29,-2.303,-4.154,ERA5 Reanalysis (Open-Meteo Historical Archive),52.983,35.225,38.021,11.288,484.917,49.708,0.18,22.412,73.094,Copernicus S5P TROPOMI & CAMS Multi-Sensor Assimilation,0.18,0.85,0.1429,0.125,-0.2444,15.0,FAC_VAD_01,Apex PetroChem & Polymers Ltd,"Utility Steam Boiler, Thermic Heater, DG Set & Distillation",4794.0,341.4,75.7,32.0,35.8,0.1152,0.032299999999999995,18.0,FACTORY_OPERATIONAL_DATA,9.136,0.2855,10.669,3.6,28.0,0.896,2.918,3.814,0.1192,12,2,2023,6,0.866,0.5,-0.7818,0.6235,55.321,38.438,31.146,641.5,42.554,48.617,33.743,18.546,44.618,37.4
2023-02-13,22.4125,73.0944,23.5,28,0.0,1011.8,4.03,45,-2.848,-2.848,ERA5 Reanalysis (Open-Meteo Historical Archive),32.554,22.092,22.012,5.096,350.083,73.167,0.109,22.412,73.094,Copernicus S5P TROPOMI & CAMS Multi-Sensor Assimilation,0.18,0.85,0.1429,0.125,-0.2444,15.0,FAC_VAD_01,Apex PetroChem & Polymers Ltd,"Utility Steam Boiler, Thermic Heater, DG Set & Distillation",8823.0,661.3,43.5,54.3,61.9,0.2063,0.0516,24.0,FACTORY_OPERATIONAL_DATA,16.202,0.2984,12.179,3.8,25.0,1.459,5.37,6.829,0.1258,13,2,2023,0,0.866,0.5,0.0,1.0,38.021,54.171,11.288,484.917,35.225,44.023,33.29,16.121,39.882,21.2
2023-02-14,22.4125,73.0944,23.0,31,0.0,1010.4,3.0,54,-2.427,-1.763,ERA5 Reanalysis (Open-Meteo Historical Archive),34.637,24.158,30.762,5.817,442.5,72.958,0.092,22.412,73.094,Copernicus S5P TROPOMI & CAMS Multi-Sensor Assimilation,0.18,0.85,0.1429,0.125,-0.2444,15.0,FAC_VAD_01,Apex PetroChem & Polymers Ltd,"Utility Steam Boiler, Thermic Heater, DG Set & Distillation",6604.0,494.1,0.0,43.6,49.7,0.1657,0.0414,24.0,FACTORY_OPERATIONAL_DATA,11.792,0.2705,11.333,3.8,25.0,1.003,4.019,5.022,0.1152,14,2,2023,1,0.866,0.5,0.7818,0.6235,22.012,39.183,5.096,350.083,22.092,42.82,33.515,15.454,38.096,26.3
2023-02-15,22.4125,73.0944,24.3,34,0.0,1008.5,3.03,53,-2.418,-1.822,ERA5 Reanalysis (Open-Meteo Historical Archive),40.079,27.713,33.483,6.654,507.083,76.042,0.127,22.412,73.094,Copernicus S5P TROPOMI & CAMS Multi-Sensor Assimilation,0.18,0.85,0.1429,0.125,-0.2444,15.0,FAC_VAD_01,Apex PetroChem & Polymers Ltd,"Utility Steam Boiler, Thermic Heater, DG Set & Distillation",7716.0,616.7,0.0,49.7,56.7,0.1889,0.047200000000000006,24.0,FACTORY_OPERATIONAL_DATA,14.191,0.2855,12.408,3.8,25.0,1.252,4.696,5.948,0.1197,15,2,2023,2,0.866,0.5,0.9749,-0.2225,30.762,36.412,5.817,442.5,24.158,42.402,33.984,15.476,37.451,29.3
2023-02-16,22.4125,73.0944,25.8,35,0.0,1008.6,3.11,28,-1.461,-2.747,ERA5 Reanalysis (Open-Meteo Historical Archive),46.229,31.783,40.433,8.421,563.25,56.625,0.136,22.412,73.094,Copernicus S5P TROPOMI & CAMS Multi-Sensor Assimilation,0.18,0.85,0.1429,0.125,-0.2444,15.0,FAC_VAD_01,Apex PetroChem & Polymers Ltd,"Utility Steam Boiler, Thermic Heater, DG Set & Distillation",7286.0,619.1,0.0,46.7,53.2,0.1775,0.0444,24.0,FACTORY_OPERATIONAL_DATA,13.787,0.2952,13.257,3.8,25.0,1.257,4.434,5.691,0.1219,16,2,2023,3,0.866,0.5,0.4339,-0.901,33.483,46.887,6.654,507.083,27.713,41.48,34.801,14.538,35.938,35.1
2023-02-17,22.4125,73.0944,25.9,35,0.0,1008.9,3.11,42,-2.082,-2.312,ERA5 Reanalysis (Open-Meteo Historical Archive),47.896,33.075,40.842,7.821,524.708,57.583,0.169,22.412,73.094,Copernicus S5P TROPOMI & CAMS Multi-Sensor Assimilation,0.18,0.85,0.1429,0.125,-0.2444,15.0,FAC_VAD_01,Apex PetroChem & Polymers Ltd,"Utility Steam Boiler, Thermic Heater, DG Set & Distillation",6601.0,516.7,268.0,43.7,49.8,0.1661,0.0415,24.0,FACTORY_OPERATIONAL_DATA,14.706,0.3365,11.824,3.8,25.0,1.767,4.017,5.784,0.1324,17,2,2023,4,0.866,0.5,-0.4339,-0.901,40.433,70.325,8.421,563.25,31.783,37.268,35.509,10.892,30.943,35.3
2023-02-18,22.4125,73.0944,26.1,36,0.0,1008.5,3.0,68,-2.782,-1.124,ERA5 Reanalysis (Open-Meteo Historical Archive),52.054,36.092,36.113,9.054,546.833,73.208,0.162,22.412,73.094,Copernicus S5P TROPOMI & CAMS Multi-Sensor Assimilation,0.18,0.85,0.1429,0.125,-0.2444,15.0,FAC_VAD_01,Apex PetroChem & Polymers Ltd,"Utility Steam Boiler, Thermic Heater, DG Set & Distillation",7069.0,577.8,0.0,47.4,54.0,0.18009999999999998,0.045,24.0,FACTORY_OPERATIONAL_DATA,13.136,0.2771,12.19,3.8,25.0,1.173,4.302,5.475,0.1155,18,2,2023,5,0.866,0.5,-0.9749,-0.2225,40.842,55.321,7.821,524.708,33.075,34.524,35.596,7.736,30.02,35.2
2023-02-19,22.4125,73.0944,26.3,37,0.0,1008.0,3.0,91,-3.0,0.052,ERA5 Reanalysis (Open-Meteo Historical Archive),61.162,42.596,44.792,9.896,677.167,79.625,0.169,22.412,73.094,Copernicus S5P TROPOMI & CAMS Multi-Sensor Assimilation,0.18,0.85,0.1429,0.125,-0.2444,15.0,FAC_VAD_01,Apex PetroChem & Polymers Ltd,"Utility Steam Boiler, Thermic Heater, DG Set & Distillation",5696.0,420.0,7.4,38.1,42.7,0.1372,0.0384,18.0,FACTORY_OPERATIONAL_DATA,10.18,0.2672,11.024,3.6,28.0,0.872,3.467,4.339,0.1139,19,2,2023,6,0.866,0.5,-0.7818,0.6235,36.113,38.021,9.054,546.833,36.092,35.491,35.306,7.537,31.073,41.9
2023-02-20,22.4125,73.0944,26.9,32,0.0,1007.3,3.44,190,0.598,3.392,ERA5 Reanalysis (Open-Meteo Historical Archive),77.325,54.012,60.104,15.812,806.167,61.875,0.18,22.412,73.094,Copernicus S5P TROPOMI & CAMS Multi-Sensor Assimilation,0.18,0.85,0.1429,0.125,-0.2444,15.0,FAC_VAD_01,Apex PetroChem & Polymers Ltd,"Utility Steam Boiler, Thermic Heater, DG Set & Distillation",8032.0,611.2,90.7,51.6,58.8,0.1961,0.049,24.0,FACTORY_OPERATIONAL_DATA,15.357,0.2976,11.845,3.8,25.0,1.484,4.888,6.372,0.1235,20,2,2023,0,0.866,0.5,0.0,1.0,44.792,22.012,9.896,677.167,42.596,40.933,35.944,9.068,35.633,57.1
2023-02-21,22.4125,73.0944,25.9,30,0.0,1007.9,4.03,252,3.831,1.245,ERA5 Reanalysis (Open-Meteo Historical Archive),83.125,56.467,67.479,30.867,810.833,42.708,0.149,22.412,73.094,Copernicus S5P TROPOMI & CAMS Multi-Sensor Assimilation,0.18,0.85,0.1429,0.125,-0.2444,15.0,FAC_VAD_01,Apex PetroChem & Polymers Ltd,"Utility Steam Boiler, Thermic Heater, DG Set & Distillation",8649.0,696.7,0.0,56.8,64.8,0.21580000000000002,0.054,24.0,FACTORY_OPERATIONAL_DATA,15.964,0.2811,12.266,3.8,25.0,1.414,5.264,6.678,0.1176,21,2,2023,1,0.866,0.5,0.7818,0.6235,60.104,30.762,15.812,806.167,54.012,46.178,36.872,12.646,40.248,72.4
2023-02-22,22.4125,73.0944,25.5,34,0.0,1007.7,3.78,263,3.75,0.46,ERA5 Reanalysis (Open-Meteo Historical Archive),88.454,58.792,67.658,32.4,908.958,44.083,0.217,22.412,73.094,Copernicus S5P TROPOMI & CAMS Multi-Sensor Assimilation,0.18,0.85,0.1429,0.125,-0.2444,15.0,FAC_VAD_01,Apex PetroChem & Polymers Ltd,"Utility Steam Boiler, Thermic Heater, DG Set & Distillation",7703.0,656.5,0.0,53.4,60.9,0.2029,0.0507,24.0,FACTORY_OPERATIONAL_DATA,14.596,0.2733,12.294,3.8,25.0,1.333,4.688,6.021,0.1128,22,2,2023,2,0.866,0.5,0.9749,-0.2225,67.479,33.483,30.867,810.833,56.467,51.06,37.627,16.324,44.688,74.5
2023-02-23,22.4125,73.0944,25.2,39,0.0,1007.7,2.97,296,2.671,-1.303,ERA5 Reanalysis (Open-Meteo Historical Archive),81.425,53.85,67.329,26.604,828.542,37.125,0.185,22.412,73.094,Copernicus S5P TROPOMI & CAMS Multi-Sensor Assimilation,0.18,0.85,0.1429,0.125,-0.2444,15.0,FAC_VAD_01,Apex PetroChem & Polymers Ltd,"Utility Steam Boiler, Thermic Heater, DG Set & Distillation",6659.0,518.6,0.0,43.3,49.4,0.1645,0.041100000000000005,24.0,FACTORY_OPERATIONAL_DATA,12.104,0.2795,11.977,3.8,25.0,1.053,4.053,5.106,0.1179,23,2,2023,3,0.866,0.5,0.4339,-0.901,67.658,40.433,32.4,908.958,58.792,54.902,38.475,18.922,47.841,68.3
2023-02-24,22.4125,73.0944,26.1,28,0.0,1008.7,3.19,6,-0.334,-3.177,ERA5 Reanalysis (Open-Meteo Historical Archive),72.271,49.867,53.821,20.621,775.458,49.042,0.162,22.412,73.094,Copernicus S5P TROPOMI & CAMS Multi-Sensor Assimilation,0.18,0.85,0.1429,0.125,-0.2444,15.0,FAC_VAD_01,Apex PetroChem & Polymers Ltd,"Utility Steam Boiler, Thermic Heater, DG Set & Distillation",7862.0,693.4,0.0,50.6,57.7,0.1923,0.048100000000000004,24.0,FACTORY_OPERATIONAL_DATA,15.143,0.2993,13.704,3.8,25.0,1.408,4.785,6.193,0.1224,24,2,2023,4,0.866,0.5,-0.4339,-0.901,67.329,40.842,26.604,828.542,53.85,56.757,39.319,20.751,50.239,56.5
2023-02-25,22.4125,73.0944,25.8,26,0.0,1010.1,3.03,313,2.214,-2.065,ERA5 Reanalysis (Open-Meteo Historical Archive),70.679,48.833,54.396,19.9,704.375,59.0,0.181,22.412,73.094,Copernicus S5P TROPOMI & CAMS Multi-Sensor Assimilation,0.18,0.85,0.1429,0.125,-0.2444,15.0,FAC_VAD_01,Apex PetroChem & Polymers Ltd,"Utility Steam Boiler, Thermic Heater, DG Set & Distillation",8215.0,639.5,0.0,53.7,61.2,0.2041,0.051,24.0,FACTORY_OPERATIONAL_DATA,14.93,0.278,11.909,3.8,25.0,1.298,5.0,6.298,0.1173,25,2,2023,5,0.866,0.5,-0.9749,-0.2225,53.821,36.113,20.621,775.458,49.867,59.368,40.622,22.3,52.06,55.8
2023-02-26,22.4125,73.0944,26.3,28,0.0,1011.1,2.78,6,-0.29,-2.763,ERA5 Reanalysis (Open-Meteo Historical Archive),52.212,35.838,46.417,12.825,549.583,52.417,0.126,22.412,73.094,Copernicus S5P TROPOMI & CAMS Multi-Sensor Assimilation,0.18,0.85,0.1429,0.125,-0.2444,15.0,FAC_VAD_01,Apex PetroChem & Polymers Ltd,"Utility Steam Boiler, Thermic Heater, DG Set & Distillation",4528.0,353.7,25.1,31.9,35.7,0.1148,0.032100000000000004,18.0,FACTORY_OPERATIONAL_DATA,8.493,0.2662,11.088,3.6,28.0,0.785,2.756,3.541,0.111,26,2,2023,6,0.866,0.5,-0.7818,0.6235,54.396,44.792,19.9,704.375,48.833,59.601,41.799,22.718,51.094,42.5
2023-02-27,22.4125,73.0944,26.7,26,0.0,1010.2,3.17,54,-2.562,-1.861,ERA5 Reanalysis (Open-Meteo Historical Archive),49.529,34.283,50.387,12.179,609.083,52.583,0.133,22.412,73.094,Copernicus S5P TROPOMI & CAMS Multi-Sensor Assimilation,0.18,0.85,0.1429,0.125,-0.2444,15.0,FAC_VAD_01,Apex PetroChem & Polymers Ltd,"Utility Steam Boiler, Thermic Heater, DG Set & Distillation",7464.0,526.4,0.0,48.4,55.2,0.1839,0.046,24.0,FACTORY_OPERATIONAL_DATA,12.991,0.2684,10.876,3.8,25.0,1.069,4.543,5.612,0.116,27,2,2023,0,0.866,0.5,0.0,1.0,46.417,60.104,12.825,549.583,35.838,58.212,42.819,22.199,48.276,43.2
2023-02-28,22.4125,73.0944,26.4,26,0.0,1009.6,3.11,242,2.747,1.461,ERA5 Reanalysis (Open-Meteo Historical Archive),55.325,38.512,50.45,12.896,642.833,56.083,0.214,22.412,73.094,Copernicus S5P TROPOMI & CAMS Multi-Sensor Assimilation,0.18,0.85,0.1429,0.125,-0.2444,15.0,FAC_VAD_01,Apex PetroChem & Polymers Ltd,"Utility Steam Boiler, Thermic Heater, DG Set & Distillation",6950.0,565.3,0.0,45.6,52.0,0.1733,0.0433,24.0,FACTORY_OPERATIONAL_DATA,12.886,0.2826,12.397,3.8,25.0,1.148,4.23,5.378,0.1179,28,2,2023,1,0.866,0.5,0.7818,0.6235,50.387,67.479,12.179,609.083,34.283,55.78,43.175,19.632,45.711,45.2
2023-03-01,22.4125,73.0944,26.9,36,0.0,1010.4,3.28,235,2.685,1.88,ERA5 Reanalysis (Open-Meteo Historical Archive),96.7,67.404,77.933,33.408,963.5,49.667,0.469,22.412,73.094,Copernicus S5P TROPOMI & CAMS Multi-Sensor Assimilation,0.18,0.85,0.1429,0.125,-0.2444,15.0,FAC_VAD_01,Apex PetroChem & Polymers Ltd,"Utility Steam Boiler, Thermic Heater, DG Set & Distillation",6094.0,516.4,5.0,42.6,48.6,0.16190000000000002,0.0405,24.0,FACTORY_OPERATIONAL_DATA,11.566,0.2715,12.122,3.8,25.0,1.062,3.709,4.771,0.112,1,3,2023,2,1.0,0.0,0.9749,-0.2225,50.45,67.658,12.896,642.833,38.512,57.248,44.255,19.776,46.941,82.7
2023-03-02,22.4125,73.0944,28.3,28,0.0,1011.0,3.03,39,-1.905,-2.353,ERA5 Reanalysis (Open-Meteo Historical Archive),68.867,47.863,53.7,15.996,630.042,72.667,0.426,22.412,73.094,Copernicus S5P TROPOMI & CAMS Multi-Sensor Assimilation,0.18,0.85,0.1429,0.125,-0.2444,15.0,FAC_VAD_01,Apex PetroChem & Polymers Ltd,"Utility Steam Boiler, Thermic Heater, DG Set & Distillation",9514.0,752.9,0.0,59.9,68.3,0.2276,0.0569,24.0,FACTORY_OPERATIONAL_DATA,17.419,0.2908,12.569,3.8,25.0,1.528,5.79,7.318,0.1222,2,3,2023,3,1.0,0.0,0.4339,-0.901,77.933,67.329,33.408,963.5,67.404,55.301,45.494,18.261,46.086,52.2
2023-03-03,22.4125,73.0944,29.2,27,0.0,1011.2,3.11,66,-2.842,-1.265,ERA5 Reanalysis (Open-Meteo Historical Archive),71.629,49.738,46.262,12.483,613.0,68.625,0.572,22.412,73.094,Copernicus S5P TROPOMI & CAMS Multi-Sensor Assimilation,0.18,0.85,0.1429,0.125,-0.2444,15.0,FAC_VAD_01,Apex PetroChem & Polymers Ltd,"Utility Steam Boiler, Thermic Heater, DG Set & Distillation",7975.0,564.2,0.0,52.1,59.4,0.198,0.0495,24.0,FACTORY_OPERATIONAL_DATA,13.899,0.2668,10.829,3.8,25.0,1.145,4.854,5.999,0.1151,3,3,2023,4,1.0,0.0,-0.4339,-0.901,53.7,53.821,15.996,630.042,47.863,54.221,46.636,17.098,46.067,47.0
2023-03-04,22.4125,73.0944,29.8,26,0.0,1010.6,3.14,1,-0.055,-3.138,ERA5 Reanalysis (Open-Meteo Historical Archive),72.875,50.65,41.188,10.354,593.542,75.792,0.756,22.412,73.094,Copernicus S5P TROPOMI & CAMS Multi-Sensor Assimilation,0.18,0.85,0.1429,0.125,-0.2444,15.0,FAC_VAD_01,Apex PetroChem & Polymers Ltd,"Utility Steam Boiler, Thermic Heater, DG Set & Distillation",6730.0,498.7,16.2,45.8,52.2,0.174,0.0435,24.0,FACTORY_OPERATIONAL_DATA,12.128,0.2648,10.889,3.8,25.0,1.056,4.096,5.152,0.1125,4,3,2023,5,1.0,0.0,-0.9749,-0.2225,46.262,54.396,12.483,613.0,49.738,52.334,47.319,15.734,46.327,43.5
2023-03-05,22.4125,73.0944,29.7,29,0.0,1011.0,4.36,44,-3.029,-3.137,ERA5 Reanalysis (Open-Meteo Historical Archive),64.792,44.921,27.492,6.75,463.375,83.0,0.802,22.412,73.094,Copernicus S5P TROPOMI & CAMS Multi-Sensor Assimilation,0.18,0.85,0.1429,0.125,-0.2444,15.0,FAC_VAD_01,Apex PetroChem & Polymers Ltd,"Utility Steam Boiler, Thermic Heater, DG Set & Distillation",5710.0,470.7,50.2,41.6,46.6,0.14980000000000002,0.0419,18.0,FACTORY_OPERATIONAL_DATA,11.154,0.2681,11.315,3.6,28.0,1.09,3.475,4.565,0.1097,5,3,2023,6,1.0,0.0,-0.7818,0.6235,41.188,46.417,10.354,593.542,50.65,49.63,47.33,14.867,47.624,32.8
2023-03-06,22.4125,73.0944,28.1,36,0.1,1009.9,7.69,165,-1.991,7.432,ERA5 Reanalysis (Open-Meteo Historical Archive),77.371,53.575,41.533,8.717,663.792,70.458,0.685,22.412,73.094,Copernicus S5P TROPOMI & CAMS Multi-Sensor Assimilation,0.18,0.85,0.1429,0.125,-0.2444,15.0,FAC_VAD_01,Apex PetroChem & Polymers Ltd,"Utility Steam Boiler, Thermic Heater, DG Set & Distillation",6975.0,515.0,0.0,41.7,47.5,0.1585,0.0396,24.0,FACTORY_OPERATIONAL_DATA,12.382,0.2969,12.35,3.8,25.0,1.045,4.245,5.29,0.1269,6,3,2023,0,1.0,0.0,0.0,1.0,27.492,50.387,6.75,463.375,44.921,48.365,47.778,14.372,50.38,43.5
2023-03-07,22.4125,73.0944,27.9,37,0.0,1009.1,3.83,88,-3.831,-0.134,ERA5 Reanalysis (Open-Meteo Historical Archive),78.733,54.504,45.792,9.725,704.833,69.292,0.559,22.412,73.094,Copernicus S5P TROPOMI & CAMS Multi-Sensor Assimilation,0.18,0.85,0.1429,0.125,-0.2444,15.0,FAC_VAD_01,Apex PetroChem & Polymers Ltd,"Utility Steam Boiler, Thermic Heater, DG Set & Distillation",7702.0,609.5,0.0,53.2,60.6,0.2022,0.0505,24.0,FACTORY_OPERATIONAL_DATA,14.102,0.2651,11.457,3.8,25.0,1.237,4.687,5.924,0.1114,7,3,2023,1,1.0,0.0,0.7818,0.6235,41.533,50.45,8.717,663.792,53.575,47.7,48.023,13.919,52.665,46.4
2023-03-08,22.4125,73.0944,28.0,28,0.0,1009.6,6.58,39,-4.143,-5.116,ERA5 Reanalysis (Open-Meteo Historical Archive),43.304,29.946,30.8,8.35,504.625,75.583,0.322,22.412,73.094,Copernicus S5P TROPOMI & CAMS Multi-Sensor Assimilation,0.18,0.85,0.1429,0.125,-0.2444,15.0,FAC_VAD_01,Apex PetroChem & Polymers Ltd,"Utility Steam Boiler, Thermic Heater, DG Set & Distillation",7352.0,611.7,0.0,50.2,57.2,0.19080000000000003,0.047700000000000006,24.0,FACTORY_OPERATIONAL_DATA,13.775,0.2744,12.185,3.8,25.0,1.242,4.474,5.716,0.1139,8,3,2023,2,1.0,0.0,0.9749,-0.2225,45.792,77.933,9.725,704.833,54.504,40.967,47.244,10.339,47.314,30.2
2023-03-09,22.4125,73.0944,28.0,30,0.0,1009.7,4.83,46,-3.477,-3.358,ERA5 Reanalysis (Open-Meteo Historical Archive),27.775,19.083,21.658,5.642,340.292,80.042,0.193,22.412,73.094,Copernicus S5P TROPOMI & CAMS Multi-Sensor Assimilation,0.18,0.85,0.1429,0.125,-0.2444,15.0,FAC_VAD_01,Apex PetroChem & Polymers Ltd,"Utility Steam Boiler, Thermic Heater, DG Set & Distillation",7219.0,530.5,0.0,47.7,54.4,0.18130000000000002,0.0453,24.0,FACTORY_OPERATIONAL_DATA,12.789,0.2681,11.122,3.8,25.0,1.077,4.393,5.47,0.1147,9,3,2023,3,1.0,0.0,0.4339,-0.901,30.8,53.7,8.35,504.625,29.946,36.389,46.66,8.86,43.202,20.4
2023-03-10,22.4125,73.0944,27.2,25,0.0,1009.3,3.69,52,-2.911,-2.275,ERA5 Reanalysis (Open-Meteo Historical Archive),24.575,17.037,22.362,5.862,317.833,81.958,0.113,22.412,73.094,Copernicus S5P TROPOMI & CAMS Multi-Sensor Assimilation,0.18,0.85,0.1429,0.125,-0.2444,15.0,FAC_VAD_01,Apex PetroChem & Polymers Ltd,"Utility Steam Boiler, Thermic Heater, DG Set & Distillation",8410.0,627.4,0.0,56.2,64.1,0.21359999999999998,0.053399999999999996,24.0,FACTORY_OPERATIONAL_DATA,14.998,0.2669,11.164,3.8,25.0,1.274,5.118,6.392,0.1137,10,3,2023,4,1.0,0.0,-0.4339,-0.901,21.658,46.262,5.642,340.292,19.083,32.975,46.192,7.914,38.531,20.1
2023-03-11,22.4125,73.0944,28.2,24,0.0,1008.4,4.17,68,-3.863,-1.561,ERA5 Reanalysis (Open-Meteo Historical Archive),33.15,22.983,23.442,7.129,365.333,87.25,0.23,22.412,73.094,Copernicus S5P TROPOMI & CAMS Multi-Sensor Assimilation,0.18,0.85,0.1429,0.125,-0.2444,15.0,FAC_VAD_01,Apex PetroChem & Polymers Ltd,"Utility Steam Boiler, Thermic Heater, DG Set & Distillation",8107.0,576.1,0.0,48.7,55.5,0.1851,0.046299999999999994,24.0,FACTORY_OPERATIONAL_DATA,14.156,0.2907,11.83,3.8,25.0,1.169,4.934,6.103,0.1253,11,3,2023,5,1.0,0.0,-0.9749,-0.2225,22.362,41.188,5.862,317.833,17.037,30.44,45.41,7.454,34.578,23.6
2023-03-12,22.4125,73.0944,29.1,24,0.0,1007.5,3.53,63,-3.143,-1.602,ERA5 Reanalysis (Open-Meteo Historical Archive),39.308,27.35,25.104,6.062,364.875,88.667,0.455,22.412,73.094,Copernicus S5P TROPOMI & CAMS Multi-Sensor Assimilation,0.18,0.85,0.1429,0.125,-0.2444,15.0,FAC_VAD_01,Apex PetroChem & Polymers Ltd,"Utility Steam Boiler, Thermic Heater, DG Set & Distillation",4549.0,355.3,1.1,31.1,34.8,0.112,0.0314,18.0,FACTORY_OPERATIONAL_DATA,8.291,0.2666,11.424,3.6,28.0,0.724,2.769,3.493,0.1123,12,3,2023,6,1.0,0.0,-0.7818,0.6235,23.442,27.492,7.129,365.333,22.983,30.099,43.903,7.355,32.068,25.1
2023-03-13,22.4125,73.0944,30.4,24,0.0,1006.2,4.75,91,-4.749,0.083,ERA5 Reanalysis (Open-Meteo Historical Archive),58.054,40.4,37.767,10.058,465.042,77.375,0.808,22.412,73.094,Copernicus S5P TROPOMI & CAMS Multi-Sensor Assimilation,0.18,0.85,0.1429,0.125,-0.2444,15.0,FAC_VAD_01,Apex PetroChem & Polymers Ltd,"Utility Steam Boiler, Thermic Heater, DG Set & Distillation",6878.0,547.2,0.0,45.0,51.3,0.171,0.0428,24.0,FACTORY_OPERATIONAL_DATA,12.624,0.2805,12.16,3.8,25.0,1.111,4.186,5.297,0.1177,13,3,2023,0,1.0,0.0,0.0,1.0,25.104,41.533,6.062,364.875,27.35,29.561,43.318,7.547,30.186,38.2
2023-03-14,22.4125,73.0944,30.4,25,0.0,1004.5,4.61,351,0.721,-4.554,ERA5 Reanalysis (Open-Meteo Historical Archive),85.45,59.442,55.158,22.542,729.167,72.333,0.665,22.412,73.094,Copernicus S5P TROPOMI & CAMS Multi-Sensor Assimilation,0.18,0.85,0.1429,0.125,-0.2444,15.0,FAC_VAD_01,Apex PetroChem & Polymers Ltd,"Utility Steam Boiler, Thermic Heater, DG Set & Distillation",9137.0,628.7,0.0,55.9,63.7,0.2124,0.0531,24.0,FACTORY_OPERATIONAL_DATA,15.738,0.2815,11.247,3.8,25.0,1.276,5.561,6.837,0.1223,14,3,2023,1,1.0,0.0,0.7818,0.6235,37.767,45.792,10.058,465.042,40.4,30.899,43.889,9.378,30.892,61.8
2023-03-15,22.4125,73.0944,28.1,30,0.0,1003.8,3.69,51,-2.871,-2.325,ERA5 Reanalysis (Open-Meteo Historical Archive),74.612,51.779,54.238,23.221,659.125,53.0,0.69,22.412,73.094,Copernicus S5P TROPOMI & CAMS Multi-Sensor Assimilation,0.18,0.85,0.1429,0.125,-0.2444,15.0,FAC_VAD_01,Apex PetroChem & Polymers Ltd,"Utility Steam Boiler, Thermic Heater, DG Set & Distillation",5774.0,461.7,0.0,38.2,43.5,0.1452,0.0363,24.0,FACTORY_OPERATIONAL_DATA,10.622,0.2781,12.086,3.8,25.0,0.937,3.514,4.451,0.1165,15,3,2023,2,1.0,0.0,0.9749,-0.2225,55.158,30.8,22.542,729.167,59.442,34.247,44.963,11.502,34.011,59.3
2023-03-16,22.4125,73.0944,28.6,36,0.0,1004.4,5.86,187,0.714,5.817,ERA5 Reanalysis (Open-Meteo Historical Archive),77.95,53.629,31.867,11.208,525.167,93.25,0.933,22.412,73.094,Copernicus S5P TROPOMI & CAMS Multi-Sensor Assimilation,0.18,0.85,0.1429,0.125,-0.2444,15.0,FAC_VAD_01,Apex PetroChem & Polymers Ltd,"Utility Steam Boiler, Thermic Heater, DG Set & Distillation",7446.0,567.4,0.0,49.4,56.3,0.18769999999999998,0.0469,24.0,FACTORY_OPERATIONAL_DATA,13.404,0.2713,11.486,3.8,25.0,1.152,4.532,5.684,0.1151,16,3,2023,3,1.0,0.0,0.4339,-0.901,54.238,21.658,23.221,659.125,51.779,35.705,45.0,12.297,38.946,41.1
2023-03-17,22.4125,73.0944,26.0,56,7.8,1005.4,5.31,168,-1.103,5.19,ERA5 Reanalysis (Open-Meteo Historical Archive),87.488,59.729,44.108,22.796,696.625,100.042,0.906,22.412,73.094,Copernicus S5P TROPOMI & CAMS Multi-Sensor Assimilation,0.18,0.85,0.1429,0.125,-0.2444,15.0,FAC_VAD_01,Apex PetroChem & Polymers Ltd,"Utility Steam Boiler, Thermic Heater, DG Set & Distillation",6809.0,521.3,0.0,45.5,51.9,0.1729,0.0432,24.0,FACTORY_OPERATIONAL_DATA,12.283,0.27,11.457,3.8,25.0,1.058,4.144,5.202,0.1143,17,3,2023,4,1.0,0.0,-0.4339,-0.901,31.867,22.362,11.208,525.167,53.629,38.812,45.354,14.717,45.045,57.3
2023-03-18,22.4125,73.0944,26.1,57,3.7,1004.2,5.81,165,-1.503,5.608,ERA5 Reanalysis (Open-Meteo Historical Archive),79.342,53.121,40.296,25.875,685.375,96.208,0.563,22.412,73.094,Copernicus S5P TROPOMI & CAMS Multi-Sensor Assimilation,0.18,0.85,0.1429,0.125,-0.2444,15.0,FAC_VAD_01,Apex PetroChem & Polymers Ltd,"Utility Steam Boiler, Thermic Heater, DG Set & Distillation",8224.0,627.2,0.0,52.5,59.8,0.1995,0.0499,24.0,FACTORY_OPERATIONAL_DATA,14.81,0.2821,11.947,3.8,25.0,1.273,5.005,6.278,0.1196,18,3,2023,5,1.0,0.0,-0.9749,-0.2225,44.108,23.442,22.796,696.625,59.729,41.22,45.35,17.395,49.35,55.6
2023-03-19,22.4125,73.0944,25.8,55,0.0,1003.1,3.78,167,-0.85,3.681,ERA5 Reanalysis (Open-Meteo Historical Archive),72.104,47.179,34.712,17.642,550.417,92.083,0.541,22.412,73.094,Copernicus S5P TROPOMI & CAMS Multi-Sensor Assimilation,0.18,0.85,0.1429,0.125,-0.2444,15.0,FAC_VAD_01,Apex PetroChem & Polymers Ltd,"Utility Steam Boiler, Thermic Heater, DG Set & Distillation",5295.0,428.3,65.8,37.5,42.0,0.135,0.0378,18.0,FACTORY_OPERATIONAL_DATA,10.45,0.2787,11.421,3.6,28.0,1.046,3.223,4.269,0.1138,19,3,2023,6,1.0,0.0,-0.7818,0.6235,40.296,25.104,25.875,685.375,53.121,42.592,45.145,19.049,52.183,44.9
2023-03-20,22.4125,73.0944,26.2,53,0.0,1002.4,5.17,225,3.653,3.653,ERA5 Reanalysis (Open-Meteo Historical Archive),44.921,28.158,22.625,15.479,356.042,82.833,0.372,22.412,73.094,Copernicus S5P TROPOMI & CAMS Multi-Sensor Assimilation,0.18,0.85,0.1429,0.125,-0.2444,15.0,FAC_VAD_01,Apex PetroChem & Polymers Ltd,"Utility Steam Boiler, Thermic Heater, DG Set & Distillation",7664.0,568.2,0.0,47.9,54.6,0.182,0.0455,24.0,FACTORY_OPERATIONAL_DATA,13.63,0.2846,11.862,3.8,25.0,1.153,4.664,5.817,0.1214,20,3,2023,0,1.0,0.0,0.0,1.0,34.712,37.767,17.642,550.417,47.179,40.429,44.696,19.823,50.434,31.4
2023-03-21,22.4125,73.0944,27.1,52,0.2,1003.3,3.89,235,3.186,2.231,ERA5 Reanalysis (Open-Meteo Historical Archive),37.729,22.312,24.646,14.896,319.375,69.542,0.314,22.412,73.094,Copernicus S5P TROPOMI & CAMS Multi-Sensor Assimilation,0.18,0.85,0.1429,0.125,-0.2444,15.0,FAC_VAD_01,Apex PetroChem & Polymers Ltd,"Utility Steam Boiler, Thermic Heater, DG Set & Distillation",6708.0,569.8,0.0,45.0,51.3,0.171,0.0428,24.0,FACTORY_OPERATIONAL_DATA,12.691,0.282,12.662,3.8,25.0,1.157,4.082,5.239,0.1164,21,3,2023,1,1.0,0.0,0.7818,0.6235,22.625,55.158,15.479,356.042,28.158,36.07,44.024,18.731,45.13,29.8
2023-03-22,22.4125,73.0944,27.1,57,0.0,1004.4,4.33,230,3.32,2.785,ERA5 Reanalysis (Open-Meteo Historical Archive),35.908,21.192,29.696,19.95,336.792,57.833,0.283,22.412,73.094,Copernicus S5P TROPOMI & CAMS Multi-Sensor Assimilation,0.18,0.85,0.1429,0.125,-0.2444,15.0,FAC_VAD_01,Apex PetroChem & Polymers Ltd,"Utility Steam Boiler, Thermic Heater, DG Set & Distillation",8489.0,643.6,0.0,54.5,62.1,0.2071,0.0518,24.0,FACTORY_OPERATIONAL_DATA,15.247,0.2798,11.809,3.8,25.0,1.307,5.166,6.473,0.1188,22,3,2023,2,1.0,0.0,0.9749,-0.2225,24.646,54.238,14.896,319.375,22.312,32.564,43.011,18.264,40.76,35.4
2023-03-23,22.4125,73.0944,27.4,57,0.0,1004.5,6.53,233,5.213,3.929,ERA5 Reanalysis (Open-Meteo Historical Archive),28.458,17.221,19.983,17.675,249.208,58.5,0.29,22.412,73.094,Copernicus S5P TROPOMI & CAMS Multi-Sensor Assimilation,0.18,0.85,0.1429,0.125,-0.2444,15.0,FAC_VAD_01,Apex PetroChem & Polymers Ltd,"Utility Steam Boiler, Thermic Heater, DG Set & Distillation",6869.0,540.7,0.0,46.4,52.9,0.1763,0.0441,24.0,FACTORY_OPERATIONAL_DATA,12.546,0.2704,11.653,3.8,25.0,1.098,4.18,5.278,0.1138,23,3,2023,3,1.0,0.0,0.4339,-0.901,29.696,31.867,19.95,336.792,21.192,30.867,41.427,19.188,35.559,28.0
2023-03-24,22.4125,73.0944,27.4,56,0.0,1004.5,5.58,231,4.339,3.514,ERA5 Reanalysis (Open-Meteo Historical Archive),28.95,14.954,15.883,14.367,227.042,56.75,0.208,22.412,73.094,Copernicus S5P TROPOMI & CAMS Multi-Sensor Assimilation,0.18,0.85,0.1429,0.125,-0.2444,15.0,FAC_VAD_01,Apex PetroChem & Polymers Ltd,"Utility Steam Boiler, Thermic Heater, DG Set & Distillation",7127.0,587.2,0.0,48.5,55.3,0.18430000000000002,0.0461,24.0,FACTORY_OPERATIONAL_DATA,13.293,0.2741,12.107,3.8,25.0,1.192,4.337,5.529,0.114,24,3,2023,4,1.0,0.0,-0.4339,-0.901,19.983,44.108,17.675,249.208,17.221,26.834,39.702,17.983,29.162,23.0
2023-03-25,22.4125,73.0944,26.2,44,0.0,1006.3,4.17,263,4.136,0.508,ERA5 Reanalysis (Open-Meteo Historical Archive),50.592,30.071,36.867,18.508,446.167,77.875,0.188,22.412,73.094,Copernicus S5P TROPOMI & CAMS Multi-Sensor Assimilation,0.18,0.85,0.1429,0.125,-0.2444,15.0,FAC_VAD_01,Apex PetroChem & Polymers Ltd,"Utility Steam Boiler, Thermic Heater, DG Set & Distillation",8533.0,720.4,0.0,58.5,66.7,0.2223,0.055600000000000004,24.0,FACTORY_OPERATIONAL_DATA,16.097,0.2752,12.315,3.8,25.0,1.462,5.193,6.655,0.1138,25,3,2023,5,1.0,0.0,-0.9749,-0.2225,15.883,40.296,14.367,227.042,14.954,26.345,38.686,16.931,25.87,40.5
2023-03-26,22.4125,73.0944,26.8,46,0.0,1005.9,2.44,295,2.215,-1.033,ERA5 Reanalysis (Open-Meteo Historical Archive),68.462,43.129,54.971,24.067,679.792,75.125,0.228,22.412,73.094,Copernicus S5P TROPOMI & CAMS Multi-Sensor Assimilation,0.18,0.85,0.1429,0.125,-0.2444,15.0,FAC_VAD_01,Apex PetroChem & Polymers Ltd,"Utility Steam Boiler, Thermic Heater, DG Set & Distillation",5435.0,429.4,2.4,37.5,42.0,0.135,0.0378,18.0,FACTORY_OPERATIONAL_DATA,9.968,0.2658,11.451,3.6,28.0,0.878,3.308,4.186,0.1116,26,3,2023,6,1.0,0.0,-0.7818,0.6235,36.867,34.712,18.508,446.167,30.071,29.239,38.724,17.849,25.291,57.2
2023-03-27,22.4125,73.0944,28.1,38,0.0,1005.0,3.31,288,3.144,-1.021,ERA5 Reanalysis (Open-Meteo Historical Archive),71.767,47.488,58.637,27.642,721.0,73.458,0.265,22.412,73.094,Copernicus S5P TROPOMI & CAMS Multi-Sensor Assimilation,0.18,0.85,0.1429,0.125,-0.2444,15.0,FAC_VAD_01,Apex PetroChem & Polymers Ltd,"Utility Steam Boiler, Thermic Heater, DG Set & Distillation",7143.0,461.0,0.0,43.5,49.6,0.1653,0.041299999999999996,24.0,FACTORY_OPERATIONAL_DATA,11.984,0.2755,10.598,3.8,25.0,0.936,4.347,5.283,0.1214,27,3,2023,0,1.0,0.0,0.0,1.0,54.971,22.625,24.067,679.792,43.129,34.383,38.866,19.586,28.052,63.0
2023-03-28,22.4125,73.0944,28.4,38,0.0,1004.4,2.36,195,0.611,2.281,ERA5 Reanalysis (Open-Meteo Historical Archive),62.3,41.867,52.867,23.238,616.542,82.458,0.262,22.412,73.094,Copernicus S5P TROPOMI & CAMS Multi-Sensor Assimilation,0.18,0.85,0.1429,0.125,-0.2444,15.0,FAC_VAD_01,Apex PetroChem & Polymers Ltd,"Utility Steam Boiler, Thermic Heater, DG Set & Distillation",6797.0,510.0,0.0,43.9,50.0,0.1668,0.0417,24.0,FACTORY_OPERATIONAL_DATA,12.152,0.2768,11.617,3.8,25.0,1.035,4.137,5.172,0.1178,28,3,2023,1,1.0,0.0,0.7818,0.6235,58.637,24.646,27.642,721.0,47.488,38.415,39.081,20.778,30.846,55.2
2023-03-29,22.4125,73.0944,28.6,39,0.0,1004.5,4.53,245,4.104,1.914,ERA5 Reanalysis (Open-Meteo Historical Archive),54.229,36.5,41.371,26.438,523.583,89.583,0.294,22.412,73.094,Copernicus S5P TROPOMI & CAMS Multi-Sensor Assimilation,0.18,0.85,0.1429,0.125,-0.2444,15.0,FAC_VAD_01,Apex PetroChem & Polymers Ltd,"Utility Steam Boiler, Thermic Heater, DG Set & Distillation",6932.0,522.5,0.0,45.2,51.5,0.1718,0.043,24.0,FACTORY_OPERATIONAL_DATA,12.418,0.2747,11.56,3.8,25.0,1.061,4.219,5.28,0.1168,29,3,2023,2,1.0,0.0,0.9749,-0.2225,52.867,29.696,23.238,616.542,41.867,40.083,38.78,21.705,33.033,50.7
2023-03-30,22.4125,73.0944,27.6,52,0.0,1003.9,5.42,229,4.088,3.554,ERA5 Reanalysis (Open-Meteo Historical Archive),37.042,21.296,21.246,19.879,272.708,67.167,0.385,22.412,73.094,Copernicus S5P TROPOMI & CAMS Multi-Sensor Assimilation,0.18,0.85,0.1429,0.125,-0.2444,15.0,FAC_VAD_01,Apex PetroChem & Polymers Ltd,"Utility Steam Boiler, Thermic Heater, DG Set & Distillation",6497.0,543.9,0.0,45.6,52.0,0.1733,0.0433,24.0,FACTORY_OPERATIONAL_DATA,12.208,0.2677,11.928,3.8,25.0,1.104,3.954,5.058,0.1109,30,3,2023,3,1.0,0.0,0.4339,-0.901,41.371,19.983,26.438,523.583,36.5,40.263,37.807,22.02,33.615,31.7
2023-03-31,22.4125,73.0944,27.4,49,0.0,1003.6,4.17,236,3.454,2.33,ERA5 Reanalysis (Open-Meteo Historical Archive),32.383,17.767,23.271,17.096,266.125,64.583,0.182,22.412,73.094,Copernicus S5P TROPOMI & CAMS Multi-Sensor Assimilation,0.18,0.85,0.1429,0.125,-0.2444,15.0,FAC_VAD_01,Apex PetroChem & Polymers Ltd,"Utility Steam Boiler, Thermic Heater, DG Set & Distillation",6640.0,467.2,142.6,41.0,46.7,0.15580000000000002,0.039,24.0,FACTORY_OPERATIONAL_DATA,12.972,0.3164,11.395,3.8,25.0,1.331,4.041,5.372,0.131,31,3,2023,4,1.0,0.0,-0.4339,-0.901,21.246,15.883,19.879,272.708,21.296,41.319,35.985,22.41,34.017,29.2
2023-04-01,22.4125,73.0944,28.5,50,0.0,1004.2,4.69,249,4.383,1.682,ERA5 Reanalysis (Open-Meteo Historical Archive),35.429,21.096,28.262,17.117,320.875,78.5,0.218,22.412,73.094,Copernicus S5P TROPOMI & CAMS Multi-Sensor Assimilation,0.18,0.85,0.1429,0.125,-0.2444,15.0,FAC_VAD_01,Apex PetroChem & Polymers Ltd,"Utility Steam Boiler, Thermic Heater, DG Set & Distillation",5655.0,485.3,0.0,37.8,43.1,0.1436,0.0359,24.0,FACTORY_OPERATIONAL_DATA,10.751,0.2844,12.839,3.8,25.0,0.985,3.442,4.427,0.1171,1,4,2023,5,0.866,-0.5,-0.9749,-0.2225,23.271,36.867,17.096,266.125,17.767,40.089,35.137,22.211,32.735,32.6
2023-04-02,22.4125,73.0944,29.4,39,0.0,1004.0,3.58,280,3.529,-0.622,ERA5 Reanalysis (Open-Meteo Historical Archive),31.221,19.9,32.458,16.208,349.417,69.917,0.17,22.412,73.094,Copernicus S5P TROPOMI & CAMS Multi-Sensor Assimilation,0.18,0.85,0.1429,0.125,-0.2444,15.0,FAC_VAD_01,Apex PetroChem & Polymers Ltd,"Utility Steam Boiler, Thermic Heater, DG Set & Distillation",4910.0,396.8,54.8,35.0,39.2,0.126,0.0353,18.0,FACTORY_OPERATIONAL_DATA,9.624,0.275,11.337,3.6,28.0,0.952,2.988,3.94,0.1126,2,4,2023,6,0.866,-0.5,-0.7818,0.6235,28.262,54.971,17.117,320.875,21.096,36.873,34.677,21.088,29.416,33.3
2023-04-03,22.4125,73.0944,29.3,41,0.0,1003.7,4.39,240,3.801,2.194,ERA5 Reanalysis (Open-Meteo Historical Archive),32.292,18.779,25.075,17.079,276.0,75.458,0.219,22.412,73.094,Copernicus S5P TROPOMI & CAMS Multi-Sensor Assimilation,0.18,0.85,0.1429,0.125,-0.2444,15.0,FAC_VAD_01,Apex PetroChem & Polymers Ltd,"Utility Steam Boiler, Thermic Heater, DG Set & Distillation",7242.0,598.1,0.0,50.5,57.6,0.19190000000000002,0.048,24.0,FACTORY_OPERATIONAL_DATA,13.522,0.2678,11.844,3.8,25.0,1.214,4.407,5.621,0.1113,3,4,2023,0,0.866,-0.5,0.0,1.0,32.458,58.637,16.208,349.417,19.9,32.079,34.14,19.579,25.315,30.4
2023-04-04,22.4125,73.0944,29.7,43,0.0,1004.7,4.61,264,4.586,0.482,ERA5 Reanalysis (Open-Meteo Historical Archive),51.833,28.125,25.375,24.862,331.875,68.167,0.387,22.412,73.094,Copernicus S5P TROPOMI & CAMS Multi-Sensor Assimilation,0.18,0.85,0.1429,0.125,-0.2444,15.0,FAC_VAD_01,Apex PetroChem & Polymers Ltd,"Utility Steam Boiler, Thermic Heater, DG Set & Distillation",6661.0,522.4,76.7,43.8,49.9,0.1664,0.0416,24.0,FACTORY_OPERATIONAL_DATA,12.913,0.2948,11.927,3.8,25.0,1.266,4.054,5.32,0.1215,4,4,2023,1,0.866,-0.5,0.7818,0.6235,25.075,52.867,17.079,276.0,18.779,28.151,34.069,19.811,23.352,39.6
2023-04-05,22.4125,73.0944,30.3,40,0.0,1004.3,4.72,244,4.244,2.07,ERA5 Reanalysis (Open-Meteo Historical Archive),72.233,40.667,37.054,26.392,466.458,59.625,0.507,22.412,73.094,Copernicus S5P TROPOMI & CAMS Multi-Sensor Assimilation,0.18,0.85,0.1429,0.125,-0.2444,15.0,FAC_VAD_01,Apex PetroChem & Polymers Ltd,"Utility Steam Boiler, Thermic Heater, DG Set & Distillation",7747.0,580.0,0.0,48.1,54.8,0.18280000000000002,0.045700000000000005,24.0,FACTORY_OPERATIONAL_DATA,13.837,0.2877,12.058,3.8,25.0,1.177,4.715,5.892,0.1225,5,4,2023,2,0.866,-0.5,0.9749,-0.2225,25.375,41.371,24.862,331.875,28.125,27.534,33.92,19.805,23.947,50.2
2023-04-06,22.4125,73.0944,30.8,35,0.0,1005.1,2.72,320,1.75,-2.085,ERA5 Reanalysis (Open-Meteo Historical Archive),57.925,31.458,31.0,23.871,366.5,74.208,0.444,22.412,73.094,Copernicus S5P TROPOMI & CAMS Multi-Sensor Assimilation,0.18,0.85,0.1429,0.125,-0.2444,15.0,FAC_VAD_01,Apex PetroChem & Polymers Ltd,"Utility Steam Boiler, Thermic Heater, DG Set & Distillation",8570.0,653.1,0.0,52.8,60.2,0.2006,0.0501,24.0,FACTORY_OPERATIONAL_DATA,15.428,0.2922,12.369,3.8,25.0,1.326,5.216,6.542,0.1239,6,4,2023,3,0.866,-0.5,0.4339,-0.901,37.054,21.246,26.392,466.458,40.667,28.928,33.427,20.375,25.399,42.5
2023-04-07,22.4125,73.0944,31.6,23,0.0,1006.4,7.17,16,-1.975,-6.889,ERA5 Reanalysis (Open-Meteo Historical Archive),45.354,25.892,25.567,16.129,319.458,77.208,0.438,22.412,73.094,Copernicus S5P TROPOMI & CAMS Multi-Sensor Assimilation,0.18,0.85,0.1429,0.125,-0.2444,15.0,FAC_VAD_01,Apex PetroChem & Polymers Ltd,"Utility Steam Boiler, Thermic Heater, DG Set & Distillation",8701.0,674.8,0.0,58.9,67.1,0.2238,0.056,24.0,FACTORY_OPERATIONAL_DATA,15.786,0.268,11.457,3.8,25.0,1.37,5.295,6.665,0.1132,7,4,2023,4,0.866,-0.5,-0.4339,-0.901,31.0,23.271,23.871,366.5,31.458,29.256,33.252,20.237,26.56,32.3
2023-04-08,22.4125,73.0944,31.0,31,0.0,1007.5,5.94,176,-0.415,5.93,ERA5 Reanalysis (Open-Meteo Historical Archive),61.95,36.071,38.358,19.204,434.75,63.333,0.452,22.412,73.094,Copernicus S5P TROPOMI & CAMS Multi-Sensor Assimilation,0.18,0.85,0.1429,0.125,-0.2444,15.0,FAC_VAD_01,Apex PetroChem & Polymers Ltd,"Utility Steam Boiler, Thermic Heater, DG Set & Distillation",6297.0,556.8,348.2,45.0,51.3,0.171,0.0428,24.0,FACTORY_OPERATIONAL_DATA,15.625,0.3472,12.373,3.8,25.0,2.063,3.832,5.895,0.131,8,4,2023,5,0.866,-0.5,-0.9749,-0.2225,25.567,28.262,16.129,319.458,25.892,30.698,33.809,20.535,28.699,43.8
2023-04-09,22.4125,73.0944,32.5,24,0.0,1007.4,3.39,242,2.992,1.591,ERA5 Reanalysis (Open-Meteo Historical Archive),66.658,41.608,46.279,19.871,593.083,72.667,0.375,22.412,73.094,Copernicus S5P TROPOMI & CAMS Multi-Sensor Assimilation,0.18,0.85,0.1429,0.125,-0.2444,15.0,FAC_VAD_01,Apex PetroChem & Polymers Ltd,"Utility Steam Boiler, Thermic Heater, DG Set & Distillation",4073.0,311.2,7.1,27.3,30.6,0.1,0.0275,18.0,FACTORY_OPERATIONAL_DATA,7.412,0.2715,11.399,3.66,27.5,0.651,2.479,3.13,0.1147,9,4,2023,6,0.866,-0.5,-0.7818,0.6235,38.358,32.458,19.204,434.75,36.071,32.673,34.606,21.058,31.8,49.7
2023-04-10,22.4125,73.0944,32.7,25,0.0,1006.0,3.5,233,2.795,2.106,ERA5 Reanalysis (Open-Meteo Historical Archive),52.058,33.996,36.912,12.888,472.625,84.375,0.397,22.412,73.094,Copernicus S5P TROPOMI & CAMS Multi-Sensor Assimilation,0.18,0.85,0.1429,0.125,-0.2444,15.0,FAC_VAD_01,Apex PetroChem & Polymers Ltd,"Utility Steam Boiler, Thermic Heater, DG Set & Distillation",8590.0,591.2,0.0,52.9,60.3,0.201,0.0502,24.0,FACTORY_OPERATIONAL_DATA,14.798,0.2797,11.176,3.8,25.0,1.2,5.228,6.428,0.1215,10,4,2023,0,0.866,-0.5,0.0,1.0,46.279,25.075,19.871,593.083,41.608,34.364,35.055,20.46,33.974,37.7
2023-04-11,22.4125,73.0944,32.8,28,0.0,1006.1,4.22,251,3.992,1.375,ERA5 Reanalysis (Open-Meteo Historical Archive),79.746,53.642,58.892,24.779,701.667,73.917,0.482,22.412,73.094,Copernicus S5P TROPOMI & CAMS Multi-Sensor Assimilation,0.18,0.85,0.1429,0.125,-0.2444,15.0,FAC_VAD_01,Apex PetroChem & Polymers Ltd,"Utility Steam Boiler, Thermic Heater, DG Set & Distillation",7324.0,554.6,0.0,47.6,54.3,0.1809,0.045200000000000004,24.0,FACTORY_OPERATIONAL_DATA,13.147,0.2762,11.651,3.8,25.0,1.126,4.457,5.583,0.1173,11,4,2023,1,0.866,-0.5,0.7818,0.6235,36.912,25.375,12.888,472.625,33.996,39.152,36.181,20.448,37.619,63.1
2023-04-12,22.4125,73.0944,33.3,27,0.0,1006.1,4.08,283,3.979,-0.919,ERA5 Reanalysis (Open-Meteo Historical Archive),57.262,38.571,52.229,22.325,530.5,61.292,0.298,22.412,73.094,Copernicus S5P TROPOMI & CAMS Multi-Sensor Assimilation,0.18,0.85,0.1429,0.125,-0.2444,15.0,FAC_VAD_01,Apex PetroChem & Polymers Ltd,"Utility Steam Boiler, Thermic Heater, DG Set & Distillation",6831.0,498.6,0.0,42.5,48.4,0.1615,0.0404,24.0,FACTORY_OPERATIONAL_DATA,12.066,0.2839,11.732,3.8,25.0,1.012,4.157,5.169,0.1216,12,4,2023,2,0.866,-0.5,0.9749,-0.2225,58.892,37.054,24.779,701.667,53.642,41.32,36.663,19.867,37.32,53.1
2023-04-13,22.4125,73.0944,33.4,26,0.0,1005.6,4.08,298,3.605,-1.917,ERA5 Reanalysis (Open-Meteo Historical Archive),62.729,41.529,48.038,21.017,539.958,70.167,0.285,22.412,73.094,Copernicus S5P TROPOMI & CAMS Multi-Sensor Assimilation,0.18,0.85,0.1429,0.125,-0.2444,15.0,FAC_VAD_01,Apex PetroChem & Polymers Ltd,"Utility Steam Boiler, Thermic Heater, DG Set & Distillation",7298.0,559.1,0.0,47.5,54.1,0.1805,0.0451,24.0,FACTORY_OPERATIONAL_DATA,13.169,0.2772,11.771,3.8,25.0,1.135,4.442,5.577,0.1174,13,4,2023,3,0.866,-0.5,0.4339,-0.901,52.229,31.0,22.325,530.5,38.571,43.754,36.426,19.459,38.758,51.3
2023-04-14,22.4125,73.0944,33.2,24,0.0,1004.8,3.11,287,2.975,-0.91,ERA5 Reanalysis (Open-Meteo Historical Archive),50.404,32.675,42.338,19.796,433.708,66.125,0.202,22.412,73.094,Copernicus S5P TROPOMI & CAMS Multi-Sensor Assimilation,0.18,0.85,0.1429,0.125,-0.2444,15.0,FAC_VAD_01,Apex PetroChem & Polymers Ltd,"Utility Steam Boiler, Thermic Heater, DG Set & Distillation",7538.0,584.2,0.0,49.5,56.4,0.1881,0.047,24.0,FACTORY_OPERATIONAL_DATA,13.672,0.2762,11.802,3.8,25.0,1.186,4.588,5.774,0.1166,14,4,2023,4,0.866,-0.5,-0.4339,-0.901,48.038,25.567,21.017,539.958,41.529,46.149,36.029,19.983,39.727,44.8
2023-04-15,22.4125,73.0944,32.2,31,0.0,1004.4,4.28,227,3.129,2.917,ERA5 Reanalysis (Open-Meteo Historical Archive),39.417,25.55,36.596,24.567,362.208,68.958,0.158,22.412,73.094,Copernicus S5P TROPOMI & CAMS Multi-Sensor Assimilation,0.18,0.85,0.1429,0.125,-0.2444,15.0,FAC_VAD_01,Apex PetroChem & Polymers Ltd,"Utility Steam Boiler, Thermic Heater, DG Set & Distillation",6642.0,507.5,0.0,46.4,52.9,0.1763,0.0441,24.0,FACTORY_OPERATIONAL_DATA,11.971,0.258,10.938,3.8,25.0,1.03,4.042,5.072,0.1093,15,4,2023,5,0.866,-0.5,-0.9749,-0.2225,42.338,38.358,19.796,433.708,32.675,45.898,36.187,20.749,38.224,43.4
2023-04-16,22.4125,73.0944,31.9,31,0.0,1003.4,4.97,229,3.753,3.262,ERA5 Reanalysis (Open-Meteo Historical Archive),37.792,23.292,35.079,24.5,388.458,67.25,0.169,22.412,73.094,Copernicus S5P TROPOMI & CAMS Multi-Sensor Assimilation,0.18,0.85,0.1429,0.125,-0.2444,15.0,FAC_VAD_01,Apex PetroChem & Polymers Ltd,"Utility Steam Boiler, Thermic Heater, DG Set & Distillation",5635.0,392.5,4.8,37.1,41.6,0.1336,0.037399999999999996,18.0,FACTORY_OPERATIONAL_DATA,9.804,0.2643,10.58,3.6,28.0,0.81,3.429,4.239,0.1143,16,4,2023,6,0.866,-0.5,-0.7818,0.6235,36.596,46.279,24.567,362.208,25.55,44.298,35.886,21.41,35.608,41.9
2023-04-17,22.4125,73.0944,32.3,31,0.0,1003.6,5.03,227,3.677,3.429,ERA5 Reanalysis (Open-Meteo Historical Archive),43.988,26.329,43.95,25.9,425.375,63.125,0.177,22.412,73.094,Copernicus S5P TROPOMI & CAMS Multi-Sensor Assimilation,0.18,0.85,0.1429,0.125,-0.2444,15.0,FAC_VAD_01,Apex PetroChem & Polymers Ltd,"Utility Steam Boiler, Thermic Heater, DG Set & Distillation",7513.0,631.7,0.0,49.2,56.1,0.187,0.046799999999999994,24.0,FACTORY_OPERATIONAL_DATA,14.146,0.2875,12.839,3.8,25.0,1.282,4.572,5.854,0.119,17,4,2023,0,0.866,-0.5,0.0,1.0,35.079,36.912,24.5,388.458,23.292,45.303,36.008,23.269,34.513,47.9
2023-04-18,22.4125,73.0944,33.8,28,0.0,1004.9,4.03,298,3.556,-1.891,ERA5 Reanalysis (Open-Meteo Historical Archive),51.846,32.387,54.067,23.325,552.042,69.875,0.387,22.412,73.094,Copernicus S5P TROPOMI & CAMS Multi-Sensor Assimilation,0.18,0.85,0.1429,0.125,-0.2444,15.0,FAC_VAD_01,Apex PetroChem & Polymers Ltd,"Utility Steam Boiler, Thermic Heater, DG Set & Distillation",9008.0,710.0,0.0,55.8,63.6,0.212,0.053,24.0,FACTORY_OPERATIONAL_DATA,16.463,0.295,12.724,3.8,25.0,1.441,5.482,6.923,0.1241,18,4,2023,1,0.866,-0.5,0.7818,0.6235,43.95,58.892,25.9,425.375,26.329,44.614,36.653,23.061,31.476,52.5
2023-04-19,22.4125,73.0944,34.1,27,0.0,1002.4,5.92,284,5.741,-1.431,ERA5 Reanalysis (Open-Meteo Historical Archive),59.692,37.254,54.358,19.037,618.125,58.042,0.396,22.412,73.094,Copernicus S5P TROPOMI & CAMS Multi-Sensor Assimilation,0.18,0.85,0.1429,0.125,-0.2444,15.0,FAC_VAD_01,Apex PetroChem & Polymers Ltd,"Utility Steam Boiler, Thermic Heater, DG Set & Distillation",6968.0,499.5,13.9,42.9,48.9,0.163,0.040799999999999996,24.0,FACTORY_OPERATIONAL_DATA,12.352,0.2879,11.643,3.8,25.0,1.051,4.241,5.292,0.1234,19,4,2023,2,0.866,-0.5,0.9749,-0.2225,54.067,52.229,23.325,552.042,32.387,44.918,37.711,22.592,31.288,51.1
2023-04-20,22.4125,73.0944,32.7,29,0.0,1000.0,5.75,265,5.728,0.501,ERA5 Reanalysis (Open-Meteo Historical Archive),31.088,19.167,30.946,14.821,355.667,59.417,0.205,22.412,73.094,Copernicus S5P TROPOMI & CAMS Multi-Sensor Assimilation,0.18,0.85,0.1429,0.125,-0.2444,15.0,FAC_VAD_01,Apex PetroChem & Polymers Ltd,"Utility Steam Boiler, Thermic Heater, DG Set & Distillation",8398.0,793.4999999999999,0.0,52.4,59.7,0.248875,0.0498,24.0,FACTORY_OPERATIONAL_DATA,16.73,0.3193,15.143,4.75,20.0,1.611,5.111,6.722,0.1283,20,4,2023,3,0.866,-0.5,0.4339,-0.901,54.358,48.038,19.037,618.125,37.254,42.476,37.921,21.707,28.093,31.4
2023-04-21,22.4125,73.0944,31.5,38,0.0,1000.3,5.06,239,4.333,2.604,ERA5 Reanalysis (Open-Meteo Historical Archive),45.654,27.333,32.8,17.571,380.667,77.458,0.26,22.412,73.094,Copernicus S5P TROPOMI & CAMS Multi-Sensor Assimilation,0.18,0.85,0.1429,0.125,-0.2444,15.0,FAC_VAD_01,Apex PetroChem & Polymers Ltd,"Utility Steam Boiler, Thermic Heater, DG Set & Distillation",7549.0,785.2199999999999,0.0,46.7,53.2,0.221875,0.0444,24.0,FACTORY_OPERATIONAL_DATA,15.794,0.3382,16.814,4.75,20.0,1.594,4.594,6.188,0.1325,21,4,2023,4,0.866,-0.5,-0.4339,-0.901,30.946,42.338,14.821,355.667,19.167,41.114,38.024,21.389,27.33,37.1
2023-04-22,22.4125,73.0944,31.6,41,0.0,1000.2,4.25,262,4.209,0.591,ERA5 Reanalysis (Open-Meteo Historical Archive),34.054,20.142,29.442,19.392,308.708,76.5,0.252,22.412,73.094,Copernicus S5P TROPOMI & CAMS Multi-Sensor Assimilation,0.18,0.85,0.1429,0.125,-0.2444,15.0,FAC_VAD_01,Apex PetroChem & Polymers Ltd,"Utility Steam Boiler, Thermic Heater, DG Set & Distillation",7456.0,822.066,0.0,48.4,55.2,0.229875,0.046,24.0,FACTORY_OPERATIONAL_DATA,16.088,0.3324,16.985,4.75,20.0,1.669,4.538,6.207,0.1282,22,4,2023,5,0.866,-0.5,-0.9749,-0.2225,32.8,36.596,17.571,380.667,27.333,40.092,38.34,20.649,26.558,34.5
2023-04-23,22.4125,73.0944,31.7,41,0.0,1000.6,5.33,263,5.294,0.65,ERA5 Reanalysis (Open-Meteo Historical Archive),31.092,19.321,29.108,15.237,323.125,83.417,0.213,22.412,73.094,Copernicus S5P TROPOMI & CAMS Multi-Sensor Assimilation,0.18,0.85,0.1429,0.125,-0.2444,15.0,FAC_VAD_01,Apex PetroChem & Polymers Ltd,"Utility Steam Boiler, Thermic Heater, DG Set & Distillation",4166.0,434.7,27.1,28.2,31.6,0.126875,0.028399999999999998,18.0,FACTORY_OPERATIONAL_DATA,9.001,0.3192,15.415,4.5,22.4,0.955,2.535,3.49,0.1238,23,4,2023,6,0.866,-0.5,-0.7818,0.6235,29.442,35.079,19.392,308.708,20.142,39.239,38.78,19.326,25.99,30.9
2023-04-24,22.4125,73.0944,31.6,35,0.0,1002.2,4.42,318,2.955,-3.282,ERA5 Reanalysis (Open-Meteo Historical Archive),46.808,30.929,45.029,18.933,506.542,83.958,0.24,22.412,73.094,Copernicus S5P TROPOMI & CAMS Multi-Sensor Assimilation,0.18,0.85,0.1429,0.125,-0.2444,15.0,FAC_VAD_01,Apex PetroChem & Polymers Ltd,"Utility Steam Boiler, Thermic Heater, DG Set & Distillation",6833.0,817.098,7.5,47.8,54.5,0.227,0.045399999999999996,24.0,FACTORY_OPERATIONAL_DATA,15.488,0.324,17.094,4.75,20.0,1.679,4.159,5.838,0.1221,24,4,2023,0,0.866,-0.5,0.0,1.0,29.108,43.95,15.237,323.125,19.321,39.393,39.052,18.331,26.648,44.7
2023-04-25,22.4125,73.0944,32.5,16,0.0,1002.0,3.61,268,3.609,0.126,ERA5 Reanalysis (Open-Meteo Historical Archive),43.596,29.192,36.238,10.167,467.25,97.667,0.286,22.412,73.094,Copernicus S5P TROPOMI & CAMS Multi-Sensor Assimilation,0.18,0.85,0.1429,0.125,-0.2444,15.0,FAC_VAD_01,Apex PetroChem & Polymers Ltd,"Utility Steam Boiler, Thermic Heater, DG Set & Distillation",6684.0,708.9060000000001,0.0,42.5,48.4,0.201875,0.0404,24.0,FACTORY_OPERATIONAL_DATA,14.128,0.3324,16.68,4.75,20.0,1.439,4.068,5.507,0.1296,25,4,2023,1,0.866,-0.5,0.7818,0.6235,45.029,54.067,18.933,506.542,30.929,36.846,38.428,16.451,26.191,33.7
2023-04-26,22.4125,73.0944,32.0,35,0.0,1001.5,5.81,202,2.175,5.383,ERA5 Reanalysis (Open-Meteo Historical Archive),53.392,34.704,40.137,21.908,471.833,85.917,0.481,22.412,73.094,Copernicus S5P TROPOMI & CAMS Multi-Sensor Assimilation,0.18,0.85,0.1429,0.125,-0.2444,15.0,FAC_VAD_01,Apex PetroChem & Polymers Ltd,"Utility Steam Boiler, Thermic Heater, DG Set & Distillation",7219.0,723.2579999999999,4.0,46.5,53.0,0.220875,0.0442,24.0,FACTORY_OPERATIONAL_DATA,14.853,0.3194,15.554,4.75,20.0,1.479,4.393,5.872,0.1263,26,4,2023,2,0.866,-0.5,0.9749,-0.2225,36.238,54.358,10.167,467.25,29.192,34.814,37.811,16.861,25.827,46.1
2023-04-27,22.4125,73.0944,31.1,49,0.0,1002.4,4.17,196,1.148,4.005,ERA5 Reanalysis (Open-Meteo Historical Archive),38.783,23.758,26.846,18.729,326.417,78.542,0.337,22.412,73.094,Copernicus S5P TROPOMI & CAMS Multi-Sensor Assimilation,0.18,0.85,0.1429,0.125,-0.2444,15.0,FAC_VAD_01,Apex PetroChem & Polymers Ltd,"Utility Steam Boiler, Thermic Heater, DG Set & Distillation",6853.0,710.2860000000001,43.0,45.3,51.6,0.215125,0.043,24.0,FACTORY_OPERATIONAL_DATA,14.741,0.3254,15.68,4.75,20.0,1.557,4.171,5.728,0.1264,27,4,2023,3,0.866,-0.5,0.4339,-0.901,40.137,30.946,21.908,471.833,34.704,34.229,36.944,17.42,26.483,34.1
2023-04-28,22.4125,73.0944,31.5,45,0.0,1003.1,5.31,228,3.943,3.55,ERA5 Reanalysis (Open-Meteo Historical Archive),33.262,20.304,27.787,19.638,313.25,71.417,0.315,22.412,73.094,Copernicus S5P TROPOMI & CAMS Multi-Sensor Assimilation,0.18,0.85,0.1429,0.125,-0.2444,15.0,FAC_VAD_01,Apex PetroChem & Polymers Ltd,"Utility Steam Boiler, Thermic Heater, DG Set & Distillation",6516.0,764.796,152.6,42.8,48.8,0.20325,0.040600000000000004,24.0,FACTORY_OPERATIONAL_DATA,16.072,0.3755,17.869,4.75,20.0,1.962,3.966,5.928,0.1385,28,4,2023,4,0.866,-0.5,-0.4339,-0.901,26.846,32.8,18.729,326.417,23.758,33.512,36.491,17.715,25.479,34.0
2023-04-29,22.4125,73.0944,29.0,54,0.6,1003.2,5.22,219,3.286,4.058,ERA5 Reanalysis (Open-Meteo Historical Archive),38.779,22.567,25.008,11.817,282.25,82.958,0.393,22.412,73.094,Copernicus S5P TROPOMI & CAMS Multi-Sensor Assimilation,0.18,0.85,0.1429,0.125,-0.2444,15.0,FAC_VAD_01,Apex PetroChem & Polymers Ltd,"Utility Steam Boiler, Thermic Heater, DG Set & Distillation",6730.0,530.4,0.0,44.5,50.7,0.1691,0.0423,24.0,FACTORY_OPERATIONAL_DATA,12.299,0.2764,11.919,3.8,25.0,1.077,4.096,5.173,0.1162,29,4,2023,5,0.866,-0.5,-0.9749,-0.2225,27.787,29.442,19.638,313.25,20.304,32.879,36.617,16.633,25.825,27.7
2023-04-30,22.4125,73.0944,27.3,62,6.5,1002.0,5.44,234,4.405,3.2,ERA5 Reanalysis (Open-Meteo Historical Archive),40.596,24.838,25.833,13.021,307.125,62.75,0.308,22.412,73.094,Copernicus S5P TROPOMI & CAMS Multi-Sensor Assimilation,0.18,0.85,0.1429,0.125,-0.2444,15.0,FAC_VAD_01,Apex PetroChem & Polymers Ltd,"Utility Steam Boiler, Thermic Heater, DG Set & Distillation",5060.0,370.9,9.4,34.1,38.2,0.12279999999999999,0.0344,18.0,FACTORY_OPERATIONAL_DATA,9.048,0.2653,10.877,3.6,28.0,0.778,3.08,3.858,0.1131,30,4,2023,6,0.866,-0.5,-0.7818,0.6235,25.008,29.108,11.817,282.25,22.567,32.411,36.702,16.316,26.613,29.8
2023-05-01,22.4125,73.0944,28.7,56,0.2,1001.2,6.28,234,5.079,3.69,ERA5 Reanalysis (Open-Meteo Historical Archive),31.625,17.342,21.058,13.842,272.625,64.208,0.282,22.412,73.094,Copernicus S5P TROPOMI & CAMS Multi-Sensor Assimilation,0.18,0.85,0.1429,0.125,-0.2444,15.0,FAC_VAD_01,Apex PetroChem & Polymers Ltd,"Utility Steam Boiler, Thermic Heater, DG Set & Distillation",6629.0,492.3,0.0,46.6,53.1,0.1771,0.0443,24.0,FACTORY_OPERATIONAL_DATA,11.798,0.2532,10.564,3.8,25.0,0.999,4.034,5.033,0.108,1,5,2023,0,0.5,-0.866,0.0,1.0,25.833,45.029,13.021,307.125,24.838,28.987,36.462,15.589,24.672,25.7
2023-05-02,22.4125,73.0944,29.1,56,0.7,1002.2,4.56,221,2.989,3.438,ERA5 Reanalysis (Open-Meteo Historical Archive),31.333,19.246,23.675,9.767,304.792,67.583,0.287,22.412,73.094,Copernicus S5P TROPOMI & CAMS Multi-Sensor Assimilation,0.18,0.85,0.1429,0.125,-0.2444,15.0,FAC_VAD_01,Apex PetroChem & Polymers Ltd,"Utility Steam Boiler, Thermic Heater, DG Set & Distillation",8033.0,667.9,0.0,54.8,62.5,0.2082,0.052,24.0,FACTORY_OPERATIONAL_DATA,15.046,0.2746,12.188,3.8,25.0,1.356,4.889,6.245,0.114,2,5,2023,1,0.5,-0.866,0.7818,0.6235,21.058,36.238,13.842,272.625,17.342,27.192,36.169,15.532,23.251,24.4
2023-05-03,22.4125,73.0944,30.2,53,0.4,1003.3,4.61,211,2.375,3.952,ERA5 Reanalysis (Open-Meteo Historical Archive),45.058,29.029,34.162,14.333,402.792,74.833,0.415,22.412,73.094,Copernicus S5P TROPOMI & CAMS Multi-Sensor Assimilation,0.18,0.85,0.1429,0.125,-0.2444,15.0,FAC_VAD_01,Apex PetroChem & Polymers Ltd,"Utility Steam Boiler, Thermic Heater, DG Set & Distillation",9598.0,776.1,0.0,63.4,72.3,0.2409,0.060200000000000004,24.0,FACTORY_OPERATIONAL_DATA,17.747,0.2799,12.241,3.8,25.0,1.575,5.841,7.416,0.117,3,5,2023,2,0.5,-0.866,0.9749,-0.2225,23.675,40.137,9.767,304.792,19.246,26.338,36.472,14.45,22.441,35.9
2023-05-04,22.4125,73.0944,30.8,54,0.1,1002.9,7.44,196,2.052,7.156,ERA5 Reanalysis (Open-Meteo Historical Archive),48.5,32.229,28.996,15.938,389.125,99.042,0.56,22.412,73.094,Copernicus S5P TROPOMI & CAMS Multi-Sensor Assimilation,0.18,0.85,0.1429,0.125,-0.2444,15.0,FAC_VAD_01,Apex PetroChem & Polymers Ltd,"Utility Steam Boiler, Thermic Heater, DG Set & Distillation",6295.0,489.5,0.0,43.2,49.2,0.16419999999999998,0.041,24.0,FACTORY_OPERATIONAL_DATA,11.435,0.2647,11.331,3.8,25.0,0.994,3.831,4.825,0.1117,4,5,2023,3,0.5,-0.866,0.4339,-0.901,34.162,26.846,14.333,402.792,29.029,26.646,36.593,14.051,23.651,35.9
2023-05-05,22.4125,73.0944,31.6,51,0.0,1002.0,5.39,196,1.485,5.18,ERA5 Reanalysis (Open-Meteo Historical Archive),50.104,33.262,19.117,15.717,330.75,109.167,0.602,22.412,73.094,Copernicus S5P TROPOMI & CAMS Multi-Sensor Assimilation,0.18,0.85,0.1429,0.125,-0.2444,15.0,FAC_VAD_01,Apex PetroChem & Polymers Ltd,"Utility Steam Boiler, Thermic Heater, DG Set & Distillation",7316.0,501.6,0.0,44.8,51.1,0.1702,0.0425,24.0,FACTORY_OPERATIONAL_DATA,12.583,0.2809,11.196,3.8,25.0,1.018,4.453,5.471,0.1221,5,5,2023,4,0.5,-0.866,-0.4339,-0.901,28.996,27.787,15.938,389.125,32.229,25.407,35.995,13.491,25.502,31.8
2023-05-06,22.4125,73.0944,32.5,45,0.0,1001.9,5.33,243,4.752,2.421,ERA5 Reanalysis (Open-Meteo Historical Archive),46.021,30.342,16.088,14.746,296.0,103.042,0.603,22.412,73.094,Copernicus S5P TROPOMI & CAMS Multi-Sensor Assimilation,0.18,0.85,0.1429,0.125,-0.2444,15.0,FAC_VAD_01,Apex PetroChem & Polymers Ltd,"Utility Steam Boiler, Thermic Heater, DG Set & Distillation",7964.0,596.5,0.0,52.4,59.7,0.1991,0.0498,24.0,FACTORY_OPERATIONAL_DATA,14.227,0.2715,11.384,3.8,25.0,1.211,4.847,6.058,0.1156,6,5,2023,5,0.5,-0.866,-0.9749,-0.2225,19.117,25.008,15.717,330.75,33.262,24.133,35.498,13.909,26.613,28.7
2023-05-07,22.4125,73.0944,33.8,43,0.0,1001.5,4.25,231,3.303,2.675,ERA5 Reanalysis (Open-Meteo Historical Archive),39.783,25.792,17.092,15.688,277.792,96.417,0.428,22.412,73.094,Copernicus S5P TROPOMI & CAMS Multi-Sensor Assimilation,0.18,0.85,0.1429,0.125,-0.2444,15.0,FAC_VAD_01,Apex PetroChem & Polymers Ltd,"Utility Steam Boiler, Thermic Heater, DG Set & Distillation",5752.0,468.4,13.4,41.1,46.0,0.148,0.0414,18.0,FACTORY_OPERATIONAL_DATA,10.804,0.2629,11.397,3.6,28.0,0.987,3.501,4.488,0.1092,7,5,2023,6,0.5,-0.866,-0.7818,0.6235,16.088,25.833,14.746,296.0,30.342,22.884,35.215,14.29,26.749,28.3
2023-05-08,22.4125,73.0944,34.0,41,0.0,1000.9,4.75,233,3.794,2.859,ERA5 Reanalysis (Open-Meteo Historical Archive),34.363,22.442,26.158,16.583,312.292,84.208,0.277,22.412,73.094,Copernicus S5P TROPOMI & CAMS Multi-Sensor Assimilation,0.18,0.85,0.1429,0.125,-0.2444,15.0,FAC_VAD_01,Apex PetroChem & Polymers Ltd,"Utility Steam Boiler, Thermic Heater, DG Set & Distillation",6751.0,589.5,0.0,47.0,53.6,0.17859999999999998,0.0446,24.0,FACTORY_OPERATIONAL_DATA,12.941,0.2753,12.543,3.8,25.0,1.197,4.109,5.306,0.1129,8,5,2023,0,0.5,-0.866,0.0,1.0,17.092,21.058,15.688,277.792,25.792,23.613,34.809,14.682,27.477,31.7
2023-05-09,22.4125,73.0944,35.0,38,0.0,1001.4,3.64,267,3.634,0.19,ERA5 Reanalysis (Open-Meteo Historical Archive),44.721,29.425,40.996,25.862,446.75,90.583,0.267,22.412,73.094,Copernicus S5P TROPOMI & CAMS Multi-Sensor Assimilation,0.18,0.85,0.1429,0.125,-0.2444,15.0,FAC_VAD_01,Apex PetroChem & Polymers Ltd,"Utility Steam Boiler, Thermic Heater, DG Set & Distillation",6037.0,497.9,31.9,41.0,46.7,0.15580000000000002,0.039,24.0,FACTORY_OPERATIONAL_DATA,11.584,0.2825,12.144,3.8,25.0,1.096,3.674,4.77,0.1163,9,5,2023,1,0.5,-0.866,0.7818,0.6235,26.158,23.675,16.583,312.292,22.442,26.087,34.632,16.981,28.932,47.6
2023-05-10,22.4125,73.0944,35.3,30,0.0,1001.1,5.69,352,0.793,-5.639,ERA5 Reanalysis (Open-Meteo Historical Archive),44.667,29.662,49.95,19.792,518.667,75.167,0.184,22.412,73.094,Copernicus S5P TROPOMI & CAMS Multi-Sensor Assimilation,0.18,0.85,0.1429,0.125,-0.2444,15.0,FAC_VAD_01,Apex PetroChem & Polymers Ltd,"Utility Steam Boiler, Thermic Heater, DG Set & Distillation",6682.0,539.3,0.0,45.6,52.0,0.1733,0.0433,24.0,FACTORY_OPERATIONAL_DATA,12.345,0.2707,11.827,3.8,25.0,1.095,4.067,5.162,0.1132,10,5,2023,2,0.5,-0.866,0.9749,-0.2225,40.996,34.162,25.862,446.75,29.425,28.342,35.067,17.761,29.022,47.1
2023-05-11,22.4125,73.0944,36.1,18,0.0,1001.4,4.39,313,3.21,-2.993,ERA5 Reanalysis (Open-Meteo Historical Archive),48.242,32.538,51.512,19.704,534.375,84.0,0.178,22.412,73.094,Copernicus S5P TROPOMI & CAMS Multi-Sensor Assimilation,0.18,0.85,0.1429,0.125,-0.2444,15.0,FAC_VAD_01,Apex PetroChem & Polymers Ltd,"Utility Steam Boiler, Thermic Heater, DG Set & Distillation",7671.0,587.9,0.0,50.0,57.0,0.19,0.0475,24.0,FACTORY_OPERATIONAL_DATA,13.844,0.2769,11.758,3.8,25.0,1.193,4.669,5.862,0.1172,11,5,2023,3,0.5,-0.866,0.4339,-0.901,49.95,28.996,19.792,518.667,29.662,31.559,34.821,18.299,29.066,48.7
2023-05-12,22.4125,73.0944,36.4,20,0.0,1001.1,4.39,292,4.069,-1.644,ERA5 Reanalysis (Open-Meteo Historical Archive),51.375,34.05,51.833,21.9,535.958,66.542,0.184,22.412,73.094,Copernicus S5P TROPOMI & CAMS Multi-Sensor Assimilation,0.18,0.85,0.1429,0.125,-0.2444,15.0,FAC_VAD_01,Apex PetroChem & Polymers Ltd,"Utility Steam Boiler, Thermic Heater, DG Set & Distillation",7216.0,595.4,0.0,49.4,56.3,0.18769999999999998,0.0469,24.0,FACTORY_OPERATIONAL_DATA,13.468,0.2726,12.053,3.8,25.0,1.209,4.392,5.601,0.1134,12,5,2023,4,0.5,-0.866,-0.4339,-0.901,51.512,19.117,19.704,534.375,32.538,36.233,34.808,19.182,29.179,51.0
2023-05-13,22.4125,73.0944,35.7,31,0.0,1001.1,6.31,233,5.036,3.795,ERA5 Reanalysis (Open-Meteo Historical Archive),32.317,20.821,26.454,24.692,276.708,78.708,0.224,22.412,73.094,Copernicus S5P TROPOMI & CAMS Multi-Sensor Assimilation,0.18,0.85,0.1429,0.125,-0.2444,15.0,FAC_VAD_01,Apex PetroChem & Polymers Ltd,"Utility Steam Boiler, Thermic Heater, DG Set & Distillation",9126.0,727.3,37.2,58.2,66.3,0.22119999999999998,0.055299999999999995,24.0,FACTORY_OPERATIONAL_DATA,17.135,0.2944,12.497,3.8,25.0,1.576,5.554,7.13,0.1225,13,5,2023,5,0.5,-0.866,-0.9749,-0.2225,51.833,16.088,21.9,535.958,34.05,37.714,34.088,20.603,27.819,37.4
2023-05-14,22.4125,73.0944,34.1,44,0.0,1000.1,5.86,228,4.356,3.922,ERA5 Reanalysis (Open-Meteo Historical Archive),22.062,13.721,19.221,23.333,227.375,66.708,0.171,22.412,73.094,Copernicus S5P TROPOMI & CAMS Multi-Sensor Assimilation,0.18,0.85,0.1429,0.125,-0.2444,15.0,FAC_VAD_01,Apex PetroChem & Polymers Ltd,"Utility Steam Boiler, Thermic Heater, DG Set & Distillation",4092.0,362.6,11.1,32.0,35.8,0.1152,0.032299999999999995,18.0,FACTORY_OPERATIONAL_DATA,8.01,0.2503,11.331,3.6,28.0,0.766,2.49,3.256,0.1017,14,5,2023,6,0.5,-0.866,-0.7818,0.6235,26.454,17.092,24.692,276.708,20.821,38.018,33.318,21.695,26.094,30.7
2023-05-15,22.4125,73.0944,33.0,55,0.0,1001.2,6.19,226,4.456,4.303,ERA5 Reanalysis (Open-Meteo Historical Archive),26.713,14.692,13.1,15.321,205.958,62.583,0.26,22.412,73.094,Copernicus S5P TROPOMI & CAMS Multi-Sensor Assimilation,0.18,0.85,0.1429,0.125,-0.2444,15.0,FAC_VAD_01,Apex PetroChem & Polymers Ltd,"Utility Steam Boiler, Thermic Heater, DG Set & Distillation",7685.0,559.1,62.3,49.3,56.2,0.18730000000000002,0.046799999999999994,24.0,FACTORY_OPERATIONAL_DATA,14.179,0.2876,11.341,3.8,25.0,1.302,4.677,5.979,0.1213,15,5,2023,0,0.5,-0.866,0.0,1.0,19.221,26.158,23.333,227.375,13.721,36.152,32.535,21.515,24.987,22.4
2023-05-16,22.4125,73.0944,32.9,55,0.0,1002.7,6.22,230,4.766,4.0,ERA5 Reanalysis (Open-Meteo Historical Archive),24.629,12.892,11.588,9.733,184.292,63.583,0.27,22.412,73.094,Copernicus S5P TROPOMI & CAMS Multi-Sensor Assimilation,0.18,0.85,0.1429,0.125,-0.2444,15.0,FAC_VAD_01,Apex PetroChem & Polymers Ltd,"Utility Steam Boiler, Thermic Heater, DG Set & Distillation",6049.0,452.2,0.0,39.7,45.3,0.1509,0.037700000000000004,24.0,FACTORY_OPERATIONAL_DATA,10.797,0.272,11.39,3.8,25.0,0.918,3.681,4.599,0.1158,16,5,2023,1,0.5,-0.866,0.7818,0.6235,13.1,40.996,15.321,205.958,14.692,31.951,31.752,19.211,22.625,16.9
2023-05-17,22.4125,73.0944,33.2,52,0.0,1003.6,5.75,234,4.652,3.38,ERA5 Reanalysis (Open-Meteo Historical Archive),29.308,14.538,15.871,15.258,206.125,63.625,0.271,22.412,73.094,Copernicus S5P TROPOMI & CAMS Multi-Sensor Assimilation,0.18,0.85,0.1429,0.125,-0.2444,15.0,FAC_VAD_01,Apex PetroChem & Polymers Ltd,"Utility Steam Boiler, Thermic Heater, DG Set & Distillation",7172.0,550.0,0.0,45.0,51.3,0.171,0.0428,24.0,FACTORY_OPERATIONAL_DATA,12.947,0.2877,12.222,3.8,25.0,1.116,4.365,5.481,0.1218,17,5,2023,2,0.5,-0.866,0.9749,-0.2225,11.588,49.95,9.733,184.292,12.892,27.083,30.816,18.563,20.465,23.5
2023-05-18,22.4125,73.0944,33.4,52,0.0,1005.1,5.03,243,4.48,2.283,ERA5 Reanalysis (Open-Meteo Historical Archive),33.117,17.875,22.562,17.783,247.875,64.083,0.286,22.412,73.094,Copernicus S5P TROPOMI & CAMS Multi-Sensor Assimilation,0.18,0.85,0.1429,0.125,-0.2444,15.0,FAC_VAD_01,Apex PetroChem & Polymers Ltd,"Utility Steam Boiler, Thermic Heater, DG Set & Distillation",7650.0,550.6,0.0,51.9,59.2,0.1972,0.0493,24.0,FACTORY_OPERATIONAL_DATA,13.431,0.2588,10.609,3.8,25.0,1.118,4.656,5.774,0.1113,18,5,2023,3,0.5,-0.866,0.4339,-0.901,15.871,51.512,15.258,206.125,14.538,22.947,29.766,18.289,18.37,29.5
2023-05-19,22.4125,73.0944,34.2,45,0.0,1003.4,5.08,239,4.357,2.618,ERA5 Reanalysis (Open-Meteo Historical Archive),33.238,17.388,22.829,20.029,248.333,68.292,0.262,22.412,73.094,Copernicus S5P TROPOMI & CAMS Multi-Sensor Assimilation,0.18,0.85,0.1429,0.125,-0.2444,15.0,FAC_VAD_01,Apex PetroChem & Polymers Ltd,"Utility Steam Boiler, Thermic Heater, DG Set & Distillation",7564.0,578.1,0.0,48.8,55.6,0.1854,0.0464,24.0,FACTORY_OPERATIONAL_DATA,13.634,0.2794,11.846,3.8,25.0,1.174,4.603,5.777,0.1184,19,5,2023,4,0.5,-0.866,-0.4339,-0.901,22.562,51.833,17.783,247.875,17.875,18.804,28.715,18.021,15.99,31.1
2023-05-20,22.4125,73.0944,34.4,46,0.0,1002.4,4.78,230,3.66,3.071,ERA5 Reanalysis (Open-Meteo Historical Archive),33.333,17.354,19.404,20.542,234.333,69.208,0.254,22.412,73.094,Copernicus S5P TROPOMI & CAMS Multi-Sensor Assimilation,0.18,0.85,0.1429,0.125,-0.2444,15.0,FAC_VAD_01,Apex PetroChem & Polymers Ltd,"Utility Steam Boiler, Thermic Heater, DG Set & Distillation",8373.0,668.1,17.0,55.9,63.7,0.2124,0.0531,24.0,FACTORY_OPERATIONAL_DATA,15.558,0.2783,11.952,3.8,25.0,1.402,5.096,6.498,0.1162,20,5,2023,5,0.5,-0.866,-0.9749,-0.2225,22.829,26.454,20.029,248.333,17.388,17.796,28.33,17.428,15.494,30.0
2023-05-21,22.4125,73.0944,34.2,45,0.0,1003.1,5.36,229,4.046,3.517,ERA5 Reanalysis (Open-Meteo Historical Archive),31.558,16.379,15.9,19.871,210.542,70.917,0.259,22.412,73.094,Copernicus S5P TROPOMI & CAMS Multi-Sensor Assimilation,0.18,0.85,0.1429,0.125,-0.2444,15.0,FAC_VAD_01,Apex PetroChem & Polymers Ltd,"Utility Steam Boiler, Thermic Heater, DG Set & Distillation",5365.0,403.6,17.8,36.6,41.0,0.1318,0.036899999999999995,18.0,FACTORY_OPERATIONAL_DATA,9.781,0.2672,11.027,3.6,28.0,0.867,3.265,4.132,0.1129,21,5,2023,6,0.5,-0.866,-0.7818,0.6235,19.404,19.221,20.542,234.333,17.354,17.322,27.766,16.934,15.874,27.6
2023-05-22,22.4125,73.0944,33.5,50,0.0,1004.0,5.97,233,4.77,3.594,ERA5 Reanalysis (Open-Meteo Historical Archive),26.963,14.758,14.65,21.238,198.833,68.667,0.232,22.412,73.094,Copernicus S5P TROPOMI & CAMS Multi-Sensor Assimilation,0.18,0.85,0.1429,0.125,-0.2444,15.0,FAC_VAD_01,Apex PetroChem & Polymers Ltd,"Utility Steam Boiler, Thermic Heater, DG Set & Distillation",9161.0,682.4,0.0,58.4,66.6,0.22190000000000001,0.0555,24.0,FACTORY_OPERATIONAL_DATA,16.326,0.2796,11.685,3.8,25.0,1.385,5.575,6.96,0.1192,22,5,2023,0,0.5,-0.866,0.0,1.0,15.9,13.1,19.871,210.542,16.379,17.543,27.273,17.779,15.883,27.5
2023-05-23,22.4125,73.0944,33.4,49,0.0,1004.1,5.5,227,4.022,3.751,ERA5 Reanalysis (Open-Meteo Historical Archive),25.9,13.725,13.475,18.208,191.25,66.583,0.237,22.412,73.094,Copernicus S5P TROPOMI & CAMS Multi-Sensor Assimilation,0.18,0.85,0.1429,0.125,-0.2444,15.0,FAC_VAD_01,Apex PetroChem & Polymers Ltd,"Utility Steam Boiler, Thermic Heater, DG Set & Distillation",5184.0,420.8,0.0,37.8,43.1,0.1436,0.0359,24.0,FACTORY_OPERATIONAL_DATA,9.602,0.254,11.132,3.8,25.0,0.854,3.155,4.009,0.1061,23,5,2023,1,0.5,-0.866,0.7818,0.6235,14.65,11.588,21.238,198.833,14.758,17.813,26.752,18.99,16.002,24.4
2023-05-24,22.4125,73.0944,33.6,51,0.0,1002.6,6.94,231,5.397,4.37,ERA5 Reanalysis (Open-Meteo Historical Archive),26.529,13.292,13.546,16.588,186.25,58.542,0.228,22.412,73.094,Copernicus S5P TROPOMI & CAMS Multi-Sensor Assimilation,0.18,0.85,0.1429,0.125,-0.2444,15.0,FAC_VAD_01,Apex PetroChem & Polymers Ltd,"Utility Steam Boiler, Thermic Heater, DG Set & Distillation",7027.0,505.7,0.0,46.2,52.7,0.1756,0.0439,24.0,FACTORY_OPERATIONAL_DATA,12.337,0.267,10.946,3.8,25.0,1.027,4.277,5.304,0.1148,24,5,2023,2,0.5,-0.866,0.9749,-0.2225,13.475,15.871,18.208,191.25,13.725,17.481,25.703,19.18,15.824,23.0
2023-05-25,22.4125,73.0944,32.9,53,0.0,1002.8,7.17,223,4.888,5.241,ERA5 Reanalysis (Open-Meteo Historical Archive),25.225,13.221,10.467,12.108,179.333,61.042,0.282,22.412,73.094,Copernicus S5P TROPOMI & CAMS Multi-Sensor Assimilation,0.18,0.85,0.1429,0.125,-0.2444,15.0,FAC_VAD_01,Apex PetroChem & Polymers Ltd,"Utility Steam Boiler, Thermic Heater, DG Set & Distillation",7990.0,559.5,267.0,52.1,59.4,0.198,0.0495,24.0,FACTORY_OPERATIONAL_DATA,16.535,0.3174,10.739,3.8,25.0,1.851,4.863,6.714,0.1289,25,5,2023,3,0.5,-0.866,0.4339,-0.901,13.546,22.562,16.588,186.25,13.292,15.753,24.844,18.369,15.16,18.3
2023-05-26,22.4125,73.0944,32.3,56,0.0,1003.2,7.39,218,4.549,5.823,ERA5 Reanalysis (Open-Meteo Historical Archive),25.571,13.896,6.933,7.308,168.292,64.25,0.445,22.412,73.094,Copernicus S5P TROPOMI & CAMS Multi-Sensor Assimilation,0.18,0.85,0.1429,0.125,-0.2444,15.0,FAC_VAD_01,Apex PetroChem & Polymers Ltd,"Utility Steam Boiler, Thermic Heater, DG Set & Distillation",8232.0,575.5,150.1,51.9,59.2,0.1972,0.0493,24.0,FACTORY_OPERATIONAL_DATA,15.776,0.304,11.089,3.8,25.0,1.571,5.01,6.581,0.1268,26,5,2023,4,0.5,-0.866,-0.4339,-0.901,10.467,22.829,12.108,179.333,13.221,13.482,23.737,16.552,14.661,13.4
2023-05-27,22.4125,73.0944,32.7,57,0.0,1002.1,7.58,222,5.074,5.636,ERA5 Reanalysis (Open-Meteo Historical Archive),21.871,11.438,6.796,6.671,162.5,60.625,0.368,22.412,73.094,Copernicus S5P TROPOMI & CAMS Multi-Sensor Assimilation,0.18,0.85,0.1429,0.125,-0.2444,15.0,FAC_VAD_01,Apex PetroChem & Polymers Ltd,"Utility Steam Boiler, Thermic Heater, DG Set & Distillation",7837.0,660.9,35.5,51.2,58.4,0.1946,0.048600000000000004,24.0,FACTORY_OPERATIONAL_DATA,15.131,0.2955,12.908,3.8,25.0,1.437,4.77,6.207,0.1212,27,5,2023,5,0.5,-0.866,-0.9749,-0.2225,6.933,19.404,7.308,168.292,13.896,11.681,23.069,14.57,13.816,12.0
2023-05-28,22.4125,73.0944,32.7,56,0.6,1002.1,6.33,230,4.852,4.071,ERA5 Reanalysis (Open-Meteo Historical Archive),24.454,12.55,11.954,9.129,172.542,54.833,0.419,22.412,73.094,Copernicus S5P TROPOMI & CAMS Multi-Sensor Assimilation,0.18,0.85,0.1429,0.125,-0.2444,15.0,FAC_VAD_01,Apex PetroChem & Polymers Ltd,"Utility Steam Boiler, Thermic Heater, DG Set & Distillation",5049.0,415.7,1.4,36.0,40.3,0.1296,0.0363,18.0,FACTORY_OPERATIONAL_DATA,9.428,0.2619,11.547,3.6,28.0,0.848,3.073,3.921,0.1089,28,5,2023,6,0.5,-0.866,-0.7818,0.6235,6.796,15.9,6.671,162.5,11.438,11.117,22.541,13.036,13.269,16.5
2023-05-29,22.4125,73.0944,31.9,56,0.0,1002.7,6.22,304,5.158,-3.479,ERA5 Reanalysis (Open-Meteo Historical Archive),49.404,27.888,27.746,20.321,319.833,65.333,0.484,22.412,73.094,Copernicus S5P TROPOMI & CAMS Multi-Sensor Assimilation,0.18,0.85,0.1429,0.125,-0.2444,15.0,FAC_VAD_01,Apex PetroChem & Polymers Ltd,"Utility Steam Boiler, Thermic Heater, DG Set & Distillation",8332.0,665.0,0.0,55.5,63.3,0.2109,0.052700000000000004,24.0,FACTORY_OPERATIONAL_DATA,15.314,0.2759,11.982,3.8,25.0,1.35,5.071,6.421,0.1157,29,5,2023,0,0.5,-0.866,0.0,1.0,11.954,14.65,9.129,172.542,12.55,12.988,22.632,12.905,15.144,37.1
2023-05-30,22.4125,73.0944,31.7,54,0.9,1003.3,11.33,339,4.062,-10.581,ERA5 Reanalysis (Open-Meteo Historical Archive),70.979,39.992,39.95,21.308,485.625,67.542,0.524,22.412,73.094,Copernicus S5P TROPOMI & CAMS Multi-Sensor Assimilation,0.18,0.85,0.1429,0.125,-0.2444,15.0,FAC_VAD_01,Apex PetroChem & Polymers Ltd,"Utility Steam Boiler, Thermic Heater, DG Set & Distillation",7626.0,608.0,0.0,52.1,59.4,0.198,0.0495,24.0,FACTORY_OPERATIONAL_DATA,14.01,0.2689,11.67,3.8,25.0,1.234,4.641,5.875,0.1128,30,5,2023,1,0.5,-0.866,0.7818,0.6235,27.746,13.475,20.321,319.833,27.888,16.77,23.103,13.348,18.897,47.5
2023-05-31,22.4125,73.0944,33.7,41,0.0,1002.5,6.17,274,6.152,-0.43,ERA5 Reanalysis (Open-Meteo Historical Archive),45.767,26.988,36.625,17.242,365.833,55.875,0.393,22.412,73.094,Copernicus S5P TROPOMI & CAMS Multi-Sensor Assimilation,0.18,0.85,0.1429,0.125,-0.2444,15.0,FAC_VAD_01,Apex PetroChem & Polymers Ltd,"Utility Steam Boiler, Thermic Heater, DG Set & Distillation",7266.0,527.8,0.0,45.9,52.3,0.1744,0.0436,24.0,FACTORY_OPERATIONAL_DATA,12.808,0.279,11.499,3.8,25.0,1.071,4.422,5.493,0.1197,31,5,2023,2,0.5,-0.866,0.9749,-0.2225,39.95,13.546,21.308,485.625,39.992,20.067,23.622,13.441,20.853,38.4
2023-06-01,22.4125,73.0944,33.7,38,0.0,1001.7,6.22,247,5.728,2.431,ERA5 Reanalysis (Open-Meteo Historical Archive),32.304,19.1,22.096,17.888,253.125,60.083,0.309,22.412,73.094,Copernicus S5P TROPOMI & CAMS Multi-Sensor Assimilation,0.18,0.85,0.1429,0.125,-0.2444,15.0,FAC_VAD_01,Apex PetroChem & Polymers Ltd,"Utility Steam Boiler, Thermic Heater, DG Set & Distillation",8604.0,634.6,0.0,52.9,60.3,0.201,0.0502,24.0,FACTORY_OPERATIONAL_DATA,15.267,0.2886,11.996,3.8,25.0,1.288,5.236,6.524,0.1233,1,6,2023,3,0.0,-1.0,0.4339,-0.901,36.625,10.467,17.242,365.833,26.988,21.729,23.569,14.267,21.693,29.8
2023-06-02,22.4125,73.0944,33.6,53,0.0,1001.8,5.92,241,5.175,2.868,ERA5 Reanalysis (Open-Meteo Historical Archive),25.138,14.604,15.846,14.492,202.375,51.125,0.388,22.412,73.094,Copernicus S5P TROPOMI & CAMS Multi-Sensor Assimilation,0.18,0.85,0.1429,0.125,-0.2444,15.0,FAC_VAD_01,Apex PetroChem & Polymers Ltd,"Utility Steam Boiler, Thermic Heater, DG Set & Distillation",6542.0,491.0,0.0,42.7,48.7,0.1623,0.040600000000000004,24.0,FACTORY_OPERATIONAL_DATA,11.698,0.274,11.499,3.8,25.0,0.997,3.981,4.978,0.1166,2,6,2023,4,0.0,-1.0,-0.4339,-0.901,22.096,6.933,17.888,253.125,19.1,23.002,22.958,15.293,21.794,22.9
2023-06-03,22.4125,73.0944,31.6,65,19.3,1001.5,4.72,226,3.397,3.28,ERA5 Reanalysis (Open-Meteo Historical Archive),27.692,14.492,13.208,12.846,183.25,52.417,0.453,22.412,73.094,Copernicus S5P TROPOMI & CAMS Multi-Sensor Assimilation,0.18,0.85,0.1429,0.125,-0.2444,15.0,FAC_VAD_01,Apex PetroChem & Polymers Ltd,"Utility Steam Boiler, Thermic Heater, DG Set & Distillation",7918.0,632.3,83.8,52.2,59.5,0.1984,0.0496,24.0,FACTORY_OPERATIONAL_DATA,15.395,0.2949,12.113,3.8,25.0,1.508,4.819,6.327,0.1212,3,6,2023,5,0.0,-1.0,-0.9749,-0.2225,15.846,6.796,14.492,202.375,14.604,23.918,22.432,16.175,22.231,20.5
2023-06-04,22.4125,73.0944,32.3,62,12.0,1001.5,5.83,227,4.266,3.978,ERA5 Reanalysis (Open-Meteo Historical Archive),30.996,16.95,18.217,14.85,228.167,60.833,0.481,22.412,73.094,Copernicus S5P TROPOMI & CAMS Multi-Sensor Assimilation,0.18,0.85,0.1429,0.125,-0.2444,15.0,FAC_VAD_01,Apex PetroChem & Polymers Ltd,"Utility Steam Boiler, Thermic Heater, DG Set & Distillation",6518.0,503.7,47.7,44.8,50.2,0.1613,0.045200000000000004,18.0,FACTORY_OPERATIONAL_DATA,12.284,0.2742,11.243,3.6,28.0,1.15,3.967,5.117,0.1142,4,6,2023,6,0.0,-1.0,-0.7818,0.6235,13.208,11.954,12.846,183.25,14.492,24.813,22.402,16.992,22.859,25.0
2023-06-05,22.4125,73.0944,33.7,56,0.0,1000.4,5.53,233,4.415,3.327,ERA5 Reanalysis (Open-Meteo Historical Archive),33.521,17.125,14.779,19.225,197.208,67.667,0.397,22.412,73.094,Copernicus S5P TROPOMI & CAMS Multi-Sensor Assimilation,0.18,0.85,0.1429,0.125,-0.2444,15.0,FAC_VAD_01,Apex PetroChem & Polymers Ltd,"Utility Steam Boiler, Thermic Heater, DG Set & Distillation",7976.0,614.3,81.6,51.6,58.8,0.1961,0.049,24.0,FACTORY_OPERATIONAL_DATA,15.242,0.2954,11.905,3.8,25.0,1.466,4.854,6.32,0.1225,5,6,2023,0,0.0,-1.0,0.0,1.0,18.217,27.746,14.85,228.167,16.95,22.96,22.359,16.836,21.322,26.9
2023-06-06,22.4125,73.0944,33.5,56,0.0,1000.2,5.17,221,3.39,3.899,ERA5 Reanalysis (Open-Meteo Historical Archive),36.708,18.092,15.046,18.138,196.417,62.875,0.394,22.412,73.094,Copernicus S5P TROPOMI & CAMS Multi-Sensor Assimilation,0.18,0.85,0.1429,0.125,-0.2444,15.0,FAC_VAD_01,Apex PetroChem & Polymers Ltd,"Utility Steam Boiler, Thermic Heater, DG Set & Distillation",6333.0,534.5,0.0,41.3,47.1,0.1569,0.039200000000000006,24.0,FACTORY_OPERATIONAL_DATA,11.945,0.2892,12.942,3.8,25.0,1.085,3.854,4.939,0.1196,6,6,2023,1,0.0,-1.0,0.7818,0.6235,14.779,39.95,19.225,197.208,17.125,19.402,22.29,16.383,18.193,26.5
2023-06-07,22.4125,73.0944,33.7,57,0.2,999.9,5.19,218,3.198,4.093,ERA5 Reanalysis (Open-Meteo Historical Archive),25.0,13.296,14.033,17.308,186.083,62.25,0.322,22.412,73.094,Copernicus S5P TROPOMI & CAMS Multi-Sensor Assimilation,0.18,0.85,0.1429,0.125,-0.2444,15.0,FAC_VAD_01,Apex PetroChem & Polymers Ltd,"Utility Steam Boiler, Thermic Heater, DG Set & Distillation",7334.0,547.6,0.0,48.5,55.3,0.18430000000000002,0.0461,24.0,FACTORY_OPERATIONAL_DATA,13.084,0.2698,11.291,3.8,25.0,1.112,4.463,5.575,0.1149,7,6,2023,2,0.0,-1.0,0.9749,-0.2225,15.046,36.625,18.138,196.417,18.092,16.175,21.886,16.392,16.237,23.8
2023-06-08,22.4125,73.0944,33.2,55,0.0,1000.9,5.0,227,3.657,3.41,ERA5 Reanalysis (Open-Meteo Historical Archive),29.179,14.358,11.792,12.508,171.25,60.833,0.311,22.412,73.094,Copernicus S5P TROPOMI & CAMS Multi-Sensor Assimilation,0.18,0.85,0.1429,0.125,-0.2444,15.0,FAC_VAD_01,Apex PetroChem & Polymers Ltd,"Utility Steam Boiler, Thermic Heater, DG Set & Distillation",9050.0,729.4,0.0,60.7,69.2,0.2307,0.0577,24.0,FACTORY_OPERATIONAL_DATA,16.709,0.2753,12.016,3.8,25.0,1.481,5.508,6.989,0.1151,8,6,2023,3,0.0,-1.0,0.4339,-0.901,14.033,22.096,17.308,186.083,13.296,14.703,20.913,15.624,15.56,19.6
2023-06-09,22.4125,73.0944,33.2,57,0.0,999.0,6.08,222,4.071,4.521,ERA5 Reanalysis (Open-Meteo Historical Archive),18.571,11.183,11.242,13.075,152.458,55.25,0.229,22.412,73.094,Copernicus S5P TROPOMI & CAMS Multi-Sensor Assimilation,0.18,0.85,0.1429,0.125,-0.2444,15.0,FAC_VAD_01,Apex PetroChem & Polymers Ltd,"Utility Steam Boiler, Thermic Heater, DG Set & Distillation",6693.0,532.8,0.0,47.3,53.9,0.1797,0.044899999999999995,24.0,FACTORY_OPERATIONAL_DATA,12.287,0.2598,11.264,3.8,25.0,1.082,4.073,5.155,0.109,9,6,2023,4,0.0,-1.0,-0.4339,-0.901,11.792,15.846,12.508,171.25,14.358,14.045,19.622,15.421,15.071,18.6
2023-06-10,22.4125,73.0944,33.2,60,0.2,997.8,6.78,220,4.357,5.192,ERA5 Reanalysis (Open-Meteo Historical Archive),17.792,11.046,9.358,12.383,142.958,57.667,0.187,22.412,73.094,Copernicus S5P TROPOMI & CAMS Multi-Sensor Assimilation,0.18,0.85,0.1429,0.125,-0.2444,15.0,FAC_VAD_01,Apex PetroChem & Polymers Ltd,"Utility Steam Boiler, Thermic Heater, DG Set & Distillation",7510.0,569.1,0.0,46.9,53.5,0.1782,0.0445,24.0,FACTORY_OPERATIONAL_DATA,13.486,0.2875,12.134,3.8,25.0,1.155,4.571,5.726,0.1221,10,6,2023,5,0.0,-1.0,-0.9749,-0.2225,11.242,13.208,13.075,152.458,11.183,13.495,18.217,15.355,14.579,17.2
2023-06-11,22.4125,73.0944,33.4,54,1.8,997.2,6.53,208,3.065,5.764,ERA5 Reanalysis (Open-Meteo Historical Archive),26.738,15.658,12.612,15.888,177.917,62.708,0.28,22.412,73.094,Copernicus S5P TROPOMI & CAMS Multi-Sensor Assimilation,0.18,0.85,0.1429,0.125,-0.2444,15.0,FAC_VAD_01,Apex PetroChem & Polymers Ltd,"Utility Steam Boiler, Thermic Heater, DG Set & Distillation",4296.0,351.1,6.1,31.7,35.5,0.1141,0.0319,18.0,FACTORY_OPERATIONAL_DATA,8.044,0.2538,11.076,3.6,28.0,0.729,2.615,3.344,0.1055,11,6,2023,6,0.0,-1.0,-0.7818,0.6235,9.358,18.217,12.383,142.958,11.046,12.695,16.91,15.504,14.394,22.9
2023-06-12,22.4125,73.0944,33.4,51,0.9,996.9,6.64,199,2.161,6.277,ERA5 Reanalysis (Open-Meteo Historical Archive),26.754,15.108,11.942,14.821,169.75,57.25,0.361,22.412,73.094,Copernicus S5P TROPOMI & CAMS Multi-Sensor Assimilation,0.18,0.85,0.1429,0.125,-0.2444,15.0,FAC_VAD_01,Apex PetroChem & Polymers Ltd,"Utility Steam Boiler, Thermic Heater, DG Set & Distillation",7537.0,533.4,0.0,48.0,54.7,0.1824,0.0456,24.0,FACTORY_OPERATIONAL_DATA,13.138,0.2737,11.112,3.8,25.0,1.083,4.587,5.67,0.1181,12,6,2023,0,0.0,-1.0,0.0,1.0,12.612,14.779,15.888,177.917,15.658,12.289,16.426,14.874,14.106,21.6
2023-06-13,22.4125,73.0944,32.6,57,1.1,997.5,9.14,197,2.672,8.74,ERA5 Reanalysis (Open-Meteo Historical Archive),23.738,13.462,9.679,12.062,137.583,48.583,0.448,22.412,73.094,Copernicus S5P TROPOMI & CAMS Multi-Sensor Assimilation,0.18,0.85,0.1429,0.125,-0.2444,15.0,FAC_VAD_01,Apex PetroChem & Polymers Ltd,"Utility Steam Boiler, Thermic Heater, DG Set & Distillation",7512.0,603.2,103.5,47.2,53.8,0.1794,0.044899999999999995,24.0,FACTORY_OPERATIONAL_DATA,14.881,0.3153,12.78,3.8,25.0,1.502,4.572,6.074,0.1287,13,6,2023,1,0.0,-1.0,0.7818,0.6235,11.942,15.046,14.821,169.75,15.108,11.523,16.108,14.006,13.444,18.0
2023-06-14,22.4125,73.0944,31.2,65,0.4,999.1,8.97,203,3.506,8.259,ERA5 Reanalysis (Open-Meteo Historical Archive),24.796,13.596,8.746,11.088,131.0,48.875,0.513,22.412,73.094,Copernicus S5P TROPOMI & CAMS Multi-Sensor Assimilation,0.18,0.85,0.1429,0.125,-0.2444,15.0,FAC_VAD_01,Apex PetroChem & Polymers Ltd,"Utility Steam Boiler, Thermic Heater, DG Set & Distillation",7870.0,523.4,131.7,46.7,53.2,0.1775,0.0444,24.0,FACTORY_OPERATIONAL_DATA,14.683,0.3144,11.208,3.8,25.0,1.415,4.79,6.205,0.1329,14,6,2023,2,0.0,-1.0,0.9749,-0.2225,9.679,14.033,12.062,137.583,13.462,10.767,15.963,13.118,13.487,16.9
2023-06-15,22.4125,73.0944,30.2,68,2.0,999.0,9.67,197,2.826,9.244,ERA5 Reanalysis (Open-Meteo Historical Archive),27.383,14.092,8.038,9.892,119.625,44.875,0.543,22.412,73.094,Copernicus S5P TROPOMI & CAMS Multi-Sensor Assimilation,0.18,0.85,0.1429,0.125,-0.2444,15.0,FAC_VAD_01,Apex PetroChem & Polymers Ltd,"Utility Steam Boiler, Thermic Heater, DG Set & Distillation",7298.0,574.9,20.1,48.3,55.1,0.1835,0.045899999999999996,24.0,FACTORY_OPERATIONAL_DATA,13.535,0.2802,11.903,3.8,25.0,1.221,4.442,5.663,0.1172,15,6,2023,3,0.0,-1.0,0.4339,-0.901,8.746,11.792,11.088,131.0,13.596,10.231,15.845,12.744,13.449,15.9
2023-06-16,22.4125,73.0944,29.9,71,2.7,996.8,12.14,196,3.346,11.669,ERA5 Reanalysis (Open-Meteo Historical Archive),27.888,13.712,7.658,9.825,118.917,44.417,0.499,22.412,73.094,Copernicus S5P TROPOMI & CAMS Multi-Sensor Assimilation,0.18,0.85,0.1429,0.125,-0.2444,15.0,FAC_VAD_01,Apex PetroChem & Polymers Ltd,"Utility Steam Boiler, Thermic Heater, DG Set & Distillation",7052.0,550.5,0.0,47.8,54.5,0.18159999999999998,0.045399999999999996,24.0,FACTORY_OPERATIONAL_DATA,12.832,0.2685,11.517,3.8,25.0,1.118,4.292,5.41,0.1132,16,6,2023,4,0.0,-1.0,-0.4339,-0.901,8.038,11.242,9.892,119.625,14.092,9.719,15.571,12.28,13.811,15.5
2023-06-17,22.4125,73.0944,30.9,68,0.9,997.4,9.78,213,5.325,8.2,ERA5 Reanalysis (Open-Meteo Historical Archive),34.992,16.662,7.746,7.062,127.667,50.375,0.596,22.412,73.094,Copernicus S5P TROPOMI & CAMS Multi-Sensor Assimilation,0.18,0.85,0.1429,0.125,-0.2444,15.0,FAC_VAD_01,Apex PetroChem & Polymers Ltd,"Utility Steam Boiler, Thermic Heater, DG Set & Distillation",6574.0,607.0,0.0,48.5,55.3,0.18430000000000002,0.0461,24.0,FACTORY_OPERATIONAL_DATA,12.948,0.267,12.515,3.8,25.0,1.232,4.001,5.233,0.1079,17,6,2023,5,0.0,-1.0,-0.9749,-0.2225,7.658,9.358,9.825,118.917,13.712,9.489,15.077,11.52,14.613,14.5
2023-06-18,22.4125,73.0944,31.0,66,0.3,998.9,7.47,227,5.465,5.096,ERA5 Reanalysis (Open-Meteo Historical Archive),39.779,18.054,9.221,6.796,140.917,46.875,0.572,22.412,73.094,Copernicus S5P TROPOMI & CAMS Multi-Sensor Assimilation,0.18,0.85,0.1429,0.125,-0.2444,15.0,FAC_VAD_01,Apex PetroChem & Polymers Ltd,"Utility Steam Boiler, Thermic Heater, DG Set & Distillation",5731.0,416.9,79.2,40.0,44.8,0.144,0.040299999999999996,18.0,FACTORY_OPERATIONAL_DATA,10.9,0.2725,10.422,3.6,28.0,1.059,3.488,4.547,0.1137,18,6,2023,6,0.0,-1.0,-0.7818,0.6235,7.746,12.612,7.062,127.667,16.662,9.004,14.624,10.221,14.955,15.5
2023-06-19,22.4125,73.0944,31.2,65,0.1,998.8,5.61,232,4.422,3.455,ERA5 Reanalysis (Open-Meteo Historical Archive),38.854,19.454,10.067,8.471,151.5,51.042,0.669,22.412,73.094,Copernicus S5P TROPOMI & CAMS Multi-Sensor Assimilation,0.18,0.85,0.1429,0.125,-0.2444,15.0,FAC_VAD_01,Apex PetroChem & Polymers Ltd,"Utility Steam Boiler, Thermic Heater, DG Set & Distillation",7166.0,540.2,0.0,46.1,52.6,0.1752,0.0438,24.0,FACTORY_OPERATIONAL_DATA,12.838,0.2785,11.718,3.8,25.0,1.097,4.361,5.458,0.1184,19,6,2023,0,0.0,-1.0,0.0,1.0,9.221,11.942,6.796,140.917,18.054,8.736,14.312,9.314,15.576,17.6
2023-06-20,22.4125,73.0944,31.7,61,0.0,998.2,6.86,230,5.256,4.41,ERA5 Reanalysis (Open-Meteo Historical Archive),37.721,17.292,12.079,12.325,158.125,52.833,0.683,22.412,73.094,Copernicus S5P TROPOMI & CAMS Multi-Sensor Assimilation,0.18,0.85,0.1429,0.125,-0.2444,15.0,FAC_VAD_01,Apex PetroChem & Polymers Ltd,"Utility Steam Boiler, Thermic Heater, DG Set & Distillation",6726.0,544.1,23.8,42.4,48.3,0.1611,0.040299999999999996,24.0,FACTORY_OPERATIONAL_DATA,12.677,0.299,12.833,3.8,25.0,1.168,4.093,5.261,0.1241,20,6,2023,1,0.0,-1.0,0.7818,0.6235,10.067,9.679,8.471,151.5,19.454,9.079,14.185,9.351,16.123,20.6
2023-06-21,22.4125,73.0944,31.7,61,0.0,998.7,5.75,224,3.994,4.136,ERA5 Reanalysis (Open-Meteo Historical Archive),39.396,16.646,10.029,11.833,156.0,56.375,0.526,22.412,73.094,Copernicus S5P TROPOMI & CAMS Multi-Sensor Assimilation,0.18,0.85,0.1429,0.125,-0.2444,15.0,FAC_VAD_01,Apex PetroChem & Polymers Ltd,"Utility Steam Boiler, Thermic Heater, DG Set & Distillation",7930.0,660.0,10.4,54.4,62.0,0.2067,0.0517,24.0,FACTORY_OPERATIONAL_DATA,14.964,0.2751,12.132,3.8,25.0,1.368,4.826,6.194,0.1139,21,6,2023,2,0.0,-1.0,0.9749,-0.2225,12.079,8.746,12.325,158.125,17.292,9.263,14.031,9.458,16.559,19.1
2023-06-22,22.4125,73.0944,32.3,60,0.0,998.8,5.81,230,4.447,3.732,ERA5 Reanalysis (Open-Meteo Historical Archive),37.038,17.275,10.529,12.062,149.958,52.125,0.561,22.412,73.094,Copernicus S5P TROPOMI & CAMS Multi-Sensor Assimilation,0.18,0.85,0.1429,0.125,-0.2444,15.0,FAC_VAD_01,Apex PetroChem & Polymers Ltd,"Utility Steam Boiler, Thermic Heater, DG Set & Distillation",6534.0,548.0,26.5,45.4,51.8,0.1725,0.0431,24.0,FACTORY_OPERATIONAL_DATA,12.553,0.2765,12.07,3.8,25.0,1.183,3.977,5.16,0.1137,22,6,2023,3,0.0,-1.0,0.4339,-0.901,10.029,8.038,11.833,156.0,16.646,9.618,13.933,9.768,17.014,19.7
2023-06-23,22.4125,73.0944,32.7,58,0.2,998.4,5.67,228,4.211,3.792,ERA5 Reanalysis (Open-Meteo Historical Archive),33.358,16.05,11.0,12.896,159.0,52.458,0.613,22.412,73.094,Copernicus S5P TROPOMI & CAMS Multi-Sensor Assimilation,0.18,0.85,0.1429,0.125,-0.2444,15.0,FAC_VAD_01,Apex PetroChem & Polymers Ltd,"Utility Steam Boiler, Thermic Heater, DG Set & Distillation",7976.0,626.7,0.0,51.6,58.8,0.1961,0.049,24.0,FACTORY_OPERATIONAL_DATA,14.556,0.2821,12.145,3.8,25.0,1.272,4.854,6.126,0.1187,23,6,2023,4,0.0,-1.0,-0.4339,-0.901,10.529,7.658,12.062,149.958,17.275,10.096,13.848,10.206,17.348,20.1
2023-06-24,22.4125,73.0944,28.8,80,12.8,997.7,5.44,202,2.04,5.048,ERA5 Reanalysis (Open-Meteo Historical Archive),31.333,18.425,20.112,12.079,205.0,34.208,0.685,22.412,73.094,Copernicus S5P TROPOMI & CAMS Multi-Sensor Assimilation,0.18,0.85,0.1429,0.125,-0.2444,15.0,FAC_VAD_01,Apex PetroChem & Polymers Ltd,"Utility Steam Boiler, Thermic Heater, DG Set & Distillation",8345.0,638.0,0.0,56.2,64.1,0.21359999999999998,0.053399999999999996,24.0,FACTORY_OPERATIONAL_DATA,15.044,0.2677,11.352,3.8,25.0,1.295,5.079,6.374,0.1134,24,6,2023,5,0.0,-1.0,-0.9749,-0.2225,11.0,7.746,12.896,159.0,16.05,11.862,14.169,10.923,17.599,24.3
2023-06-25,22.4125,73.0944,28.4,83,16.0,997.1,4.94,212,2.62,4.193,ERA5 Reanalysis (Open-Meteo Historical Archive),30.367,18.254,17.625,8.729,205.875,52.125,0.538,22.412,73.094,Copernicus S5P TROPOMI & CAMS Multi-Sensor Assimilation,0.18,0.85,0.1429,0.125,-0.2444,15.0,FAC_VAD_01,Apex PetroChem & Polymers Ltd,"Utility Steam Boiler, Thermic Heater, DG Set & Distillation",4288.0,355.5,21.9,31.3,35.1,0.11270000000000001,0.0316,18.0,FACTORY_OPERATIONAL_DATA,8.24,0.2633,11.358,3.6,28.0,0.78,2.61,3.39,0.1083,25,6,2023,6,0.0,-1.0,-0.7818,0.6235,20.112,9.221,12.079,205.0,18.425,13.063,14.526,11.199,17.628,20.6
2023-06-26,22.4125,73.0944,26.9,90,37.5,998.2,4.19,213,2.284,3.518,ERA5 Reanalysis (Open-Meteo Historical Archive),21.429,13.158,14.654,6.471,175.292,41.417,0.492,22.412,73.094,Copernicus S5P TROPOMI & CAMS Multi-Sensor Assimilation,0.18,0.85,0.1429,0.125,-0.2444,15.0,FAC_VAD_01,Apex PetroChem & Polymers Ltd,"Utility Steam Boiler, Thermic Heater, DG Set & Distillation",6748.0,472.8,0.0,41.8,47.7,0.15880000000000002,0.039700000000000006,24.0,FACTORY_OPERATIONAL_DATA,11.712,0.2802,11.311,3.8,25.0,0.96,4.107,5.067,0.1212,26,6,2023,0,0.0,-1.0,0.0,1.0,17.625,10.067,8.729,205.875,18.254,13.718,14.788,10.914,16.729,15.9
2023-06-27,22.4125,73.0944,27.1,89,9.1,998.0,4.53,218,2.788,3.568,ERA5 Reanalysis (Open-Meteo Historical Archive),18.758,12.35,12.237,8.987,194.25,45.375,0.34,22.412,73.094,Copernicus S5P TROPOMI & CAMS Multi-Sensor Assimilation,0.18,0.85,0.1429,0.125,-0.2444,15.0,FAC_VAD_01,Apex PetroChem & Polymers Ltd,"Utility Steam Boiler, Thermic Heater, DG Set & Distillation",6485.0,430.5,0.0,39.2,44.7,0.149,0.037200000000000004,24.0,FACTORY_OPERATIONAL_DATA,11.005,0.2807,10.982,3.8,25.0,0.874,3.947,4.821,0.123,27,6,2023,1,0.0,-1.0,0.7818,0.6235,14.654,12.079,6.471,175.292,13.158,13.741,14.797,10.437,16.023,16.4
2023-06-28,22.4125,73.0944,27.7,88,15.7,998.5,4.53,226,3.257,3.145,ERA5 Reanalysis (Open-Meteo Historical Archive),15.746,10.492,9.317,9.108,200.458,46.208,0.334,22.412,73.094,Copernicus S5P TROPOMI & CAMS Multi-Sensor Assimilation,0.18,0.85,0.1429,0.125,-0.2444,15.0,FAC_VAD_01,Apex PetroChem & Polymers Ltd,"Utility Steam Boiler, Thermic Heater, DG Set & Distillation",6250.0,448.9,0.0,39.2,44.7,0.149,0.037200000000000004,24.0,FACTORY_OPERATIONAL_DATA,10.963,0.2797,11.452,3.8,25.0,0.911,3.804,4.715,0.1203,28,6,2023,2,0.0,-1.0,0.9749,-0.2225,12.237,10.029,8.987,194.25,12.35,13.639,14.183,10.047,15.143,14.6
2023-06-29,22.4125,73.0944,26.0,94,48.6,998.2,4.31,233,3.439,2.591,ERA5 Reanalysis (Open-Meteo Historical Archive),13.225,8.896,8.258,5.146,190.167,47.833,0.336,22.412,73.094,Copernicus S5P TROPOMI & CAMS Multi-Sensor Assimilation,0.18,0.85,0.3115,-0.0526,-0.4035,45.0,FAC_VAD_01,Apex PetroChem & Polymers Ltd,"Utility Steam Boiler, Thermic Heater, DG Set & Distillation",7249.0,554.9,0.0,47.8,54.5,0.18159999999999998,0.045399999999999996,24.0,FACTORY_OPERATIONAL_DATA,13.075,0.2735,11.609,3.8,25.0,1.126,4.412,5.538,0.1159,29,6,2023,3,0.0,-1.0,0.4339,-0.901,9.317,10.529,9.108,200.458,10.492,13.315,13.126,9.059,13.946,10.6
2023-06-30,22.4125,73.0944,25.6,94,45.3,997.6,5.61,226,4.036,3.898,ERA5 Reanalysis (Open-Meteo Historical Archive),12.454,8.354,7.583,4.233,174.167,42.042,0.324,22.412,73.094,Copernicus S5P TROPOMI & CAMS Multi-Sensor Assimilation,0.18,0.85,0.3115,-0.0526,-0.4035,45.0,FAC_VAD_01,Apex PetroChem & Polymers Ltd,"Utility Steam Boiler, Thermic Heater, DG Set & Distillation",8751.0,710.6,0.0,58.8,67.0,0.22340000000000002,0.0559,24.0,FACTORY_OPERATIONAL_DATA,16.212,0.2757,12.085,3.8,25.0,1.443,5.326,6.769,0.1151,30,6,2023,4,0.0,-1.0,-0.4339,-0.901,8.258,11.0,5.146,190.167,8.896,12.827,12.158,7.822,12.847,9.4
2023-07-01,22.4125,73.0944,26.2,91,21.8,998.9,5.86,225,4.144,4.144,ERA5 Reanalysis (Open-Meteo Historical Archive),12.104,8.308,7.625,5.746,176.042,42.292,0.263,22.412,73.094,Copernicus S5P TROPOMI & CAMS Multi-Sensor Assimilation,0.18,0.85,0.3115,-0.0526,-0.4035,45.0,FAC_VAD_01,Apex PetroChem & Polymers Ltd,"Utility Steam Boiler, Thermic Heater, DG Set & Distillation",7081.0,542.1,30.2,45.9,52.3,0.1744,0.0436,24.0,FACTORY_OPERATIONAL_DATA,13.075,0.2849,11.81,3.8,25.0,1.181,4.309,5.49,0.1196,1,7,2023,5,-0.5,-0.866,-0.9749,-0.2225,7.583,20.112,4.233,174.167,8.354,11.043,11.676,6.917,11.402,10.6
2023-07-02,22.4125,73.0944,28.3,84,1.4,999.0,4.31,206,1.887,3.87,ERA5 Reanalysis (Open-Meteo Historical Archive),24.433,14.4,9.763,11.383,181.083,47.958,0.344,22.412,73.094,Copernicus S5P TROPOMI & CAMS Multi-Sensor Assimilation,0.18,0.85,0.3115,-0.0526,-0.4035,45.0,FAC_VAD_01,Apex PetroChem & Polymers Ltd,"Utility Steam Boiler, Thermic Heater, DG Set & Distillation",5273.0,386.3,42.2,35.8,40.1,0.12890000000000001,0.0361,18.0,FACTORY_OPERATIONAL_DATA,9.751,0.2724,10.791,3.6,28.0,0.897,3.209,4.106,0.1147,2,7,2023,6,-0.5,-0.866,-0.7818,0.6235,7.625,17.625,5.746,176.042,8.308,9.92,11.473,7.296,10.851,17.8
2023-07-03,22.4125,73.0944,29.4,80,0.7,997.9,4.06,210,2.028,3.512,ERA5 Reanalysis (Open-Meteo Historical Archive),25.017,15.396,12.733,15.121,205.667,50.792,0.369,22.412,73.094,Copernicus S5P TROPOMI & CAMS Multi-Sensor Assimilation,0.18,0.85,0.3115,-0.0526,-0.4035,45.0,FAC_VAD_01,Apex PetroChem & Polymers Ltd,"Utility Steam Boiler, Thermic Heater, DG Set & Distillation",6162.0,454.4,14.0,39.5,45.0,0.15009999999999998,0.0375,24.0,FACTORY_OPERATIONAL_DATA,11.073,0.2803,11.504,3.8,25.0,0.96,3.75,4.71,0.1192,3,7,2023,0,-0.5,-0.866,0.0,1.0,9.763,14.654,11.383,181.083,14.4,9.645,11.457,8.532,11.171,22.3
2023-07-04,22.4125,73.0944,29.4,83,1.6,995.7,4.56,207,2.068,4.059,ERA5 Reanalysis (Open-Meteo Historical Archive),32.354,19.213,13.513,19.271,221.333,58.042,0.408,22.412,73.094,Copernicus S5P TROPOMI & CAMS Multi-Sensor Assimilation,0.18,0.85,0.3115,-0.0526,-0.4035,45.0,FAC_VAD_01,Apex PetroChem & Polymers Ltd,"Utility Steam Boiler, Thermic Heater, DG Set & Distillation",8226.0,701.2,0.0,56.1,64.0,0.2132,0.0533,24.0,FACTORY_OPERATIONAL_DATA,15.589,0.2779,12.499,3.8,25.0,1.423,5.006,6.429,0.1146,4,7,2023,1,-0.5,-0.866,0.7818,0.6235,12.733,12.237,15.121,205.667,15.396,9.827,11.301,10.001,12.151,27.1
2023-07-05,22.4125,73.0944,28.8,85,3.7,994.3,3.72,207,1.69,3.317,ERA5 Reanalysis (Open-Meteo Historical Archive),48.208,21.338,12.571,12.696,227.25,53.458,0.68,22.412,73.094,Copernicus S5P TROPOMI & CAMS Multi-Sensor Assimilation,0.18,0.85,0.3115,-0.0526,-0.4035,45.0,FAC_VAD_01,Apex PetroChem & Polymers Ltd,"Utility Steam Boiler, Thermic Heater, DG Set & Distillation",7307.0,551.1,0.0,50.6,57.7,0.1923,0.048100000000000004,24.0,FACTORY_OPERATIONAL_DATA,13.094,0.2588,10.891,3.8,25.0,1.119,4.447,5.566,0.11,5,7,2023,2,-0.5,-0.866,0.9749,-0.2225,13.513,9.317,19.271,221.333,19.213,10.292,11.227,10.514,13.701,22.5
2023-07-06,22.4125,73.0944,28.0,86,9.9,995.3,3.61,211,1.86,3.095,ERA5 Reanalysis (Open-Meteo Historical Archive),24.312,15.0,12.35,12.071,231.167,61.667,0.471,22.412,73.094,Copernicus S5P TROPOMI & CAMS Multi-Sensor Assimilation,0.18,0.85,0.3115,-0.0526,-0.4035,45.0,FAC_VAD_01,Apex PetroChem & Polymers Ltd,"Utility Steam Boiler, Thermic Heater, DG Set & Distillation",6607.0,551.3,0.0,46.3,52.8,0.1759,0.044,24.0,FACTORY_OPERATIONAL_DATA,12.396,0.2677,11.907,3.8,25.0,1.119,4.021,5.14,0.111,6,7,2023,3,-0.5,-0.866,0.4339,-0.901,12.571,8.258,12.696,227.25,21.338,10.877,11.137,11.503,14.573,19.7
2023-07-07,22.4125,73.0944,27.8,87,19.4,995.9,4.19,191,0.8,4.117,ERA5 Reanalysis (Open-Meteo Historical Archive),20.817,13.404,11.921,15.583,210.75,51.042,0.318,22.412,73.094,Copernicus S5P TROPOMI & CAMS Multi-Sensor Assimilation,0.18,0.85,0.3115,-0.0526,-0.4035,45.0,FAC_VAD_01,Apex PetroChem & Polymers Ltd,"Utility Steam Boiler, Thermic Heater, DG Set & Distillation",7331.0,577.5,0.0,50.9,58.0,0.19340000000000002,0.0484,24.0,FACTORY_OPERATIONAL_DATA,13.395,0.2632,11.346,3.8,25.0,1.172,4.462,5.634,0.1107,7,7,2023,4,-0.5,-0.866,-0.4339,-0.901,12.35,7.583,12.071,231.167,15.0,11.497,11.067,13.124,15.294,21.6
2023-07-08,22.4125,73.0944,27.9,86,13.6,996.3,6.81,202,2.549,6.31,ERA5 Reanalysis (Open-Meteo Historical Archive),18.817,11.617,9.263,10.467,180.667,51.792,0.304,22.412,73.094,Copernicus S5P TROPOMI & CAMS Multi-Sensor Assimilation,0.18,0.85,0.3115,-0.0526,-0.4035,45.0,FAC_VAD_01,Apex PetroChem & Polymers Ltd,"Utility Steam Boiler, Thermic Heater, DG Set & Distillation",8361.0,556.8,0.0,50.9,58.0,0.19340000000000002,0.0484,24.0,FACTORY_OPERATIONAL_DATA,14.207,0.2791,10.939,3.8,25.0,1.13,5.089,6.219,0.1222,8,7,2023,5,-0.5,-0.866,-0.9749,-0.2225,11.921,7.625,15.583,210.75,13.404,11.731,10.982,13.799,15.767,16.0
2023-07-09,22.4125,73.0944,27.4,88,23.0,997.4,6.25,224,4.342,4.496,ERA5 Reanalysis (Open-Meteo Historical Archive),18.037,10.354,6.512,6.179,150.875,50.625,0.235,22.412,73.094,Copernicus S5P TROPOMI & CAMS Multi-Sensor Assimilation,0.18,0.85,0.3115,-0.0526,-0.4035,45.0,FAC_VAD_01,Apex PetroChem & Polymers Ltd,"Utility Steam Boiler, Thermic Heater, DG Set & Distillation",5041.0,365.7,1.3,33.8,37.9,0.1217,0.0341,18.0,FACTORY_OPERATIONAL_DATA,8.894,0.2631,10.82,3.6,28.0,0.746,3.068,3.814,0.1128,9,7,2023,6,-0.5,-0.866,-0.7818,0.6235,9.263,9.763,10.467,180.667,11.617,11.266,10.825,13.055,15.189,11.1
2023-07-10,22.4125,73.0944,26.8,90,35.4,998.6,5.97,236,4.951,3.34,ERA5 Reanalysis (Open-Meteo Historical Archive),34.883,15.308,7.154,5.042,161.25,47.667,0.527,22.412,73.094,Copernicus S5P TROPOMI & CAMS Multi-Sensor Assimilation,0.18,0.85,0.3115,-0.0526,-0.4035,45.0,FAC_VAD_01,Apex PetroChem & Polymers Ltd,"Utility Steam Boiler, Thermic Heater, DG Set & Distillation",7750.0,563.8,0.0,51.0,58.1,0.1938,0.0485,24.0,FACTORY_OPERATIONAL_DATA,13.67,0.268,11.055,3.8,25.0,1.145,4.717,5.862,0.1149,10,7,2023,0,-0.5,-0.866,0.0,1.0,6.512,12.733,6.179,150.875,10.354,10.469,10.751,11.616,15.176,12.3
2023-07-11,22.4125,73.0944,27.0,90,4.8,999.5,4.5,231,3.497,2.832,ERA5 Reanalysis (Open-Meteo Historical Archive),38.033,14.979,8.196,7.125,163.917,46.583,0.583,22.412,73.094,Copernicus S5P TROPOMI & CAMS Multi-Sensor Assimilation,0.18,0.85,0.3115,-0.0526,-0.4035,45.0,FAC_VAD_01,Apex PetroChem & Polymers Ltd,"Utility Steam Boiler, Thermic Heater, DG Set & Distillation",6583.0,556.2,7.4,44.7,51.0,0.1699,0.0425,24.0,FACTORY_OPERATIONAL_DATA,12.497,0.2796,12.443,3.8,25.0,1.149,4.006,5.155,0.1153,11,7,2023,1,-0.5,-0.866,0.7818,0.6235,7.154,13.513,5.042,161.25,15.308,9.71,10.604,9.88,14.571,14.2
2023-07-12,22.4125,73.0944,27.7,87,2.6,998.6,3.81,227,2.783,2.595,ERA5 Reanalysis (Open-Meteo Historical Archive),41.042,17.842,10.833,10.538,191.25,44.167,0.67,22.412,73.094,Copernicus S5P TROPOMI & CAMS Multi-Sensor Assimilation,0.18,0.85,0.3115,-0.0526,-0.4035,45.0,FAC_VAD_01,Apex PetroChem & Polymers Ltd,"Utility Steam Boiler, Thermic Heater, DG Set & Distillation",7078.0,608.3,162.4,47.8,54.5,0.18159999999999998,0.045399999999999996,24.0,FACTORY_OPERATIONAL_DATA,15.089,0.3157,12.726,3.8,25.0,1.67,4.308,5.978,0.1251,12,7,2023,2,-0.5,-0.866,0.9749,-0.2225,8.196,12.571,7.125,163.917,14.979,9.461,10.567,9.572,14.072,18.9
2023-07-13,22.4125,73.0944,27.6,89,20.1,998.4,4.39,205,1.855,3.978,ERA5 Reanalysis (Open-Meteo Historical Archive),45.646,19.433,11.771,14.475,193.458,46.167,0.648,22.412,73.094,Copernicus S5P TROPOMI & CAMS Multi-Sensor Assimilation,0.18,0.85,0.3115,-0.0526,-0.4035,45.0,FAC_VAD_01,Apex PetroChem & Polymers Ltd,"Utility Steam Boiler, Thermic Heater, DG Set & Distillation",8971.0,689.6,0.0,57.1,65.1,0.217,0.054200000000000005,24.0,FACTORY_OPERATIONAL_DATA,16.212,0.2839,12.077,3.8,25.0,1.4,5.46,6.86,0.1201,13,7,2023,3,-0.5,-0.866,0.4339,-0.901,10.833,12.35,10.538,191.25,17.842,9.379,10.637,9.916,14.705,22.8
2023-07-14,22.4125,73.0944,28.4,83,12.5,999.4,4.69,218,2.89,3.699,ERA5 Reanalysis (Open-Meteo Historical Archive),35.7,16.425,9.579,10.212,171.25,45.125,0.571,22.412,73.094,Copernicus S5P TROPOMI & CAMS Multi-Sensor Assimilation,0.18,0.85,0.3115,-0.0526,-0.4035,45.0,FAC_VAD_01,Apex PetroChem & Polymers Ltd,"Utility Steam Boiler, Thermic Heater, DG Set & Distillation",5563.0,491.2,0.0,39.2,44.7,0.149,0.037200000000000004,24.0,FACTORY_OPERATIONAL_DATA,10.721,0.2735,12.531,3.8,25.0,0.997,3.386,4.383,0.1118,14,7,2023,4,-0.5,-0.866,-0.4339,-0.901,11.771,11.921,14.475,193.458,19.433,9.044,10.665,9.148,15.137,17.6
2023-07-15,22.4125,73.0944,27.4,87,23.0,999.8,4.17,226,2.997,2.894,ERA5 Reanalysis (Open-Meteo Historical Archive),28.354,13.554,8.471,7.179,157.667,39.917,0.497,22.412,73.094,Copernicus S5P TROPOMI & CAMS Multi-Sensor Assimilation,0.18,0.85,0.3115,-0.0526,-0.4035,45.0,FAC_VAD_01,Apex PetroChem & Polymers Ltd,"Utility Steam Boiler, Thermic Heater, DG Set & Distillation",7312.0,562.9,0.0,46.9,53.5,0.1782,0.0445,24.0,FACTORY_OPERATIONAL_DATA,13.222,0.2819,12.002,3.8,25.0,1.143,4.45,5.593,0.1193,15,7,2023,5,-0.5,-0.866,-0.9749,-0.2225,9.579,9.263,10.212,171.25,16.425,8.931,10.679,8.679,15.414,13.8
2023-07-16,22.4125,73.0944,28.4,82,2.9,999.0,4.69,224,3.261,3.377,ERA5 Reanalysis (Open-Meteo Historical Archive),27.671,14.171,8.212,8.017,156.875,43.167,0.463,22.412,73.094,Copernicus S5P TROPOMI & CAMS Multi-Sensor Assimilation,0.18,0.85,0.3115,-0.0526,-0.4035,45.0,FAC_VAD_01,Apex PetroChem & Polymers Ltd,"Utility Steam Boiler, Thermic Heater, DG Set & Distillation",5724.0,465.1,26.9,40.1,44.9,0.1444,0.0404,18.0,FACTORY_OPERATIONAL_DATA,10.877,0.2712,11.599,3.6,28.0,1.016,3.484,4.5,0.1122,16,7,2023,6,-0.5,-0.866,-0.7818,0.6235,8.471,6.512,7.179,157.667,13.554,9.174,10.697,8.941,15.959,14.6
2023-07-17,22.4125,73.0944,28.3,83,4.0,997.8,4.47,215,2.565,3.663,ERA5 Reanalysis (Open-Meteo Historical Archive),40.617,17.55,8.763,9.15,168.917,49.917,0.522,22.412,73.094,Copernicus S5P TROPOMI & CAMS Multi-Sensor Assimilation,0.18,0.85,0.3115,-0.0526,-0.4035,45.0,FAC_VAD_01,Apex PetroChem & Polymers Ltd,"Utility Steam Boiler, Thermic Heater, DG Set & Distillation",7845.0,614.9,79.7,51.2,58.4,0.1946,0.048600000000000004,24.0,FACTORY_OPERATIONAL_DATA,15.098,0.2949,12.01,3.8,25.0,1.462,4.774,6.236,0.1218,17,7,2023,0,-0.5,-0.866,0.0,1.0,8.212,7.154,8.017,156.875,14.171,9.404,10.731,9.528,16.279,16.8
2023-07-18,22.4125,73.0944,27.4,89,25.2,996.5,3.81,234,3.079,2.237,ERA5 Reanalysis (Open-Meteo Historical Archive),44.283,21.083,11.763,9.883,210.292,48.833,0.614,22.412,73.094,Copernicus S5P TROPOMI & CAMS Multi-Sensor Assimilation,0.18,0.85,0.3115,-0.0526,-0.4035,45.0,FAC_VAD_01,Apex PetroChem & Polymers Ltd,"Utility Steam Boiler, Thermic Heater, DG Set & Distillation",6463.0,529.0,0.0,42.6,48.6,0.16190000000000002,0.0405,24.0,FACTORY_OPERATIONAL_DATA,12.018,0.2821,12.418,3.8,25.0,1.074,3.933,5.007,0.1175,18,7,2023,1,-0.5,-0.866,0.7818,0.6235,8.763,8.196,9.15,168.917,17.55,9.913,10.816,9.922,17.151,19.9
2023-07-19,22.4125,73.0944,27.7,90,14.8,994.3,2.5,242,2.207,1.174,ERA5 Reanalysis (Open-Meteo Historical Archive),35.929,19.9,15.7,8.671,266.333,52.5,0.468,22.412,73.094,Copernicus S5P TROPOMI & CAMS Multi-Sensor Assimilation,0.18,0.85,0.3115,-0.0526,-0.4035,45.0,FAC_VAD_01,Apex PetroChem & Polymers Ltd,"Utility Steam Boiler, Thermic Heater, DG Set & Distillation",8079.0,594.9,0.0,51.4,58.6,0.1953,0.048799999999999996,24.0,FACTORY_OPERATIONAL_DATA,14.325,0.2787,11.574,3.8,25.0,1.208,4.917,6.125,0.1192,19,7,2023,2,-0.5,-0.866,0.9749,-0.2225,11.763,10.833,9.883,210.292,21.083,10.608,11.004,9.655,17.445,20.3
2023-07-20,22.4125,73.0944,27.6,89,11.1,994.2,5.08,213,2.769,4.263,ERA5 Reanalysis (Open-Meteo Historical Archive),28.988,18.983,14.192,13.05,285.667,63.417,0.494,22.412,73.094,Copernicus S5P TROPOMI & CAMS Multi-Sensor Assimilation,0.18,0.85,0.3115,-0.0526,-0.4035,45.0,FAC_VAD_01,Apex PetroChem & Polymers Ltd,"Utility Steam Boiler, Thermic Heater, DG Set & Distillation",7242.0,560.7,113.2,48.5,55.3,0.18430000000000002,0.0461,24.0,FACTORY_OPERATIONAL_DATA,14.261,0.294,11.561,3.8,25.0,1.442,4.407,5.849,0.1206,20,7,2023,3,-0.5,-0.866,0.4339,-0.901,15.7,11.771,8.671,266.333,19.9,10.954,11.074,9.452,17.381,22.6
2023-07-21,22.4125,73.0944,28.2,85,1.9,996.5,4.83,213,2.632,4.054,ERA5 Reanalysis (Open-Meteo Historical Archive),17.275,12.967,8.129,5.442,176.25,44.667,0.39,22.412,73.094,Copernicus S5P TROPOMI & CAMS Multi-Sensor Assimilation,0.18,0.85,0.3115,-0.0526,-0.4035,45.0,FAC_VAD_01,Apex PetroChem & Polymers Ltd,"Utility Steam Boiler, Thermic Heater, DG Set & Distillation",6800.0,580.1,36.0,46.5,53.0,0.1767,0.0442,24.0,FACTORY_OPERATIONAL_DATA,13.251,0.285,12.475,3.8,25.0,1.274,4.138,5.412,0.1164,21,7,2023,4,-0.5,-0.866,-0.4339,-0.901,14.192,9.579,13.05,285.667,18.983,10.747,11.011,8.77,16.887,12.2
2023-07-22,22.4125,73.0944,27.2,90,10.7,996.9,3.56,215,2.039,2.913,ERA5 Reanalysis (Open-Meteo Historical Archive),16.738,12.154,10.679,7.442,220.542,54.875,0.478,22.412,73.094,Copernicus S5P TROPOMI & CAMS Multi-Sensor Assimilation,0.18,0.85,0.3115,-0.0526,-0.4035,45.0,FAC_VAD_01,Apex PetroChem & Polymers Ltd,"Utility Steam Boiler, Thermic Heater, DG Set & Distillation",8700.0,656.3,0.0,55.2,62.9,0.20980000000000001,0.0525,24.0,FACTORY_OPERATIONAL_DATA,15.591,0.2824,11.889,3.8,25.0,1.332,5.295,6.627,0.1201,22,7,2023,5,-0.5,-0.866,-0.9749,-0.2225,8.129,8.471,5.442,176.25,12.967,11.063,11.016,8.808,16.687,14.5
2023-07-23,22.4125,73.0944,27.9,86,2.1,995.5,6.64,187,0.809,6.589,ERA5 Reanalysis (Open-Meteo Historical Archive),14.662,10.058,10.125,10.446,207.875,62.833,0.29,22.412,73.094,Copernicus S5P TROPOMI & CAMS Multi-Sensor Assimilation,0.18,0.85,0.3115,-0.0526,-0.4035,45.0,FAC_VAD_01,Apex PetroChem & Polymers Ltd,"Utility Steam Boiler, Thermic Heater, DG Set & Distillation",4337.0,305.7,1.0,29.1,32.6,0.10479999999999999,0.0293,18.0,FACTORY_OPERATIONAL_DATA,7.557,0.2597,10.505,3.6,28.0,0.623,2.639,3.262,0.1121,23,7,2023,6,-0.5,-0.866,-0.7818,0.6235,10.679,8.212,7.442,220.542,12.154,11.336,10.987,9.155,16.099,15.8
2023-07-24,22.4125,73.0944,27.7,86,23.6,996.2,5.67,206,2.484,5.093,ERA5 Reanalysis (Open-Meteo Historical Archive),17.138,10.329,8.271,9.167,157.0,44.792,0.261,22.412,73.094,Copernicus S5P TROPOMI & CAMS Multi-Sensor Assimilation,0.18,0.85,0.3115,-0.0526,-0.4035,45.0,FAC_VAD_01,Apex PetroChem & Polymers Ltd,"Utility Steam Boiler, Thermic Heater, DG Set & Distillation",7202.0,597.8,0.0,48.4,55.2,0.1839,0.046,24.0,FACTORY_OPERATIONAL_DATA,13.479,0.2785,12.351,3.8,25.0,1.214,4.383,5.597,0.1156,24,7,2023,0,-0.5,-0.866,0.0,1.0,10.125,8.763,10.446,207.875,10.058,11.266,10.592,9.157,15.068,14.1
2023-07-25,22.4125,73.0944,27.7,87,16.4,998.4,4.56,221,2.989,3.438,ERA5 Reanalysis (Open-Meteo Historical Archive),29.638,15.25,8.154,7.7,160.167,42.833,0.424,22.412,73.094,Copernicus S5P TROPOMI & CAMS Multi-Sensor Assimilation,0.18,0.85,0.3115,-0.0526,-0.4035,45.0,FAC_VAD_01,Apex PetroChem & Polymers Ltd,"Utility Steam Boiler, Thermic Heater, DG Set & Distillation",8454.0,672.0,0.0,55.0,62.7,0.209,0.0522,24.0,FACTORY_OPERATIONAL_DATA,15.51,0.282,12.218,3.8,25.0,1.364,5.145,6.509,0.1183,25,7,2023,1,-0.5,-0.866,0.7818,0.6235,8.271,11.763,9.167,157.0,10.329,10.75,10.276,8.845,14.234,14.7
2023-07-26,22.4125,73.0944,28.4,82,3.9,999.5,4.53,232,3.568,2.788,ERA5 Reanalysis (Open-Meteo Historical Archive),29.096,15.7,8.538,7.158,175.167,49.167,0.42,22.412,73.094,Copernicus S5P TROPOMI & CAMS Multi-Sensor Assimilation,0.18,0.85,0.3115,-0.0526,-0.4035,45.0,FAC_VAD_01,Apex PetroChem & Polymers Ltd,"Utility Steam Boiler, Thermic Heater, DG Set & Distillation",7435.0,576.8,11.1,45.8,52.2,0.174,0.0435,24.0,FACTORY_OPERATIONAL_DATA,13.602,0.297,12.594,3.8,25.0,1.201,4.525,5.726,0.125,26,7,2023,2,-0.5,-0.866,0.9749,-0.2225,8.154,15.7,7.7,160.167,15.25,9.727,10.073,8.629,13.634,14.6
2023-07-27,22.4125,73.0944,27.4,88,14.7,999.5,4.47,253,4.277,1.308,ERA5 Reanalysis (Open-Meteo Historical Archive),40.704,20.054,9.492,7.004,171.875,46.25,0.559,22.412,73.094,Copernicus S5P TROPOMI & CAMS Multi-Sensor Assimilation,0.18,0.85,0.3115,-0.0526,-0.4035,45.0,FAC_VAD_01,Apex PetroChem & Polymers Ltd,"Utility Steam Boiler, Thermic Heater, DG Set & Distillation",6625.0,502.1,0.0,45.4,51.8,0.1725,0.0431,24.0,FACTORY_OPERATIONAL_DATA,11.897,0.262,11.059,3.8,25.0,1.019,4.032,5.051,0.1113,27,7,2023,3,-0.5,-0.866,0.4339,-0.901,8.538,14.192,7.158,175.167,15.7,9.055,9.981,7.766,13.787,16.4
2023-07-28,22.4125,73.0944,27.4,87,10.8,999.4,4.61,248,4.275,1.727,ERA5 Reanalysis (Open-Meteo Historical Archive),27.029,14.517,7.329,5.125,160.667,43.708,0.484,22.412,73.094,Copernicus S5P TROPOMI & CAMS Multi-Sensor Assimilation,0.18,0.85,0.3115,-0.0526,-0.4035,45.0,FAC_VAD_01,Apex PetroChem & Polymers Ltd,"Utility Steam Boiler, Thermic Heater, DG Set & Distillation",5500.0,421.8,0.0,38.3,43.7,0.1455,0.0364,24.0,FACTORY_OPERATIONAL_DATA,9.929,0.2592,11.013,3.8,25.0,0.856,3.347,4.203,0.1097,28,7,2023,4,-0.5,-0.866,-0.4339,-0.901,9.492,8.129,7.004,171.875,20.054,8.941,9.915,7.72,14.009,12.1
2023-07-29,22.4125,73.0944,27.9,82,5.1,999.6,6.11,233,4.881,3.678,ERA5 Reanalysis (Open-Meteo Historical Archive),20.879,10.608,6.296,4.525,135.625,39.583,0.392,22.412,73.094,Copernicus S5P TROPOMI & CAMS Multi-Sensor Assimilation,0.18,0.85,0.3115,-0.0526,-0.4035,45.0,FAC_VAD_01,Apex PetroChem & Polymers Ltd,"Utility Steam Boiler, Thermic Heater, DG Set & Distillation",7749.0,631.1,0.0,51.4,58.6,0.1953,0.048799999999999996,24.0,FACTORY_OPERATIONAL_DATA,14.376,0.2797,12.278,3.8,25.0,1.281,4.716,5.997,0.1167,29,7,2023,5,-0.5,-0.866,-0.9749,-0.2225,7.329,10.679,5.125,160.667,14.517,8.315,9.849,7.304,13.788,9.9
2023-07-30,22.4125,73.0944,27.7,82,3.4,999.0,6.0,229,4.528,3.936,ERA5 Reanalysis (Open-Meteo Historical Archive),29.146,12.692,6.587,4.35,135.083,38.083,0.563,22.412,73.094,Copernicus S5P TROPOMI & CAMS Multi-Sensor Assimilation,0.18,0.85,0.3115,-0.0526,-0.4035,45.0,FAC_VAD_01,Apex PetroChem & Polymers Ltd,"Utility Steam Boiler, Thermic Heater, DG Set & Distillation",6642.0,485.1,28.8,44.2,49.5,0.1591,0.0445,18.0,FACTORY_OPERATIONAL_DATA,12.024,0.272,10.975,3.6,28.0,1.062,4.042,5.104,0.1155,30,7,2023,6,-0.5,-0.866,-0.7818,0.6235,6.296,10.125,4.525,135.625,10.608,7.81,9.816,6.433,14.164,10.6
2023-07-31,22.4125,73.0944,27.4,86,5.9,998.6,5.92,229,4.465,3.882,ERA5 Reanalysis (Open-Meteo Historical Archive),34.562,14.025,7.646,4.767,158.083,39.375,0.713,22.412,73.094,Copernicus S5P TROPOMI & CAMS Multi-Sensor Assimilation,0.18,0.85,0.3115,-0.0526,-0.4035,45.0,FAC_VAD_01,Apex PetroChem & Polymers Ltd,"Utility Steam Boiler, Thermic Heater, DG Set & Distillation",8368.0,646.0,19.6,56.1,64.0,0.2132,0.0533,24.0,FACTORY_OPERATIONAL_DATA,15.347,0.2736,11.515,3.8,25.0,1.364,5.093,6.457,0.1151,31,7,2023,0,-0.5,-0.866,0.0,1.0,6.587,8.271,4.35,135.083,12.692,7.72,9.817,5.804,14.692,11.8
2023-08-01,22.4125,73.0944,28.0,83,4.6,998.3,5.86,236,4.859,3.277,ERA5 Reanalysis (Open-Meteo Historical Archive),47.879,15.708,6.7,4.833,147.917,41.5,1.032,22.412,73.094,Copernicus S5P TROPOMI & CAMS Multi-Sensor Assimilation,0.18,0.85,0.3115,-0.0526,-0.4035,45.0,FAC_VAD_01,Apex PetroChem & Polymers Ltd,"Utility Steam Boiler, Thermic Heater, DG Set & Distillation",7236.0,558.4,0.0,44.8,51.1,0.1702,0.0425,24.0,FACTORY_OPERATIONAL_DATA,13.099,0.2924,12.464,3.8,25.0,1.134,4.404,5.538,0.1236,1,8,2023,1,-0.866,-0.5,0.7818,0.6235,7.646,8.154,4.767,158.083,14.025,7.513,9.715,5.395,14.758,12.1
2023-08-02,22.4125,73.0944,28.1,80,2.2,998.7,6.53,234,5.281,3.837,ERA5 Reanalysis (Open-Meteo Historical Archive),31.917,13.4,5.337,4.208,139.667,44.708,0.729,22.412,73.094,Copernicus S5P TROPOMI & CAMS Multi-Sensor Assimilation,0.18,0.85,0.3115,-0.0526,-0.4035,45.0,FAC_VAD_01,Apex PetroChem & Polymers Ltd,"Utility Steam Boiler, Thermic Heater, DG Set & Distillation",6742.0,540.8,24.1,45.1,51.4,0.1714,0.0429,24.0,FACTORY_OPERATIONAL_DATA,12.661,0.2807,11.991,3.8,25.0,1.162,4.103,5.265,0.1167,2,8,2023,2,-0.866,-0.5,0.9749,-0.2225,6.7,8.538,4.833,147.917,15.708,7.055,9.468,4.973,14.429,10.2
2023-08-03,22.4125,73.0944,27.9,80,1.3,998.3,6.75,233,5.391,4.062,ERA5 Reanalysis (Open-Meteo Historical Archive),27.15,12.379,6.158,4.758,137.875,40.958,0.689,22.412,73.094,Copernicus S5P TROPOMI & CAMS Multi-Sensor Assimilation,0.18,0.85,0.3115,-0.0526,-0.4035,45.0,FAC_VAD_01,Apex PetroChem & Polymers Ltd,"Utility Steam Boiler, Thermic Heater, DG Set & Distillation",8838.0,729.1,0.0,59.8,68.2,0.22719999999999999,0.056799999999999996,24.0,FACTORY_OPERATIONAL_DATA,16.494,0.2758,12.192,3.8,25.0,1.48,5.379,6.859,0.1147,3,8,2023,3,-0.866,-0.5,0.4339,-0.901,5.337,9.492,4.208,139.667,13.4,6.579,9.223,4.652,13.333,10.6
2023-08-04,22.4125,73.0944,27.8,83,1.3,999.4,5.78,230,4.426,3.714,ERA5 Reanalysis (Open-Meteo Historical Archive),29.588,13.3,7.375,5.425,146.917,37.5,0.574,22.412,73.094,Copernicus S5P TROPOMI & CAMS Multi-Sensor Assimilation,0.18,0.85,0.3115,-0.0526,-0.4035,45.0,FAC_VAD_01,Apex PetroChem & Polymers Ltd,"Utility Steam Boiler, Thermic Heater, DG Set & Distillation",7301.0,560.5,0.0,48.8,55.6,0.1854,0.0464,24.0,FACTORY_OPERATIONAL_DATA,13.186,0.2702,11.486,3.8,25.0,1.138,4.443,5.581,0.1144,4,8,2023,4,-0.866,-0.5,-0.4339,-0.901,6.158,7.329,4.758,137.875,12.379,6.586,9.05,4.695,13.159,12.0
2023-08-05,22.4125,73.0944,28.4,81,0.6,1001.2,5.28,231,4.102,3.321,ERA5 Reanalysis (Open-Meteo Historical Archive),32.692,13.938,6.788,5.862,136.5,43.083,0.568,22.412,73.094,Copernicus S5P TROPOMI & CAMS Multi-Sensor Assimilation,0.18,0.85,0.3115,-0.0526,-0.4035,45.0,FAC_VAD_01,Apex PetroChem & Polymers Ltd,"Utility Steam Boiler, Thermic Heater, DG Set & Distillation",7451.0,625.4,0.0,50.7,57.8,0.19269999999999998,0.0482,24.0,FACTORY_OPERATIONAL_DATA,14.018,0.2765,12.335,3.8,25.0,1.27,4.535,5.805,0.1145,5,8,2023,5,-0.866,-0.5,-0.9749,-0.2225,7.375,6.296,5.425,146.917,13.3,6.656,8.864,4.886,13.635,12.2
2023-08-06,22.4125,73.0944,28.5,78,1.1,1000.6,6.69,237,5.614,3.646,ERA5 Reanalysis (Open-Meteo Historical Archive),37.367,14.712,5.196,4.4,132.875,45.208,0.682,22.412,73.094,Copernicus S5P TROPOMI & CAMS Multi-Sensor Assimilation,0.18,0.85,0.3115,-0.0526,-0.4035,45.0,FAC_VAD_01,Apex PetroChem & Polymers Ltd,"Utility Steam Boiler, Thermic Heater, DG Set & Distillation",4987.0,375.8,51.4,35.4,39.6,0.1274,0.0357,18.0,FACTORY_OPERATIONAL_DATA,9.447,0.2669,10.616,3.6,28.0,0.901,3.035,3.936,0.1112,6,8,2023,6,-0.866,-0.5,-0.7818,0.6235,6.788,6.587,5.862,136.5,13.938,6.457,8.64,4.893,13.923,10.7
2023-08-07,22.4125,73.0944,28.0,77,0.4,998.9,7.33,232,5.779,4.515,ERA5 Reanalysis (Open-Meteo Historical Archive),28.629,13.392,4.654,3.912,131.375,44.708,0.677,22.412,73.094,Copernicus S5P TROPOMI & CAMS Multi-Sensor Assimilation,0.18,0.85,0.3115,-0.0526,-0.4035,45.0,FAC_VAD_01,Apex PetroChem & Polymers Ltd,"Utility Steam Boiler, Thermic Heater, DG Set & Distillation",6866.0,516.6,181.0,43.8,49.9,0.1664,0.0416,24.0,FACTORY_OPERATIONAL_DATA,14.1,0.3219,11.795,3.8,25.0,1.534,4.179,5.713,0.1304,7,8,2023,0,-0.866,-0.5,0.0,1.0,5.196,7.646,4.4,132.875,14.712,6.03,8.487,4.771,13.833,9.7
2023-08-08,22.4125,73.0944,28.1,78,0.6,999.6,7.06,227,5.16,4.812,ERA5 Reanalysis (Open-Meteo Historical Archive),30.925,13.712,5.133,4.9,123.875,44.833,0.668,22.412,73.094,Copernicus S5P TROPOMI & CAMS Multi-Sensor Assimilation,0.18,0.85,0.3115,-0.0526,-0.4035,45.0,FAC_VAD_01,Apex PetroChem & Polymers Ltd,"Utility Steam Boiler, Thermic Heater, DG Set & Distillation",6229.0,416.8,0.0,42.7,48.7,0.1623,0.040600000000000004,24.0,FACTORY_OPERATIONAL_DATA,10.605,0.2484,9.761,3.8,25.0,0.846,3.791,4.637,0.1086,8,8,2023,1,-0.866,-0.5,0.7818,0.6235,4.654,6.7,3.912,131.375,13.392,5.806,8.441,4.781,13.548,10.7
2023-08-09,22.4125,73.0944,28.1,79,1.6,1002.0,5.78,230,4.426,3.714,ERA5 Reanalysis (Open-Meteo Historical Archive),30.996,14.258,6.362,5.6,143.833,43.083,0.937,22.412,73.094,Copernicus S5P TROPOMI & CAMS Multi-Sensor Assimilation,0.18,0.85,0.3115,-0.0526,-0.4035,45.0,FAC_VAD_01,Apex PetroChem & Polymers Ltd,"Utility Steam Boiler, Thermic Heater, DG Set & Distillation",7136.0,564.2,0.0,45.6,52.0,0.1733,0.0433,24.0,FACTORY_OPERATIONAL_DATA,13.06,0.2864,12.373,3.8,25.0,1.145,4.343,5.488,0.1204,9,8,2023,2,-0.866,-0.5,0.9749,-0.2225,5.133,5.337,4.9,123.875,13.712,5.952,8.414,4.98,13.67,12.0
2023-08-10,22.4125,73.0944,27.9,80,3.2,1002.8,5.25,223,3.58,3.84,ERA5 Reanalysis (Open-Meteo Historical Archive),33.404,13.892,7.0,6.567,151.083,46.333,0.678,22.412,73.094,Copernicus S5P TROPOMI & CAMS Multi-Sensor Assimilation,0.18,0.85,0.3115,-0.0526,-0.4035,45.0,FAC_VAD_01,Apex PetroChem & Polymers Ltd,"Utility Steam Boiler, Thermic Heater, DG Set & Distillation",8786.0,681.0,0.0,57.2,65.2,0.2174,0.0544,24.0,FACTORY_OPERATIONAL_DATA,15.936,0.2786,11.906,3.8,25.0,1.382,5.347,6.729,0.1176,10,8,2023,3,-0.866,-0.5,0.4339,-0.901,6.362,6.158,5.6,143.833,14.258,6.073,8.374,5.238,13.886,12.8
2023-08-11,22.4125,73.0944,28.3,77,0.6,1002.7,4.83,228,3.592,3.234,ERA5 Reanalysis (Open-Meteo Historical Archive),34.579,15.067,7.025,6.854,147.333,46.667,0.645,22.412,73.094,Copernicus S5P TROPOMI & CAMS Multi-Sensor Assimilation,0.18,0.85,0.3115,-0.0526,-0.4035,45.0,FAC_VAD_01,Apex PetroChem & Polymers Ltd,"Utility Steam Boiler, Thermic Heater, DG Set & Distillation",8239.0,627.5,0.0,52.1,59.4,0.198,0.0495,24.0,FACTORY_OPERATIONAL_DATA,14.828,0.2846,12.044,3.8,25.0,1.274,5.014,6.288,0.1207,11,8,2023,4,-0.866,-0.5,-0.4339,-0.901,7.0,7.375,6.567,151.083,13.892,6.023,8.248,5.442,14.139,13.5
2023-08-12,22.4125,73.0944,28.1,79,2.3,1001.8,5.08,232,4.006,3.13,ERA5 Reanalysis (Open-Meteo Historical Archive),37.629,14.629,6.862,5.438,153.667,45.625,0.605,22.412,73.094,Copernicus S5P TROPOMI & CAMS Multi-Sensor Assimilation,0.18,0.85,0.3115,-0.0526,-0.4035,45.0,FAC_VAD_01,Apex PetroChem & Polymers Ltd,"Utility Steam Boiler, Thermic Heater, DG Set & Distillation",8322.0,618.6,0.0,53.8,61.3,0.2044,0.0511,24.0,FACTORY_OPERATIONAL_DATA,14.817,0.2754,11.498,3.8,25.0,1.256,5.065,6.321,0.1175,12,8,2023,5,-0.866,-0.5,-0.9749,-0.2225,7.025,6.788,6.854,147.333,15.067,6.033,8.084,5.382,14.237,12.2
2023-08-13,22.4125,73.0944,28.2,76,0.5,1000.0,6.58,230,5.043,4.232,ERA5 Reanalysis (Open-Meteo Historical Archive),30.471,13.679,5.517,4.125,140.042,42.875,0.645,22.412,73.094,Copernicus S5P TROPOMI & CAMS Multi-Sensor Assimilation,0.18,0.85,0.3115,-0.0526,-0.4035,45.0,FAC_VAD_01,Apex PetroChem & Polymers Ltd,"Utility Steam Boiler, Thermic Heater, DG Set & Distillation",5215.0,386.4,7.0,34.3,38.4,0.1235,0.0346,18.0,FACTORY_OPERATIONAL_DATA,9.342,0.2724,11.265,3.6,28.0,0.803,3.174,3.977,0.1159,13,8,2023,6,-0.866,-0.5,-0.7818,0.6235,6.862,5.196,5.438,153.667,14.629,6.079,7.948,5.342,14.09,10.3
2023-08-14,22.4125,73.0944,28.1,78,1.2,1000.6,5.92,223,4.035,4.327,ERA5 Reanalysis (Open-Meteo Historical Archive),30.817,14.575,5.454,4.792,132.042,41.792,0.724,22.412,73.094,Copernicus S5P TROPOMI & CAMS Multi-Sensor Assimilation,0.18,0.85,0.3115,-0.0526,-0.4035,45.0,FAC_VAD_01,Apex PetroChem & Polymers Ltd,"Utility Steam Boiler, Thermic Heater, DG Set & Distillation",6793.0,528.5,0.0,43.9,50.0,0.1668,0.0417,24.0,FACTORY_OPERATIONAL_DATA,12.342,0.2811,12.039,3.8,25.0,1.073,4.134,5.207,0.1186,14,8,2023,0,-0.866,-0.5,0.0,1.0,5.517,4.654,4.125,140.042,13.679,6.193,7.848,5.468,14.259,11.1
2023-08-15,22.4125,73.0944,28.6,76,1.1,1001.5,5.11,221,3.353,3.857,ERA5 Reanalysis (Open-Meteo Historical Archive),34.492,14.55,6.438,6.167,132.167,43.25,0.764,22.412,73.094,Copernicus S5P TROPOMI & CAMS Multi-Sensor Assimilation,0.18,0.85,0.3115,-0.0526,-0.4035,45.0,FAC_VAD_01,Apex PetroChem & Polymers Ltd,"Utility Steam Boiler, Thermic Heater, DG Set & Distillation",7040.0,579.4,0.0,49.0,55.9,0.18619999999999998,0.0465,24.0,FACTORY_OPERATIONAL_DATA,13.124,0.2678,11.824,3.8,25.0,1.176,4.285,5.461,0.1114,15,8,2023,1,-0.866,-0.5,0.7818,0.6235,5.454,5.133,4.792,132.042,14.575,6.38,7.789,5.649,14.379,12.5
2023-08-16,22.4125,73.0944,28.7,75,1.0,1002.4,4.67,229,3.522,3.062,ERA5 Reanalysis (Open-Meteo Historical Archive),41.475,16.125,7.579,7.138,151.542,43.708,0.722,22.412,73.094,Copernicus S5P TROPOMI & CAMS Multi-Sensor Assimilation,0.18,0.85,0.3115,-0.0526,-0.4035,45.0,FAC_VAD_01,Apex PetroChem & Polymers Ltd,"Utility Steam Boiler, Thermic Heater, DG Set & Distillation",7922.0,647.4,136.0,51.7,58.9,0.1965,0.049100000000000005,24.0,FACTORY_OPERATIONAL_DATA,16.08,0.311,12.522,3.8,25.0,1.679,4.821,6.5,0.1257,16,8,2023,2,-0.866,-0.5,0.9749,-0.2225,6.438,6.362,6.167,132.167,14.55,6.554,7.749,5.869,14.645,14.3
2023-08-17,22.4125,73.0944,28.3,76,1.4,1002.4,4.81,243,4.282,2.182,ERA5 Reanalysis (Open-Meteo Historical Archive),47.517,18.779,10.292,7.221,184.792,40.75,0.617,22.412,73.094,Copernicus S5P TROPOMI & CAMS Multi-Sensor Assimilation,0.18,0.85,0.3115,-0.0526,-0.4035,45.0,FAC_VAD_01,Apex PetroChem & Polymers Ltd,"Utility Steam Boiler, Thermic Heater, DG Set & Distillation",8069.0,599.5,0.0,50.7,57.8,0.19269999999999998,0.0482,24.0,FACTORY_OPERATIONAL_DATA,14.364,0.2833,11.824,3.8,25.0,1.217,4.911,6.128,0.1209,17,8,2023,3,-0.866,-0.5,0.4339,-0.901,7.579,7.0,7.138,151.542,16.125,7.024,7.7,5.962,15.343,16.5
2023-08-18,22.4125,73.0944,28.0,76,0.5,1001.4,4.47,255,4.32,1.157,ERA5 Reanalysis (Open-Meteo Historical Archive),43.762,18.488,13.942,8.862,215.125,39.625,0.66,22.412,73.094,Copernicus S5P TROPOMI & CAMS Multi-Sensor Assimilation,0.18,0.85,0.3115,-0.0526,-0.4035,45.0,FAC_VAD_01,Apex PetroChem & Polymers Ltd,"Utility Steam Boiler, Thermic Heater, DG Set & Distillation",6260.0,470.3,0.0,40.8,46.5,0.155,0.038799999999999994,24.0,FACTORY_OPERATIONAL_DATA,11.198,0.2745,11.527,3.8,25.0,0.955,3.81,4.765,0.1168,18,8,2023,4,-0.866,-0.5,-0.4339,-0.901,10.292,7.025,7.221,184.792,18.779,8.012,7.642,6.249,15.832,19.2
2023-08-19,22.4125,73.0944,28.3,75,1.4,1000.1,4.31,275,4.289,-0.375,ERA5 Reanalysis (Open-Meteo Historical Archive),48.637,20.4,15.833,10.004,235.0,39.417,0.527,22.412,73.094,Copernicus S5P TROPOMI & CAMS Multi-Sensor Assimilation,0.18,0.85,0.3115,-0.0526,-0.4035,45.0,FAC_VAD_01,Apex PetroChem & Polymers Ltd,"Utility Steam Boiler, Thermic Heater, DG Set & Distillation",6479.0,549.5,0.0,46.2,52.7,0.1756,0.0439,24.0,FACTORY_OPERATIONAL_DATA,12.249,0.2651,11.894,3.8,25.0,1.115,3.943,5.058,0.1095,19,8,2023,5,-0.866,-0.5,-0.9749,-0.2225,13.942,6.862,8.862,215.125,18.488,9.294,7.696,6.901,16.657,21.6
2023-08-20,22.4125,73.0944,27.5,82,4.0,1000.0,3.86,269,3.861,0.067,ERA5 Reanalysis (Open-Meteo Historical Archive),40.392,17.421,12.708,8.638,188.417,38.0,0.486,22.412,73.094,Copernicus S5P TROPOMI & CAMS Multi-Sensor Assimilation,0.18,0.85,0.3115,-0.0526,-0.4035,45.0,FAC_VAD_01,Apex PetroChem & Polymers Ltd,"Utility Steam Boiler, Thermic Heater, DG Set & Distillation",5716.0,427.3,56.8,38.9,43.6,0.14,0.039200000000000006,18.0,FACTORY_OPERATIONAL_DATA,10.771,0.2769,10.985,3.6,28.0,1.02,3.479,4.499,0.1157,20,8,2023,6,-0.866,-0.5,-0.7818,0.6235,15.833,5.517,10.004,235.0,20.4,10.321,7.849,7.546,17.191,18.1
2023-08-21,22.4125,73.0944,27.3,81,0.0,1000.5,3.44,240,2.983,1.722,ERA5 Reanalysis (Open-Meteo Historical Archive),39.817,18.604,11.333,7.304,196.708,42.125,0.463,22.412,73.094,Copernicus S5P TROPOMI & CAMS Multi-Sensor Assimilation,0.18,0.85,0.3115,-0.0526,-0.4035,45.0,FAC_VAD_01,Apex PetroChem & Polymers Ltd,"Utility Steam Boiler, Thermic Heater, DG Set & Distillation",7409.0,507.3,0.0,47.3,53.9,0.1797,0.044899999999999995,24.0,FACTORY_OPERATIONAL_DATA,12.736,0.2693,10.725,3.8,25.0,1.03,4.509,5.539,0.1171,21,8,2023,0,-0.866,-0.5,0.0,1.0,12.708,5.454,8.638,188.417,17.421,11.161,7.871,7.905,17.767,16.9
2023-08-22,22.4125,73.0944,28.4,78,0.6,1000.3,4.44,233,3.549,2.675,ERA5 Reanalysis (Open-Meteo Historical Archive),58.233,29.454,12.612,11.971,229.708,50.333,0.619,22.412,73.094,Copernicus S5P TROPOMI & CAMS Multi-Sensor Assimilation,0.18,0.85,0.3115,-0.0526,-0.4035,45.0,FAC_VAD_01,Apex PetroChem & Polymers Ltd,"Utility Steam Boiler, Thermic Heater, DG Set & Distillation",7457.0,593.9,150.5,53.4,60.9,0.2029,0.0507,24.0,FACTORY_OPERATIONAL_DATA,15.198,0.2846,11.122,3.8,25.0,1.609,4.538,6.147,0.1151,22,8,2023,1,-0.866,-0.5,0.7818,0.6235,11.333,6.438,7.304,196.708,18.604,12.043,7.954,8.734,19.896,24.8
2023-08-23,22.4125,73.0944,28.4,76,0.4,999.9,6.25,224,4.342,4.496,ERA5 Reanalysis (Open-Meteo Historical Archive),20.908,11.129,8.083,8.021,152.208,37.375,0.498,22.412,73.094,Copernicus S5P TROPOMI & CAMS Multi-Sensor Assimilation,0.18,0.85,0.3115,-0.0526,-0.4035,45.0,FAC_VAD_01,Apex PetroChem & Polymers Ltd,"Utility Steam Boiler, Thermic Heater, DG Set & Distillation",6594.0,523.9,0.0,42.9,48.9,0.163,0.040799999999999996,24.0,FACTORY_OPERATIONAL_DATA,12.095,0.2819,12.212,3.8,25.0,1.064,4.013,5.077,0.1183,23,8,2023,2,-0.866,-0.5,0.9749,-0.2225,12.612,7.579,11.971,229.708,29.454,12.115,7.947,8.86,19.182,13.4
2023-08-24,22.4125,73.0944,28.4,76,0.4,998.6,6.78,219,4.265,5.267,ERA5 Reanalysis (Open-Meteo Historical Archive),17.9,8.571,6.504,6.383,142.167,35.125,0.465,22.412,73.094,Copernicus S5P TROPOMI & CAMS Multi-Sensor Assimilation,0.18,0.85,0.3115,-0.0526,-0.4035,45.0,FAC_VAD_01,Apex PetroChem & Polymers Ltd,"Utility Steam Boiler, Thermic Heater, DG Set & Distillation",6526.0,527.8,0.0,45.2,51.5,0.1718,0.043,24.0,FACTORY_OPERATIONAL_DATA,12.068,0.267,11.677,3.8,25.0,1.071,3.972,5.043,0.1116,24,8,2023,3,-0.866,-0.5,0.4339,-0.901,8.083,10.292,8.021,152.208,11.129,11.574,7.892,8.74,17.724,10.6
2023-08-25,22.4125,73.0944,28.8,74,0.0,998.7,6.03,223,4.111,4.408,ERA5 Reanalysis (Open-Meteo Historical Archive),17.729,8.108,6.675,7.087,121.625,36.458,0.774,22.412,73.094,Copernicus S5P TROPOMI & CAMS Multi-Sensor Assimilation,0.18,0.85,0.3115,-0.0526,-0.4035,45.0,FAC_VAD_01,Apex PetroChem & Polymers Ltd,"Utility Steam Boiler, Thermic Heater, DG Set & Distillation",8237.0,648.2,0.0,57.2,65.2,0.2174,0.0544,24.0,FACTORY_OPERATIONAL_DATA,15.043,0.263,11.332,3.8,25.0,1.316,5.013,6.329,0.1106,25,8,2023,4,-0.866,-0.5,-0.4339,-0.901,6.504,13.942,6.383,142.167,8.571,10.535,7.83,8.487,16.241,11.1
2023-08-26,22.4125,73.0944,28.4,77,1.1,1000.3,5.42,217,3.26,4.326,ERA5 Reanalysis (Open-Meteo Historical Archive),25.275,10.487,7.438,8.846,126.042,40.667,0.631,22.412,73.094,Copernicus S5P TROPOMI & CAMS Multi-Sensor Assimilation,0.18,0.85,0.3115,-0.0526,-0.4035,45.0,FAC_VAD_01,Apex PetroChem & Polymers Ltd,"Utility Steam Boiler, Thermic Heater, DG Set & Distillation",6702.0,547.5,22.8,44.5,50.7,0.1691,0.0423,24.0,FACTORY_OPERATIONAL_DATA,12.679,0.2849,12.303,3.8,25.0,1.173,4.079,5.252,0.118,26,8,2023,5,-0.866,-0.5,-0.9749,-0.2225,6.675,15.833,7.087,121.625,8.108,9.336,7.762,8.321,14.825,13.6
2023-08-27,22.4125,73.0944,28.5,74,1.1,1001.6,5.03,227,3.677,3.429,ERA5 Reanalysis (Open-Meteo Historical Archive),33.533,14.542,7.733,8.283,130.292,43.417,0.735,22.412,73.094,Copernicus S5P TROPOMI & CAMS Multi-Sensor Assimilation,0.18,0.85,0.3115,-0.0526,-0.4035,45.0,FAC_VAD_01,Apex PetroChem & Polymers Ltd,"Utility Steam Boiler, Thermic Heater, DG Set & Distillation",5309.0,391.9,25.6,35.3,39.5,0.1271,0.0356,18.0,FACTORY_OPERATIONAL_DATA,9.68,0.2742,11.102,3.6,28.0,0.864,3.231,4.095,0.116,27,8,2023,6,-0.866,-0.5,-0.7818,0.6235,7.438,12.708,8.846,126.042,10.487,8.625,7.775,8.271,14.414,14.7
2023-08-28,22.4125,73.0944,28.5,73,0.2,1001.2,5.31,228,3.943,3.55,ERA5 Reanalysis (Open-Meteo Historical Archive),49.575,16.704,7.442,8.179,134.625,46.667,0.682,22.412,73.094,Copernicus S5P TROPOMI & CAMS Multi-Sensor Assimilation,0.18,0.85,0.3115,-0.0526,-0.4035,45.0,FAC_VAD_01,Apex PetroChem & Polymers Ltd,"Utility Steam Boiler, Thermic Heater, DG Set & Distillation",7175.0,554.9,0.0,46.3,52.8,0.1759,0.044,24.0,FACTORY_OPERATIONAL_DATA,13.001,0.2808,11.985,3.8,25.0,1.126,4.367,5.493,0.1186,28,8,2023,0,-0.866,-0.5,0.0,1.0,7.733,11.333,8.283,130.292,14.542,8.07,7.814,8.396,14.142,15.2
2023-08-29,22.4125,73.0944,28.7,71,0.2,1001.9,4.69,228,3.489,3.141,ERA5 Reanalysis (Open-Meteo Historical Archive),47.792,18.908,9.429,9.229,162.917,47.042,0.555,22.412,73.094,Copernicus S5P TROPOMI & CAMS Multi-Sensor Assimilation,0.18,0.85,0.3115,-0.0526,-0.4035,45.0,FAC_VAD_01,Apex PetroChem & Polymers Ltd,"Utility Steam Boiler, Thermic Heater, DG Set & Distillation",7362.0,608.7,241.0,50.3,57.3,0.1911,0.047799999999999995,24.0,FACTORY_OPERATIONAL_DATA,16.163,0.3213,12.101,3.8,25.0,1.882,4.481,6.363,0.1265,29,8,2023,1,-0.866,-0.5,0.7818,0.6235,7.442,12.612,8.179,134.625,16.704,7.615,7.908,8.004,12.636,17.7
2023-08-30,22.4125,73.0944,28.8,71,0.1,1003.2,3.89,220,2.5,2.979,ERA5 Reanalysis (Open-Meteo Historical Archive),55.012,22.092,15.067,11.896,224.333,45.583,0.499,22.412,73.094,Copernicus S5P TROPOMI & CAMS Multi-Sensor Assimilation,0.18,0.85,0.3115,-0.0526,-0.4035,45.0,FAC_VAD_01,Apex PetroChem & Polymers Ltd,"Utility Steam Boiler, Thermic Heater, DG Set & Distillation",7687.0,616.5,0.0,49.6,56.5,0.1885,0.0471,24.0,FACTORY_OPERATIONAL_DATA,14.16,0.2855,12.429,3.8,25.0,1.251,4.678,5.929,0.1195,30,8,2023,2,-0.866,-0.5,0.9749,-0.2225,9.429,8.083,9.229,162.917,18.908,8.613,8.156,8.558,14.202,23.2
2023-08-31,22.4125,73.0944,29.0,73,0.2,1003.3,3.44,207,1.564,3.069,ERA5 Reanalysis (Open-Meteo Historical Archive),59.038,26.2,22.292,16.646,314.5,56.083,0.558,22.412,73.094,Copernicus S5P TROPOMI & CAMS Multi-Sensor Assimilation,0.18,0.85,0.3115,-0.0526,-0.4035,45.0,FAC_VAD_01,Apex PetroChem & Polymers Ltd,"Utility Steam Boiler, Thermic Heater, DG Set & Distillation",6767.0,571.3,82.9,44.6,50.8,0.1695,0.0424,24.0,FACTORY_OPERATIONAL_DATA,13.595,0.3048,12.809,3.8,25.0,1.382,4.118,5.5,0.1233,31,8,2023,3,-0.866,-0.5,0.4339,-0.901,15.067,6.504,11.896,224.333,22.092,10.868,8.675,10.024,16.72,31.4
2023-09-01,22.4125,73.0944,29.8,66,0.0,1003.1,2.97,235,2.435,1.705,ERA5 Reanalysis (Open-Meteo Historical Archive),64.946,30.938,25.383,18.121,388.792,66.083,0.479,22.412,73.094,Copernicus S5P TROPOMI & CAMS Multi-Sensor Assimilation,0.18,0.85,0.3115,-0.0526,-0.4035,45.0,FAC_VAD_01,Apex PetroChem & Polymers Ltd,"Utility Steam Boiler, Thermic Heater, DG Set & Distillation",6006.0,502.5,0.0,40.8,46.5,0.155,0.038799999999999994,24.0,FACTORY_OPERATIONAL_DATA,11.282,0.2765,12.316,3.8,25.0,1.02,3.655,4.675,0.1146,1,9,2023,4,-1.0,-0.0,-0.4339,-0.901,22.292,6.675,16.646,314.5,26.2,13.541,9.344,11.6,19.982,35.5
2023-09-02,22.4125,73.0944,30.3,61,0.0,1002.5,3.58,263,3.557,0.437,ERA5 Reanalysis (Open-Meteo Historical Archive),60.021,30.733,24.454,17.592,387.292,64.917,0.495,22.412,73.094,Copernicus S5P TROPOMI & CAMS Multi-Sensor Assimilation,0.18,0.85,0.3115,-0.0526,-0.4035,45.0,FAC_VAD_01,Apex PetroChem & Polymers Ltd,"Utility Steam Boiler, Thermic Heater, DG Set & Distillation",7031.0,549.2,0.0,46.6,53.1,0.1771,0.0443,24.0,FACTORY_OPERATIONAL_DATA,12.798,0.2746,11.785,3.8,25.0,1.115,4.279,5.394,0.1158,2,9,2023,5,-1.0,-0.0,-0.9749,-0.2225,25.383,7.438,18.121,388.792,30.938,15.971,9.953,12.849,22.874,34.6
2023-09-03,22.4125,73.0944,29.7,68,0.8,1001.5,3.61,229,2.725,2.369,ERA5 Reanalysis (Open-Meteo Historical Archive),43.887,23.262,18.012,15.5,264.75,58.417,0.496,22.412,73.094,Copernicus S5P TROPOMI & CAMS Multi-Sensor Assimilation,0.18,0.85,0.3115,-0.0526,-0.4035,45.0,FAC_VAD_01,Apex PetroChem & Polymers Ltd,"Utility Steam Boiler, Thermic Heater, DG Set & Distillation",4821.0,336.9,47.5,32.2,36.1,0.1159,0.0325,18.0,FACTORY_OPERATIONAL_DATA,8.833,0.2743,10.463,3.6,28.0,0.811,2.934,3.745,0.1163,3,9,2023,6,-1.0,-0.0,-0.7818,0.6235,24.454,7.733,17.592,387.292,30.733,17.44,10.308,13.88,24.12,27.6
2023-09-04,22.4125,73.0944,29.7,66,0.9,1000.4,3.97,244,3.57,1.741,ERA5 Reanalysis (Open-Meteo Historical Archive),44.996,22.404,17.842,13.792,273.333,53.917,0.398,22.412,73.094,Copernicus S5P TROPOMI & CAMS Multi-Sensor Assimilation,0.18,0.85,0.3115,-0.0526,-0.4035,45.0,FAC_VAD_01,Apex PetroChem & Polymers Ltd,"Utility Steam Boiler, Thermic Heater, DG Set & Distillation",7578.0,600.8,26.3,49.9,56.9,0.1896,0.0474,24.0,FACTORY_OPERATIONAL_DATA,14.149,0.2835,12.04,3.8,25.0,1.29,4.612,5.902,0.1183,4,9,2023,0,-1.0,-0.0,0.0,1.0,18.012,7.442,15.5,264.75,23.262,18.926,10.676,14.682,24.934,26.0
2023-09-05,22.4125,73.0944,30.2,64,0.0,999.7,3.78,281,3.708,-0.721,ERA5 Reanalysis (Open-Meteo Historical Archive),45.15,24.583,16.1,13.167,267.833,61.042,0.401,22.412,73.094,Copernicus S5P TROPOMI & CAMS Multi-Sensor Assimilation,0.18,0.85,0.3115,-0.0526,-0.4035,45.0,FAC_VAD_01,Apex PetroChem & Polymers Ltd,"Utility Steam Boiler, Thermic Heater, DG Set & Distillation",6848.0,592.2,0.0,45.1,51.4,0.1714,0.0429,24.0,FACTORY_OPERATIONAL_DATA,13.066,0.2897,13.131,3.8,25.0,1.202,4.168,5.37,0.1191,5,9,2023,1,-1.0,-0.0,0.7818,0.6235,17.842,9.429,13.792,273.333,22.404,19.879,11.04,15.245,25.745,25.5
2023-09-06,22.4125,73.0944,30.2,67,26.8,999.0,5.92,291,5.524,-2.12,ERA5 Reanalysis (Open-Meteo Historical Archive),42.558,23.083,14.638,10.513,265.625,64.792,0.436,22.412,73.094,Copernicus S5P TROPOMI & CAMS Multi-Sensor Assimilation,0.18,0.85,0.3115,-0.0526,-0.4035,45.0,FAC_VAD_01,Apex PetroChem & Polymers Ltd,"Utility Steam Boiler, Thermic Heater, DG Set & Distillation",7191.0,554.1,41.0,46.9,53.5,0.1782,0.0445,24.0,FACTORY_OPERATIONAL_DATA,13.419,0.2861,11.814,3.8,25.0,1.235,4.376,5.611,0.1196,6,9,2023,2,-1.0,-0.0,0.9749,-0.2225,16.1,15.067,13.167,267.833,24.583,19.817,11.373,15.047,25.886,22.4
2023-09-07,22.4125,73.0944,28.0,83,27.4,998.6,3.83,284,3.719,-0.927,ERA5 Reanalysis (Open-Meteo Historical Archive),34.45,20.871,11.167,9.821,258.5,75.458,0.481,22.412,73.094,Copernicus S5P TROPOMI & CAMS Multi-Sensor Assimilation,0.18,0.85,0.3115,-0.0526,-0.4035,45.0,FAC_VAD_01,Apex PetroChem & Polymers Ltd,"Utility Steam Boiler, Thermic Heater, DG Set & Distillation",5661.0,421.0,0.0,37.8,43.1,0.1436,0.0359,24.0,FACTORY_OPERATIONAL_DATA,10.082,0.2667,11.138,3.8,25.0,0.855,3.445,4.3,0.1138,7,9,2023,3,-1.0,-0.0,0.4339,-0.901,14.638,22.292,10.513,265.625,23.083,18.228,11.574,14.072,25.125,19.6
2023-09-08,22.4125,73.0944,28.2,85,6.2,998.7,3.58,233,2.862,2.157,ERA5 Reanalysis (Open-Meteo Historical Archive),34.929,22.1,14.758,14.475,256.292,50.625,0.476,22.412,73.094,Copernicus S5P TROPOMI & CAMS Multi-Sensor Assimilation,0.18,0.85,0.3115,-0.0526,-0.4035,15.0,FAC_VAD_01,Apex PetroChem & Polymers Ltd,"Utility Steam Boiler, Thermic Heater, DG Set & Distillation",7893.0,639.8,96.1,52.9,60.3,0.201,0.0502,24.0,FACTORY_OPERATIONAL_DATA,15.572,0.2944,12.095,3.8,25.0,1.556,4.804,6.36,0.1202,8,9,2023,4,-1.0,-0.0,-0.4339,-0.901,11.167,25.383,9.821,258.5,20.871,16.71,11.854,13.551,23.862,25.0
2023-09-09,22.4125,73.0944,27.9,83,4.0,998.7,5.75,241,5.029,2.788,ERA5 Reanalysis (Open-Meteo Historical Archive),30.858,18.208,12.154,12.375,212.708,53.083,0.382,22.412,73.094,Copernicus S5P TROPOMI & CAMS Multi-Sensor Assimilation,0.18,0.85,0.3115,-0.0526,-0.4035,15.0,FAC_VAD_01,Apex PetroChem & Polymers Ltd,"Utility Steam Boiler, Thermic Heater, DG Set & Distillation",7069.0,585.7,0.0,45.8,52.2,0.174,0.0435,24.0,FACTORY_OPERATIONAL_DATA,13.219,0.2886,12.788,3.8,25.0,1.189,4.302,5.491,0.1199,9,9,2023,5,-1.0,-0.0,-0.9749,-0.2225,14.758,24.454,14.475,256.292,22.1,14.953,12.026,12.806,22.073,21.0
2023-09-10,22.4125,73.0944,28.5,77,0.0,998.5,5.11,235,4.187,2.932,ERA5 Reanalysis (Open-Meteo Historical Archive),27.375,14.7,10.779,11.179,198.75,47.958,0.327,22.412,73.094,Copernicus S5P TROPOMI & CAMS Multi-Sensor Assimilation,0.18,0.85,0.3115,-0.0526,-0.4035,15.0,FAC_VAD_01,Apex PetroChem & Polymers Ltd,"Utility Steam Boiler, Thermic Heater, DG Set & Distillation",5807.0,441.8,3.3,38.6,43.2,0.139,0.0389,18.0,FACTORY_OPERATIONAL_DATA,10.479,0.2715,11.446,3.6,28.0,0.906,3.534,4.44,0.115,10,9,2023,6,-1.0,-0.0,-0.7818,0.6235,12.154,18.012,12.375,212.708,18.208,13.92,12.151,12.189,20.85,18.2
2023-09-11,22.4125,73.0944,29.1,72,0.1,999.5,4.81,242,4.243,2.256,ERA5 Reanalysis (Open-Meteo Historical Archive),26.838,14.471,11.008,9.3,200.708,47.75,0.342,22.412,73.094,Copernicus S5P TROPOMI & CAMS Multi-Sensor Assimilation,0.18,0.85,0.3115,-0.0526,-0.4035,15.0,FAC_VAD_01,Apex PetroChem & Polymers Ltd,"Utility Steam Boiler, Thermic Heater, DG Set & Distillation",7171.0,537.4,0.0,45.3,51.6,0.1721,0.043,24.0,FACTORY_OPERATIONAL_DATA,12.814,0.2829,11.863,3.8,25.0,1.091,4.364,5.455,0.1204,11,9,2023,0,-1.0,-0.0,0.0,1.0,10.779,17.842,11.179,198.75,14.7,12.943,12.289,11.547,19.717,16.9
2023-09-12,22.4125,73.0944,28.5,73,0.1,1000.5,5.25,231,4.08,3.304,ERA5 Reanalysis (Open-Meteo Historical Archive),24.421,13.675,8.492,8.2,171.583,45.5,0.38,22.412,73.094,Copernicus S5P TROPOMI & CAMS Multi-Sensor Assimilation,0.18,0.85,0.3115,-0.0526,-0.4035,15.0,FAC_VAD_01,Apex PetroChem & Polymers Ltd,"Utility Steam Boiler, Thermic Heater, DG Set & Distillation",9398.0,671.9,5.9,58.4,66.6,0.22190000000000001,0.0555,24.0,FACTORY_OPERATIONAL_DATA,16.512,0.2827,11.505,3.8,25.0,1.38,5.72,7.1,0.1216,12,9,2023,1,-1.0,-0.0,0.7818,0.6235,11.008,16.1,9.3,200.708,14.471,11.857,12.388,10.838,18.158,14.7
2023-09-13,22.4125,73.0944,28.8,73,0.0,1000.0,5.06,231,3.929,3.182,ERA5 Reanalysis (Open-Meteo Historical Archive),19.012,10.908,9.612,9.112,159.292,39.875,0.396,22.412,73.094,Copernicus S5P TROPOMI & CAMS Multi-Sensor Assimilation,0.18,0.85,0.3115,-0.0526,-0.4035,15.0,FAC_VAD_01,Apex PetroChem & Polymers Ltd,"Utility Steam Boiler, Thermic Heater, DG Set & Distillation",7303.0,561.9,0.0,49.0,55.9,0.18619999999999998,0.0465,24.0,FACTORY_OPERATIONAL_DATA,13.203,0.2694,11.467,3.8,25.0,1.141,4.445,5.586,0.114,13,9,2023,2,-1.0,-0.0,0.9749,-0.2225,8.492,14.638,8.2,171.583,13.675,11.139,12.527,10.637,16.419,14.9
2023-09-14,22.4125,73.0944,28.9,75,0.3,1000.3,4.25,222,2.844,3.158,ERA5 Reanalysis (Open-Meteo Historical Archive),24.992,13.933,11.546,12.792,201.75,48.917,0.492,22.412,73.094,Copernicus S5P TROPOMI & CAMS Multi-Sensor Assimilation,0.18,0.85,0.3115,-0.0526,-0.4035,15.0,FAC_VAD_01,Apex PetroChem & Polymers Ltd,"Utility Steam Boiler, Thermic Heater, DG Set & Distillation",6691.0,491.8,0.0,42.8,48.8,0.1626,0.040600000000000004,24.0,FACTORY_OPERATIONAL_DATA,11.855,0.277,11.491,3.8,25.0,0.998,4.072,5.07,0.1185,14,9,2023,3,-1.0,-0.0,0.4339,-0.901,9.612,11.167,9.112,159.292,10.908,11.193,12.697,11.062,15.428,19.5
2023-09-15,22.4125,73.0944,27.8,82,13.9,1000.3,4.19,235,3.436,2.406,ERA5 Reanalysis (Open-Meteo Historical Archive),31.929,18.242,13.9,12.1,245.0,50.417,0.45,22.412,73.094,Copernicus S5P TROPOMI & CAMS Multi-Sensor Assimilation,0.18,0.85,0.3115,-0.0526,-0.4035,15.0,FAC_VAD_01,Apex PetroChem & Polymers Ltd,"Utility Steam Boiler, Thermic Heater, DG Set & Distillation",8278.0,675.7,532.8,53.6,61.1,0.2037,0.0509,24.0,FACTORY_OPERATIONAL_DATA,20.701,0.3862,12.606,3.8,25.0,2.8,5.038,7.838,0.1462,15,9,2023,4,-1.0,-0.0,-0.4339,-0.901,11.546,14.758,12.792,201.75,13.933,11.07,12.908,10.723,14.877,21.5
2023-09-16,22.4125,73.0944,26.5,90,28.8,998.6,5.97,245,5.413,2.524,ERA5 Reanalysis (Open-Meteo Historical Archive),21.596,13.367,11.608,8.246,223.875,38.5,0.386,22.412,73.094,Copernicus S5P TROPOMI & CAMS Multi-Sensor Assimilation,0.18,0.85,0.3115,-0.0526,-0.4035,15.0,FAC_VAD_01,Apex PetroChem & Polymers Ltd,"Utility Steam Boiler, Thermic Heater, DG Set & Distillation",7510.0,571.8,3.0,48.2,54.9,0.1832,0.0458,24.0,FACTORY_OPERATIONAL_DATA,13.544,0.281,11.863,3.8,25.0,1.169,4.571,5.74,0.1191,16,9,2023,5,-1.0,-0.0,-0.9749,-0.2225,13.9,12.154,12.1,245.0,18.242,10.992,12.951,10.133,14.185,15.9
2023-09-17,22.4125,73.0944,25.5,92,84.4,996.8,7.72,233,6.167,4.647,ERA5 Reanalysis (Open-Meteo Historical Archive),12.354,8.558,6.104,3.833,155.125,38.417,0.344,22.412,73.094,Copernicus S5P TROPOMI & CAMS Multi-Sensor Assimilation,0.18,0.85,0.3115,-0.0526,-0.4035,15.0,FAC_VAD_01,Apex PetroChem & Polymers Ltd,"Utility Steam Boiler, Thermic Heater, DG Set & Distillation",4147.0,342.2,81.1,30.9,34.6,0.11120000000000001,0.031100000000000003,18.0,FACTORY_OPERATIONAL_DATA,8.551,0.2767,11.074,3.6,28.0,0.912,2.524,3.436,0.1112,17,9,2023,6,-1.0,-0.0,-0.7818,0.6235,11.608,10.779,8.246,223.875,13.367,10.324,12.69,9.083,13.308,8.5
2023-09-18,22.4125,73.0944,26.2,90,28.3,997.3,7.53,213,4.1,6.313,ERA5 Reanalysis (Open-Meteo Historical Archive),12.154,8.042,7.867,7.017,172.5,39.833,0.245,22.412,73.094,Copernicus S5P TROPOMI & CAMS Multi-Sensor Assimilation,0.18,0.85,0.3115,-0.0526,-0.4035,15.0,FAC_VAD_01,Apex PetroChem & Polymers Ltd,"Utility Steam Boiler, Thermic Heater, DG Set & Distillation",7451.0,643.7,0.0,52.7,60.1,0.2003,0.0501,24.0,FACTORY_OPERATIONAL_DATA,14.21,0.2696,12.214,3.8,25.0,1.307,4.535,5.842,0.1109,18,9,2023,0,-1.0,-0.0,0.0,1.0,6.104,11.008,3.833,155.125,8.558,9.876,12.425,8.757,12.389,11.5
2023-09-19,22.4125,73.0944,26.4,90,11.1,999.5,6.14,196,1.692,5.901,ERA5 Reanalysis (Open-Meteo Historical Archive),12.917,8.242,8.862,11.475,182.25,46.417,0.36,22.412,73.094,Copernicus S5P TROPOMI & CAMS Multi-Sensor Assimilation,0.18,0.85,0.3115,-0.0526,-0.4035,15.0,FAC_VAD_01,Apex PetroChem & Polymers Ltd,"Utility Steam Boiler, Thermic Heater, DG Set & Distillation",6926.0,518.9,0.0,43.5,49.6,0.1653,0.041299999999999996,24.0,FACTORY_OPERATIONAL_DATA,12.374,0.2845,11.929,3.8,25.0,1.053,4.215,5.268,0.1211,19,9,2023,1,-1.0,-0.0,0.7818,0.6235,7.867,8.492,7.017,172.5,8.042,9.928,12.296,9.225,11.613,15.4
2023-09-20,22.4125,73.0944,27.2,88,5.9,1001.1,4.61,192,0.959,4.51,ERA5 Reanalysis (Open-Meteo Historical Archive),19.825,12.221,11.4,15.396,216.625,52.708,0.477,22.412,73.094,Copernicus S5P TROPOMI & CAMS Multi-Sensor Assimilation,0.18,0.85,0.3115,-0.0526,-0.4035,15.0,FAC_VAD_01,Apex PetroChem & Polymers Ltd,"Utility Steam Boiler, Thermic Heater, DG Set & Distillation",6730.0,605.0,0.0,47.5,54.1,0.1805,0.0451,24.0,FACTORY_OPERATIONAL_DATA,13.082,0.2754,12.737,3.8,25.0,1.228,4.096,5.324,0.1121,20,9,2023,2,-1.0,-0.0,0.9749,-0.2225,8.862,9.612,11.475,182.25,8.242,10.184,12.299,10.123,11.801,20.8
2023-09-21,22.4125,73.0944,27.9,86,3.9,1001.8,3.61,199,1.176,3.414,ERA5 Reanalysis (Open-Meteo Historical Archive),26.117,15.912,11.938,15.692,236.458,55.167,0.475,22.412,73.094,Copernicus S5P TROPOMI & CAMS Multi-Sensor Assimilation,0.18,0.85,0.3115,-0.0526,-0.4035,15.0,FAC_VAD_01,Apex PetroChem & Polymers Ltd,"Utility Steam Boiler, Thermic Heater, DG Set & Distillation",7269.0,569.1,0.0,45.1,51.4,0.1714,0.0429,24.0,FACTORY_OPERATIONAL_DATA,13.245,0.2937,12.619,3.8,25.0,1.155,4.424,5.579,0.1237,21,9,2023,3,-1.0,-0.0,0.4339,-0.901,11.4,11.546,15.396,216.625,12.221,10.24,12.276,10.537,12.083,22.6
2023-09-22,22.4125,73.0944,28.3,83,1.3,1002.3,3.44,212,1.825,2.921,ERA5 Reanalysis (Open-Meteo Historical Archive),25.392,15.092,12.479,14.846,233.583,48.625,0.442,22.412,73.094,Copernicus S5P TROPOMI & CAMS Multi-Sensor Assimilation,0.18,0.85,0.3115,-0.0526,-0.4035,15.0,FAC_VAD_01,Apex PetroChem & Polymers Ltd,"Utility Steam Boiler, Thermic Heater, DG Set & Distillation",7697.0,572.9,0.0,50.0,57.0,0.19,0.0475,24.0,FACTORY_OPERATIONAL_DATA,13.712,0.2742,11.458,3.8,25.0,1.163,4.684,5.847,0.1169,22,9,2023,4,-1.0,-0.0,-0.4339,-0.901,11.938,13.9,15.692,236.458,15.912,10.037,12.423,10.929,11.633,21.9
2023-09-23,22.4125,73.0944,27.5,88,9.2,1002.8,3.58,215,2.055,2.935,ERA5 Reanalysis (Open-Meteo Historical Archive),32.508,18.221,11.846,12.046,224.5,54.792,0.497,22.412,73.094,Copernicus S5P TROPOMI & CAMS Multi-Sensor Assimilation,0.18,0.85,0.3115,-0.0526,-0.4035,15.0,FAC_VAD_01,Apex PetroChem & Polymers Ltd,"Utility Steam Boiler, Thermic Heater, DG Set & Distillation",6957.0,562.3,0.0,46.5,53.0,0.1767,0.0442,24.0,FACTORY_OPERATIONAL_DATA,12.861,0.2766,12.092,3.8,25.0,1.141,4.234,5.375,0.1156,23,9,2023,5,-1.0,-0.0,-0.9749,-0.2225,12.479,11.608,14.846,233.583,15.092,10.071,12.601,11.472,12.327,20.6
2023-09-24,22.4125,73.0944,26.9,89,8.8,1003.0,3.69,212,1.958,3.133,ERA5 Reanalysis (Open-Meteo Historical Archive),32.842,18.046,12.612,11.35,240.375,50.375,0.511,22.412,73.094,Copernicus S5P TROPOMI & CAMS Multi-Sensor Assimilation,0.18,0.85,0.3115,-0.0526,-0.4035,15.0,FAC_VAD_01,Apex PetroChem & Polymers Ltd,"Utility Steam Boiler, Thermic Heater, DG Set & Distillation",3553.0,295.8,19.8,26.1,29.2,0.1,0.0263,18.0,FACTORY_OPERATIONAL_DATA,6.857,0.2627,11.333,3.83,26.3,0.654,2.162,2.816,0.1079,24,9,2023,6,-1.0,-0.0,-0.7818,0.6235,11.846,6.104,12.046,224.5,18.221,11.001,12.799,12.546,13.682,20.3
2023-09-25,22.4125,73.0944,27.2,87,0.8,1002.3,3.03,236,2.51,1.693,ERA5 Reanalysis (Open-Meteo Historical Archive),25.475,15.275,11.779,9.121,248.417,62.625,0.463,22.412,73.094,Copernicus S5P TROPOMI & CAMS Multi-Sensor Assimilation,0.18,0.85,0.3115,-0.0526,-0.4035,15.0,FAC_VAD_01,Apex PetroChem & Polymers Ltd,"Utility Steam Boiler, Thermic Heater, DG Set & Distillation",7887.0,552.9,0.0,49.6,56.5,0.1885,0.0471,24.0,FACTORY_OPERATIONAL_DATA,13.692,0.276,11.147,3.8,25.0,1.122,4.8,5.922,0.1194,25,9,2023,0,-1.0,-0.0,0.0,1.0,12.612,7.867,11.35,240.375,18.046,11.559,12.943,12.847,14.716,17.3
2023-09-26,22.4125,73.0944,27.6,89,12.4,1002.4,3.03,257,2.95,0.681,ERA5 Reanalysis (Open-Meteo Historical Archive),45.979,27.508,13.725,12.433,302.667,73.958,0.831,22.412,73.094,Copernicus S5P TROPOMI & CAMS Multi-Sensor Assimilation,0.18,0.85,0.3115,-0.0526,-0.4035,15.0,FAC_VAD_01,Apex PetroChem & Polymers Ltd,"Utility Steam Boiler, Thermic Heater, DG Set & Distillation",5482.0,467.6,0.0,40.2,45.8,0.15280000000000002,0.038200000000000005,24.0,FACTORY_OPERATIONAL_DATA,10.392,0.2585,11.632,3.8,25.0,0.949,3.336,4.285,0.1066,26,9,2023,1,-1.0,-0.0,0.7818,0.6235,11.779,8.862,9.121,248.417,15.275,12.254,13.143,12.983,17.468,25.0
2023-09-27,22.4125,73.0944,27.6,88,7.7,1002.2,4.42,308,3.48,-2.719,ERA5 Reanalysis (Open-Meteo Historical Archive),57.25,35.621,16.692,13.55,393.25,88.583,0.845,22.412,73.094,Copernicus S5P TROPOMI & CAMS Multi-Sensor Assimilation,0.18,0.85,0.3115,-0.0526,-0.4035,15.0,FAC_VAD_01,Apex PetroChem & Polymers Ltd,"Utility Steam Boiler, Thermic Heater, DG Set & Distillation",7365.0,542.8,0.0,49.3,56.2,0.18730000000000002,0.046799999999999994,24.0,FACTORY_OPERATIONAL_DATA,13.064,0.265,11.01,3.8,25.0,1.102,4.482,5.584,0.1133,27,9,2023,2,-1.0,-0.0,0.9749,-0.2225,13.725,11.4,12.433,302.667,27.508,13.01,13.452,12.72,20.811,29.9
2023-09-28,22.4125,73.0944,28.0,88,4.9,1001.5,3.58,13,-0.806,-3.491,ERA5 Reanalysis (Open-Meteo Historical Archive),57.029,38.092,20.012,11.112,448.5,90.708,0.795,22.412,73.094,Copernicus S5P TROPOMI & CAMS Multi-Sensor Assimilation,0.18,0.85,0.3115,-0.0526,-0.4035,15.0,FAC_VAD_01,Apex PetroChem & Polymers Ltd,"Utility Steam Boiler, Thermic Heater, DG Set & Distillation",6912.0,529.9,0.0,43.8,49.9,0.1664,0.0416,24.0,FACTORY_OPERATIONAL_DATA,12.476,0.2848,12.098,3.8,25.0,1.076,4.207,5.283,0.1206,28,9,2023,3,-1.0,-0.0,0.4339,-0.901,16.692,11.938,13.55,393.25,35.621,14.164,13.804,12.065,23.979,30.4
2023-09-29,22.4125,73.0944,28.9,78,0.3,1001.0,3.22,7,-0.393,-3.198,ERA5 Reanalysis (Open-Meteo Historical Archive),75.158,46.246,25.35,12.671,556.5,85.958,0.697,22.412,73.094,Copernicus S5P TROPOMI & CAMS Multi-Sensor Assimilation,0.18,0.85,0.3115,-0.0526,-0.4035,15.0,FAC_VAD_01,Apex PetroChem & Polymers Ltd,"Utility Steam Boiler, Thermic Heater, DG Set & Distillation",8352.0,647.9,0.0,54.1,61.7,0.2056,0.0514,24.0,FACTORY_OPERATIONAL_DATA,15.155,0.2801,11.976,3.8,25.0,1.315,5.083,6.398,0.1183,29,9,2023,4,-1.0,-0.0,-0.4339,-0.901,20.012,12.479,11.112,448.5,38.092,16.002,14.147,11.755,28.43,36.8
2023-09-30,22.4125,73.0944,28.5,66,0.0,1000.9,3.89,23,-1.52,-3.58,ERA5 Reanalysis (Open-Meteo Historical Archive),61.475,36.604,20.029,9.054,457.458,82.875,0.382,22.412,73.094,Copernicus S5P TROPOMI & CAMS Multi-Sensor Assimilation,0.18,0.85,0.3115,-0.0526,-0.4035,15.0,FAC_VAD_01,Apex PetroChem & Polymers Ltd,"Utility Steam Boiler, Thermic Heater, DG Set & Distillation",6970.0,558.2,72.0,46.5,53.0,0.1767,0.0442,24.0,FACTORY_OPERATIONAL_DATA,13.551,0.2914,12.004,3.8,25.0,1.326,4.242,5.568,0.1197,30,9,2023,5,-1.0,-0.0,-0.9749,-0.2225,25.35,11.846,12.671,556.5,46.246,17.171,14.072,11.327,31.056,28.4
2023-10-01,22.4125,73.0944,28.5,65,0.0,1000.5,2.81,343,0.82,-2.683,ERA5 Reanalysis (Open-Meteo Historical Archive),63.908,37.279,22.675,10.483,541.083,84.333,0.348,22.412,73.094,Copernicus S5P TROPOMI & CAMS Multi-Sensor Assimilation,0.18,0.85,0.3115,-0.0526,-0.4035,15.0,FAC_VAD_01,Apex PetroChem & Polymers Ltd,"Utility Steam Boiler, Thermic Heater, DG Set & Distillation",4549.0,365.4,108.6,32.8,36.7,0.1181,0.033100000000000004,18.0,FACTORY_OPERATIONAL_DATA,9.472,0.2888,11.14,3.6,28.0,1.033,2.769,3.802,0.1159,1,10,2023,6,-0.866,0.5,-0.7818,0.6235,20.029,12.612,9.054,457.458,36.604,18.609,13.981,11.203,33.804,30.8
2023-10-02,22.4125,73.0944,28.2,68,0.0,1002.2,2.92,283,2.842,-0.656,ERA5 Reanalysis (Open-Meteo Historical Archive),78.917,42.417,22.529,14.183,555.417,105.208,0.431,22.412,73.094,Copernicus S5P TROPOMI & CAMS Multi-Sensor Assimilation,0.18,0.85,0.3115,-0.0526,-0.4035,15.0,FAC_VAD_01,Apex PetroChem & Polymers Ltd,"Utility Steam Boiler, Thermic Heater, DG Set & Distillation",7632.0,521.2,0.0,48.4,55.2,0.1839,0.046,24.0,FACTORY_OPERATIONAL_DATA,13.105,0.2708,10.769,3.8,25.0,1.058,4.645,5.703,0.1178,2,10,2023,0,-0.866,0.5,0.0,1.0,22.675,11.779,10.483,541.083,37.279,20.145,13.917,11.927,37.681,35.3
2023-10-03,22.4125,73.0944,28.0,76,0.0,1004.2,2.94,238,2.497,1.56,ERA5 Reanalysis (Open-Meteo Historical Archive),76.821,37.863,20.521,19.883,448.5,97.208,0.345,22.412,73.094,Copernicus S5P TROPOMI & CAMS Multi-Sensor Assimilation,0.18,0.85,0.3115,-0.0526,-0.4035,15.0,FAC_VAD_01,Apex PetroChem & Polymers Ltd,"Utility Steam Boiler, Thermic Heater, DG Set & Distillation",8436.0,533.9,0.0,49.7,56.7,0.1889,0.047200000000000006,24.0,FACTORY_OPERATIONAL_DATA,14.042,0.2825,10.742,3.8,25.0,1.084,5.134,6.218,0.1251,3,10,2023,1,-0.866,0.5,0.7818,0.6235,22.529,13.725,14.183,555.417,42.417,21.115,14.001,12.991,39.16,37.1
2023-10-04,22.4125,73.0944,28.2,74,0.0,1005.1,2.78,269,2.777,0.048,ERA5 Reanalysis (Open-Meteo Historical Archive),71.104,35.796,23.042,20.146,458.917,91.125,0.33,22.412,73.094,Copernicus S5P TROPOMI & CAMS Multi-Sensor Assimilation,0.18,0.85,0.3115,-0.0526,-0.4035,15.0,FAC_VAD_01,Apex PetroChem & Polymers Ltd,"Utility Steam Boiler, Thermic Heater, DG Set & Distillation",8316.0,605.3,0.0,53.5,61.0,0.2033,0.0508,24.0,FACTORY_OPERATIONAL_DATA,14.672,0.2742,11.314,3.8,25.0,1.229,5.061,6.29,0.1176,4,10,2023,2,-0.866,0.5,0.9749,-0.2225,20.521,16.692,19.883,448.5,37.863,22.023,14.174,13.933,39.185,37.7
2023-10-05,22.4125,73.0944,27.2,73,0.0,1004.9,2.61,275,2.601,-0.228,ERA5 Reanalysis (Open-Meteo Historical Archive),75.9,40.3,30.688,16.433,581.083,83.333,0.252,22.412,73.094,Copernicus S5P TROPOMI & CAMS Multi-Sensor Assimilation,0.18,0.85,0.3115,-0.0526,-0.4035,15.0,FAC_VAD_01,Apex PetroChem & Polymers Ltd,"Utility Steam Boiler, Thermic Heater, DG Set & Distillation",6295.0,510.8,0.0,42.7,48.7,0.1623,0.040600000000000004,24.0,FACTORY_OPERATIONAL_DATA,11.658,0.273,11.963,3.8,25.0,1.037,3.831,4.868,0.114,5,10,2023,3,-0.866,0.5,0.4339,-0.901,23.042,20.012,20.146,458.917,35.796,23.548,14.66,14.693,39.501,39.9
2023-10-06,22.4125,73.0944,27.1,77,0.0,1004.2,2.89,243,2.574,1.312,ERA5 Reanalysis (Open-Meteo Historical Archive),79.163,45.646,34.392,15.033,641.667,81.667,0.304,22.412,73.094,Copernicus S5P TROPOMI & CAMS Multi-Sensor Assimilation,0.18,0.85,0.3115,-0.0526,-0.4035,15.0,FAC_VAD_01,Apex PetroChem & Polymers Ltd,"Utility Steam Boiler, Thermic Heater, DG Set & Distillation",7405.0,560.0,0.0,47.0,53.6,0.17859999999999998,0.0446,24.0,FACTORY_OPERATIONAL_DATA,13.285,0.2827,11.915,3.8,25.0,1.137,4.507,5.644,0.1201,6,10,2023,4,-0.866,0.5,-0.4339,-0.901,30.688,25.35,16.433,581.083,40.3,24.839,15.319,15.031,39.415,42.3
2023-10-07,22.4125,73.0944,27.8,76,0.0,1004.8,2.25,238,1.908,1.192,ERA5 Reanalysis (Open-Meteo Historical Archive),80.875,48.558,30.012,17.792,568.667,83.792,0.375,22.412,73.094,Copernicus S5P TROPOMI & CAMS Multi-Sensor Assimilation,0.18,0.85,0.3115,-0.0526,-0.4035,15.0,FAC_VAD_01,Apex PetroChem & Polymers Ltd,"Utility Steam Boiler, Thermic Heater, DG Set & Distillation",8277.0,595.1,0.0,50.5,57.6,0.19190000000000002,0.048,24.0,FACTORY_OPERATIONAL_DATA,14.526,0.2876,11.784,3.8,25.0,1.208,5.037,6.245,0.1237,7,10,2023,5,-0.866,0.5,-0.9749,-0.2225,34.392,20.029,15.033,641.667,45.646,26.266,15.947,16.279,41.123,43.5
2023-10-08,22.4125,73.0944,28.5,71,0.0,1005.8,2.33,234,1.888,1.371,ERA5 Reanalysis (Open-Meteo Historical Archive),103.096,61.137,38.021,19.154,730.083,92.708,0.409,22.412,73.094,Copernicus S5P TROPOMI & CAMS Multi-Sensor Assimilation,0.18,0.85,0.3115,-0.0526,-0.4035,15.0,FAC_VAD_01,Apex PetroChem & Polymers Ltd,"Utility Steam Boiler, Thermic Heater, DG Set & Distillation",5412.0,416.7,9.7,35.8,40.1,0.12890000000000001,0.0361,18.0,FACTORY_OPERATIONAL_DATA,9.884,0.2761,11.64,3.6,28.0,0.872,3.294,4.166,0.1164,8,10,2023,6,-0.866,0.5,-0.7818,0.6235,30.012,22.675,17.792,568.667,48.558,28.458,16.722,17.518,44.531,52.4
2023-10-09,22.4125,73.0944,27.7,70,0.0,1006.7,2.5,211,1.288,2.143,ERA5 Reanalysis (Open-Meteo Historical Archive),91.038,54.95,35.008,17.638,699.75,88.833,0.355,22.412,73.094,Copernicus S5P TROPOMI & CAMS Multi-Sensor Assimilation,0.18,0.85,0.3115,-0.0526,-0.4035,15.0,FAC_VAD_01,Apex PetroChem & Polymers Ltd,"Utility Steam Boiler, Thermic Heater, DG Set & Distillation",8682.0,608.8,0.0,53.9,61.4,0.2048,0.0512,24.0,FACTORY_OPERATIONAL_DATA,15.074,0.2797,11.295,3.8,25.0,1.236,5.284,6.52,0.121,9,10,2023,0,-0.866,0.5,0.0,1.0,38.021,22.529,19.154,730.083,61.137,30.241,17.484,18.011,46.321,47.8
2023-10-10,22.4125,73.0944,27.3,69,0.0,1007.0,2.28,224,1.582,1.638,ERA5 Reanalysis (Open-Meteo Historical Archive),55.012,35.679,32.946,13.8,586.167,64.75,0.224,22.412,73.094,Copernicus S5P TROPOMI & CAMS Multi-Sensor Assimilation,0.18,0.85,0.3115,-0.0526,-0.4035,15.0,FAC_VAD_01,Apex PetroChem & Polymers Ltd,"Utility Steam Boiler, Thermic Heater, DG Set & Distillation",7505.0,565.2,0.0,49.5,56.4,0.1881,0.047,24.0,FACTORY_OPERATIONAL_DATA,13.44,0.2715,11.418,3.8,25.0,1.147,4.568,5.715,0.1155,10,10,2023,1,-0.866,0.5,0.7818,0.6235,35.008,20.521,17.638,699.75,54.95,32.016,18.223,17.142,46.009,37.3
2023-10-11,22.4125,73.0944,27.7,67,0.0,1006.9,2.19,65,-1.989,-0.927,ERA5 Reanalysis (Open-Meteo Historical Archive),62.704,40.417,30.271,17.9,623.708,99.833,0.319,22.412,73.094,Copernicus S5P TROPOMI & CAMS Multi-Sensor Assimilation,0.18,0.85,0.3115,-0.0526,-0.4035,15.0,FAC_VAD_01,Apex PetroChem & Polymers Ltd,"Utility Steam Boiler, Thermic Heater, DG Set & Distillation",7970.0,593.8,0.0,49.6,56.5,0.1885,0.0471,24.0,FACTORY_OPERATIONAL_DATA,14.205,0.2864,11.972,3.8,25.0,1.205,4.851,6.056,0.1221,11,10,2023,2,-0.866,0.5,0.9749,-0.2225,32.946,23.042,13.8,586.167,35.679,33.048,18.865,16.821,46.67,40.8
2023-10-12,22.4125,73.0944,28.7,64,0.0,1007.3,2.28,75,-2.2,-0.59,ERA5 Reanalysis (Open-Meteo Historical Archive),62.712,38.271,19.846,12.088,471.333,97.125,0.405,22.412,73.094,Copernicus S5P TROPOMI & CAMS Multi-Sensor Assimilation,0.18,0.85,0.3115,-0.0526,-0.4035,15.0,FAC_VAD_01,Apex PetroChem & Polymers Ltd,"Utility Steam Boiler, Thermic Heater, DG Set & Distillation",1200.0,80.0,450.0,5.0,6.0,0.1,0.01,8.0,FACTORY_OPERATIONAL_DATA,6.54,1.308,16.0,20.0,10.0,1.368,0.73,2.098,0.4196,12,10,2023,3,-0.866,0.5,0.4339,-0.901,30.271,30.688,17.9,623.708,40.417,31.499,19.244,16.201,46.38,31.1
2023-10-13,22.4125,73.0944,29.2,58,0.0,1007.5,2.69,338,1.009,-2.498,ERA5 Reanalysis (Open-Meteo Historical Archive),68.329,41.558,22.208,9.2,485.458,89.583,0.548,22.412,73.094,Copernicus S5P TROPOMI & CAMS Multi-Sensor Assimilation,0.18,0.85,0.3115,-0.0526,-0.4035,15.0,FAC_VAD_01,Apex PetroChem & Polymers Ltd,"Utility Steam Boiler, Thermic Heater, DG Set & Distillation",1200.0,80.0,450.0,5.0,6.0,0.1,0.01,8.0,FACTORY_OPERATIONAL_DATA,6.54,1.308,16.0,20.0,10.0,1.368,0.73,2.098,0.4196,13,10,2023,4,-0.866,0.5,-0.4339,-0.901,19.846,34.392,12.088,471.333,38.271,29.759,19.664,15.367,45.796,31.2
2023-10-14,22.4125,73.0944,28.8,58,0.0,1007.2,2.42,252,2.298,0.747,ERA5 Reanalysis (Open-Meteo Historical Archive),73.029,44.858,21.762,9.071,490.917,84.875,0.665,22.412,73.094,Copernicus S5P TROPOMI & CAMS Multi-Sensor Assimilation,0.18,0.85,0.3115,-0.0526,-0.4035,15.0,FAC_VAD_01,Apex PetroChem & Polymers Ltd,"Utility Steam Boiler, Thermic Heater, DG Set & Distillation",1200.0,80.0,450.0,5.0,6.0,0.1,0.01,8.0,FACTORY_OPERATIONAL_DATA,6.54,1.308,16.0,20.0,10.0,1.368,0.73,2.098,0.4196,14,10,2023,5,-0.866,0.5,-0.9749,-0.2225,22.208,30.012,9.2,485.458,41.558,28.58,20.004,14.122,45.267,32.0
2023-10-15,22.4125,73.0944,28.2,67,0.9,1006.2,3.75,295,3.399,-1.585,ERA5 Reanalysis (Open-Meteo Historical Archive),115.0,69.925,37.371,18.312,748.667,84.833,0.93,22.412,73.094,Copernicus S5P TROPOMI & CAMS Multi-Sensor Assimilation,0.18,0.85,0.3115,-0.0526,-0.4035,15.0,FAC_VAD_01,Apex PetroChem & Polymers Ltd,"Utility Steam Boiler, Thermic Heater, DG Set & Distillation",1200.0,80.0,450.0,5.0,6.0,0.1,0.01,8.0,FACTORY_OPERATIONAL_DATA,6.54,1.308,16.0,20.0,10.0,1.368,0.73,2.098,0.4196,15,10,2023,6,-0.866,0.5,-0.7818,0.6235,21.762,38.021,9.071,490.917,44.858,28.487,20.786,14.001,46.523,54.6
2023-10-16,22.4125,73.0944,28.5,62,0.0,1006.1,2.33,288,2.219,-0.721,ERA5 Reanalysis (Open-Meteo Historical Archive),87.383,54.962,34.954,15.354,703.917,79.417,0.631,22.412,73.094,Copernicus S5P TROPOMI & CAMS Multi-Sensor Assimilation,0.18,0.85,0.3115,-0.0526,-0.4035,15.0,FAC_VAD_01,Apex PetroChem & Polymers Ltd,"Utility Steam Boiler, Thermic Heater, DG Set & Distillation",1200.0,80.0,450.0,5.0,6.0,0.1,0.01,8.0,FACTORY_OPERATIONAL_DATA,6.54,1.308,16.0,20.0,10.0,1.368,0.73,2.098,0.4196,16,10,2023,0,-0.866,0.5,0.0,1.0,37.371,35.008,18.312,748.667,69.925,28.48,21.565,13.675,46.524,46.0
2023-10-17,22.4125,73.0944,27.9,60,0.1,1007.7,2.08,354,0.218,-2.072,ERA5 Reanalysis (Open-Meteo Historical Archive),82.879,52.404,31.033,16.492,621.417,80.958,0.61,22.412,73.094,Copernicus S5P TROPOMI & CAMS Multi-Sensor Assimilation,0.18,0.85,0.3115,-0.0526,-0.4035,15.0,FAC_VAD_01,Apex PetroChem & Polymers Ltd,"Utility Steam Boiler, Thermic Heater, DG Set & Distillation",1200.0,80.0,450.0,5.0,6.0,0.1,0.01,8.0,FACTORY_OPERATIONAL_DATA,6.54,1.308,16.0,20.0,10.0,1.368,0.73,2.098,0.4196,17,10,2023,1,-0.866,0.5,0.7818,0.6235,34.954,32.946,15.354,703.917,54.962,28.206,22.396,14.06,48.914,44.3
2023-10-18,22.4125,73.0944,27.7,59,0.0,1008.7,2.61,18,-0.807,-2.483,ERA5 Reanalysis (Open-Meteo Historical Archive),57.625,35.262,22.867,8.712,468.0,62.875,0.292,22.412,73.094,Copernicus S5P TROPOMI & CAMS Multi-Sensor Assimilation,0.18,0.85,0.1429,0.125,-0.2444,15.0,FAC_VAD_01,Apex PetroChem & Polymers Ltd,"Utility Steam Boiler, Thermic Heater, DG Set & Distillation",1200.0,80.0,450.0,5.0,6.0,0.1,0.01,8.0,FACTORY_OPERATIONAL_DATA,6.54,1.308,16.0,20.0,10.0,1.368,0.73,2.098,0.4196,18,10,2023,2,-0.866,0.5,0.9749,-0.2225,31.033,30.271,16.492,621.417,52.404,27.149,22.896,12.747,48.177,28.9
2023-10-19,22.4125,73.0944,27.5,56,0.0,1008.1,2.42,357,0.126,-2.413,ERA5 Reanalysis (Open-Meteo Historical Archive),55.471,33.154,22.779,7.629,479.958,69.458,0.287,22.412,73.094,Copernicus S5P TROPOMI & CAMS Multi-Sensor Assimilation,0.18,0.85,0.1429,0.125,-0.2444,15.0,FAC_VAD_01,Apex PetroChem & Polymers Ltd,"Utility Steam Boiler, Thermic Heater, DG Set & Distillation",1200.0,80.0,450.0,5.0,6.0,0.1,0.01,8.0,FACTORY_OPERATIONAL_DATA,6.54,1.308,16.0,20.0,10.0,1.368,0.73,2.098,0.4196,19,10,2023,3,-0.866,0.5,0.4339,-0.901,22.867,19.846,8.712,468.0,35.262,27.568,23.36,12.11,47.446,27.3
2023-10-20,22.4125,73.0944,28.2,48,0.0,1007.9,2.92,44,-2.026,-2.098,ERA5 Reanalysis (Open-Meteo Historical Archive),60.3,36.371,17.296,7.029,409.833,78.542,0.447,22.412,73.094,Copernicus S5P TROPOMI & CAMS Multi-Sensor Assimilation,0.18,0.85,0.1429,0.125,-0.2444,15.0,FAC_VAD_01,Apex PetroChem & Polymers Ltd,"Utility Steam Boiler, Thermic Heater, DG Set & Distillation",1200.0,80.0,450.0,5.0,6.0,0.1,0.01,8.0,FACTORY_OPERATIONAL_DATA,6.54,1.308,16.0,20.0,10.0,1.368,0.73,2.098,0.4196,20,10,2023,4,-0.866,0.5,-0.4339,-0.901,22.779,22.208,7.629,479.958,33.154,26.866,23.556,11.8,46.705,25.6
2023-10-21,22.4125,73.0944,27.9,49,0.0,1008.4,2.69,42,-1.803,-2.002,ERA5 Reanalysis (Open-Meteo Historical Archive),68.667,40.412,18.796,7.208,453.667,78.25,0.532,22.412,73.094,Copernicus S5P TROPOMI & CAMS Multi-Sensor Assimilation,0.18,0.85,0.1429,0.125,-0.2444,15.0,FAC_VAD_01,Apex PetroChem & Polymers Ltd,"Utility Steam Boiler, Thermic Heater, DG Set & Distillation",1200.0,80.0,450.0,5.0,6.0,0.1,0.01,8.0,FACTORY_OPERATIONAL_DATA,6.54,1.308,16.0,20.0,10.0,1.368,0.73,2.098,0.4196,21,10,2023,5,-0.866,0.5,-0.9749,-0.2225,17.296,21.762,7.029,409.833,36.371,26.442,23.785,11.534,46.07,27.8
2023-10-22,22.4125,73.0944,27.4,48,0.0,1008.8,2.61,17,-0.763,-2.497,ERA5 Reanalysis (Open-Meteo Historical Archive),70.146,40.25,21.579,7.663,489.292,82.292,0.467,22.412,73.094,Copernicus S5P TROPOMI & CAMS Multi-Sensor Assimilation,0.18,0.85,0.1429,0.125,-0.2444,15.0,FAC_VAD_01,Apex PetroChem & Polymers Ltd,"Utility Steam Boiler, Thermic Heater, DG Set & Distillation",1200.0,80.0,450.0,5.0,6.0,0.1,0.01,8.0,FACTORY_OPERATIONAL_DATA,6.54,1.308,16.0,20.0,10.0,1.368,0.73,2.098,0.4196,22,10,2023,6,-0.866,0.5,-0.7818,0.6235,18.796,37.371,7.208,453.667,40.412,24.186,24.088,10.012,41.831,29.3
2023-10-23,22.4125,73.0944,27.4,49,0.0,1007.7,2.61,5,-0.228,-2.601,ERA5 Reanalysis (Open-Meteo Historical Archive),59.65,34.546,17.292,7.462,450.542,81.833,0.418,22.412,73.094,Copernicus S5P TROPOMI & CAMS Multi-Sensor Assimilation,0.18,0.85,0.1429,0.125,-0.2444,15.0,FAC_VAD_01,Apex PetroChem & Polymers Ltd,"Utility Steam Boiler, Thermic Heater, DG Set & Distillation",7470.0,576.3,0.0,46.8,53.4,0.1778,0.0445,24.0,FACTORY_OPERATIONAL_DATA,13.521,0.2889,12.314,3.8,25.0,1.17,4.546,5.716,0.1221,23,10,2023,0,-0.866,0.5,0.0,1.0,21.579,34.954,7.663,489.292,40.25,21.663,24.27,8.885,38.914,25.3
2023-10-24,22.4125,73.0944,27.3,48,0.0,1007.2,3.11,37,-1.872,-2.485,ERA5 Reanalysis (Open-Meteo Historical Archive),59.038,31.875,15.858,6.429,401.333,77.417,0.392,22.412,73.094,Copernicus S5P TROPOMI & CAMS Multi-Sensor Assimilation,0.18,0.85,0.1429,0.125,-0.2444,15.0,FAC_VAD_01,Apex PetroChem & Polymers Ltd,"Utility Steam Boiler, Thermic Heater, DG Set & Distillation",6559.0,512.5,0.0,41.9,47.8,0.15919999999999998,0.039799999999999995,24.0,FACTORY_OPERATIONAL_DATA,11.94,0.285,12.232,3.8,25.0,1.04,3.992,5.032,0.1201,24,10,2023,1,-0.866,0.5,0.7818,0.6235,17.292,31.033,7.462,450.542,34.546,19.495,24.378,7.447,35.981,22.9
2023-10-25,22.4125,73.0944,26.6,44,0.0,1008.8,3.36,9,-0.526,-3.32,ERA5 Reanalysis (Open-Meteo Historical Archive),55.217,31.138,16.417,7.783,414.25,81.333,0.303,22.412,73.094,Copernicus S5P TROPOMI & CAMS Multi-Sensor Assimilation,0.18,0.85,0.1429,0.125,-0.2444,15.0,FAC_VAD_01,Apex PetroChem & Polymers Ltd,"Utility Steam Boiler, Thermic Heater, DG Set & Distillation",7122.0,560.1,0.0,47.2,53.8,0.1794,0.044899999999999995,24.0,FACTORY_OPERATIONAL_DATA,13.003,0.2755,11.867,3.8,25.0,1.137,4.334,5.471,0.1159,25,10,2023,2,-0.866,0.5,0.9749,-0.2225,15.858,22.867,6.429,401.333,31.875,18.574,24.532,7.315,35.392,23.9
2023-10-26,22.4125,73.0944,26.4,45,0.0,1009.0,3.06,16,-0.842,-2.937,ERA5 Reanalysis (Open-Meteo Historical Archive),68.75,39.129,21.133,12.942,515.542,89.583,0.323,22.412,73.094,Copernicus S5P TROPOMI & CAMS Multi-Sensor Assimilation,0.18,0.85,0.1429,0.125,-0.2444,15.0,FAC_VAD_01,Apex PetroChem & Polymers Ltd,"Utility Steam Boiler, Thermic Heater, DG Set & Distillation",6818.0,535.6,0.0,48.1,54.8,0.18280000000000002,0.045700000000000005,24.0,FACTORY_OPERATIONAL_DATA,12.442,0.2587,11.135,3.8,25.0,1.087,4.149,5.236,0.1089,26,10,2023,3,-0.866,0.5,0.4339,-0.901,16.417,22.779,7.783,414.25,31.138,18.339,24.779,8.074,36.246,32.6
2023-10-27,22.4125,73.0944,26.1,51,0.0,1007.6,2.78,20,-0.95,-2.61,ERA5 Reanalysis (Open-Meteo Historical Archive),54.146,32.629,23.312,11.533,530.167,81.0,0.188,22.412,73.094,Copernicus S5P TROPOMI & CAMS Multi-Sensor Assimilation,0.18,0.85,0.1429,0.125,-0.2444,15.0,FAC_VAD_01,Apex PetroChem & Polymers Ltd,"Utility Steam Boiler, Thermic Heater, DG Set & Distillation",6344.0,453.6,7.2,43.0,49.0,0.16340000000000002,0.0409,24.0,FACTORY_OPERATIONAL_DATA,11.179,0.26,10.549,3.8,25.0,0.94,3.861,4.801,0.1117,27,10,2023,4,-0.866,0.5,-0.4339,-0.901,21.133,17.296,12.942,515.542,39.129,19.198,25.0,8.717,35.711,30.3
2023-10-28,22.4125,73.0944,26.5,45,0.0,1007.4,3.11,46,-2.238,-2.161,ERA5 Reanalysis (Open-Meteo Historical Archive),46.629,29.667,22.275,7.708,522.167,84.833,0.251,22.412,73.094,Copernicus S5P TROPOMI & CAMS Multi-Sensor Assimilation,0.18,0.85,0.1429,0.125,-0.2444,15.0,FAC_VAD_01,Apex PetroChem & Polymers Ltd,"Utility Steam Boiler, Thermic Heater, DG Set & Distillation",6596.0,529.6,0.0,41.4,47.2,0.15730000000000002,0.039299999999999995,24.0,FACTORY_OPERATIONAL_DATA,12.157,0.2936,12.792,3.8,25.0,1.075,4.014,5.089,0.1229,28,10,2023,5,-0.866,0.5,-0.9749,-0.2225,23.312,18.796,11.533,530.167,32.629,19.695,25.075,8.789,34.176,25.9
2023-10-29,22.4125,73.0944,26.3,48,0.0,1007.2,3.25,30,-1.625,-2.815,ERA5 Reanalysis (Open-Meteo Historical Archive),60.054,36.979,26.196,9.05,583.083,83.083,0.34,22.412,73.094,Copernicus S5P TROPOMI & CAMS Multi-Sensor Assimilation,0.18,0.85,0.1429,0.125,-0.2444,15.0,FAC_VAD_01,Apex PetroChem & Polymers Ltd,"Utility Steam Boiler, Thermic Heater, DG Set & Distillation",3782.0,281.0,26.1,26.0,29.1,0.1,0.026199999999999998,18.0,FACTORY_OPERATIONAL_DATA,6.994,0.269,10.808,3.85,26.2,0.64,2.302,2.942,0.1132,29,10,2023,6,-0.866,0.5,-0.7818,0.6235,22.275,21.579,7.708,522.167,29.667,20.355,25.104,8.987,33.709,31.2
2023-10-30,22.4125,73.0944,27.4,39,0.0,1006.9,4.42,98,-4.374,0.615,ERA5 Reanalysis (Open-Meteo Historical Archive),66.65,39.783,23.342,8.896,544.875,75.667,0.359,22.412,73.094,Copernicus S5P TROPOMI & CAMS Multi-Sensor Assimilation,0.18,0.85,0.1429,0.125,-0.2444,15.0,FAC_VAD_01,Apex PetroChem & Polymers Ltd,"Utility Steam Boiler, Thermic Heater, DG Set & Distillation",7654.0,597.7,0.0,53.6,61.1,0.2037,0.0509,24.0,FACTORY_OPERATIONAL_DATA,13.93,0.2599,11.151,3.8,25.0,1.213,4.658,5.871,0.1095,30,10,2023,0,-0.866,0.5,0.0,1.0,26.196,17.292,9.05,583.083,36.979,21.219,25.214,9.192,34.457,30.8
2023-10-31,22.4125,73.0944,27.3,41,0.0,1007.6,4.86,99,-4.801,0.76,ERA5 Reanalysis (Open-Meteo Historical Archive),67.525,40.012,24.229,9.542,536.25,70.917,0.379,22.412,73.094,Copernicus S5P TROPOMI & CAMS Multi-Sensor Assimilation,0.18,0.85,0.1429,0.125,-0.2444,15.0,FAC_VAD_01,Apex PetroChem & Polymers Ltd,"Utility Steam Boiler, Thermic Heater, DG Set & Distillation",9263.0,721.4,0.0,59.6,67.9,0.2265,0.056600000000000004,24.0,FACTORY_OPERATIONAL_DATA,16.838,0.2825,12.104,3.8,25.0,1.464,5.637,7.101,0.1191,31,10,2023,1,-0.866,0.5,0.7818,0.6235,23.342,15.858,8.896,544.875,39.783,22.415,25.266,9.636,35.62,31.8
2023-11-01,22.4125,73.0944,27.2,46,0.0,1008.5,2.42,71,-2.285,-0.787,ERA5 Reanalysis (Open-Meteo Historical Archive),67.429,40.117,26.558,8.596,558.833,69.75,0.431,22.412,73.094,Copernicus S5P TROPOMI & CAMS Multi-Sensor Assimilation,0.18,0.85,0.1429,0.125,-0.2444,15.0,FAC_VAD_01,Apex PetroChem & Polymers Ltd,"Utility Steam Boiler, Thermic Heater, DG Set & Distillation",7821.0,619.6,248.7,50.9,58.0,0.19340000000000002,0.0484,24.0,FACTORY_OPERATIONAL_DATA,16.814,0.3303,12.173,3.8,25.0,1.924,4.76,6.684,0.1313,1,11,2023,2,-0.5,0.866,0.9749,-0.2225,24.229,16.417,9.542,536.25,40.012,23.864,25.4,9.752,36.902,32.1
2023-11-02,22.4125,73.0944,26.2,50,0.0,1007.9,3.69,42,-2.472,-2.746,ERA5 Reanalysis (Open-Meteo Historical Archive),70.979,42.725,19.787,8.154,524.583,82.833,0.458,22.412,73.094,Copernicus S5P TROPOMI & CAMS Multi-Sensor Assimilation,0.18,0.85,0.1429,0.125,-0.2444,15.0,FAC_VAD_01,Apex PetroChem & Polymers Ltd,"Utility Steam Boiler, Thermic Heater, DG Set & Distillation",6211.0,514.5,0.0,44.2,50.4,0.168,0.042,24.0,FACTORY_OPERATIONAL_DATA,11.613,0.2627,11.64,3.8,25.0,1.044,3.78,4.824,0.1091,2,11,2023,3,-0.5,0.866,0.4339,-0.901,26.558,21.133,8.596,558.833,40.117,23.671,25.376,9.068,37.416,29.7
2023-11-03,22.4125,73.0944,25.7,47,0.0,1006.3,3.5,30,-1.75,-3.031,ERA5 Reanalysis (Open-Meteo Historical Archive),69.333,40.846,14.817,8.154,474.917,89.583,0.491,22.412,73.094,Copernicus S5P TROPOMI & CAMS Multi-Sensor Assimilation,0.18,0.85,0.1429,0.125,-0.2444,15.0,FAC_VAD_01,Apex PetroChem & Polymers Ltd,"Utility Steam Boiler, Thermic Heater, DG Set & Distillation",7035.0,584.8,0.0,47.5,54.1,0.1805,0.0451,24.0,FACTORY_OPERATIONAL_DATA,13.175,0.2774,12.312,3.8,25.0,1.187,4.282,5.469,0.1151,3,11,2023,4,-0.5,0.866,-0.4339,-0.901,19.787,23.312,8.154,524.583,42.725,22.458,25.101,8.586,38.59,26.9
2023-11-04,22.4125,73.0944,26.7,46,0.0,1006.0,2.78,59,-2.381,-1.431,ERA5 Reanalysis (Open-Meteo Historical Archive),71.612,43.046,19.917,7.367,520.208,79.458,0.522,22.412,73.094,Copernicus S5P TROPOMI & CAMS Multi-Sensor Assimilation,0.18,0.85,0.1429,0.125,-0.2444,15.0,FAC_VAD_01,Apex PetroChem & Polymers Ltd,"Utility Steam Boiler, Thermic Heater, DG Set & Distillation",7698.0,581.4,0.0,52.6,60.0,0.1999,0.05,24.0,FACTORY_OPERATIONAL_DATA,13.803,0.2624,11.053,3.8,25.0,1.18,4.685,5.865,0.1115,4,11,2023,5,-0.5,0.866,-0.9749,-0.2225,14.817,22.275,8.154,474.917,40.846,22.121,24.742,8.537,40.501,29.3
2023-11-05,22.4125,73.0944,26.2,41,0.0,1007.3,3.61,90,-3.611,-0.0,ERA5 Reanalysis (Open-Meteo Historical Archive),73.512,44.088,25.1,7.279,581.583,68.708,0.535,22.412,73.094,Copernicus S5P TROPOMI & CAMS Multi-Sensor Assimilation,0.18,0.85,0.1429,0.125,-0.2444,15.0,FAC_VAD_01,Apex PetroChem & Polymers Ltd,"Utility Steam Boiler, Thermic Heater, DG Set & Distillation",5594.0,432.5,45.7,38.8,43.5,0.1397,0.0391,18.0,FACTORY_OPERATIONAL_DATA,10.592,0.273,11.147,3.6,28.0,1.0,3.405,4.405,0.1135,5,11,2023,6,-0.5,0.866,-0.7818,0.6235,19.917,26.196,7.367,520.208,43.046,21.964,24.433,8.284,41.517,31.9
2023-11-06,22.4125,73.0944,26.6,38,0.0,1008.5,4.36,94,-4.35,0.304,ERA5 Reanalysis (Open-Meteo Historical Archive),71.846,43.179,27.146,8.779,586.333,70.917,0.531,22.412,73.094,Copernicus S5P TROPOMI & CAMS Multi-Sensor Assimilation,0.18,0.85,0.1429,0.125,-0.2444,15.0,FAC_VAD_01,Apex PetroChem & Polymers Ltd,"Utility Steam Boiler, Thermic Heater, DG Set & Distillation",7192.0,538.9,0.0,48.5,55.3,0.18430000000000002,0.0461,24.0,FACTORY_OPERATIONAL_DATA,12.85,0.2649,11.111,3.8,25.0,1.094,4.377,5.471,0.1128,6,11,2023,0,-0.5,0.866,0.0,1.0,25.1,23.342,7.279,581.583,44.088,22.508,24.337,8.267,42.002,33.6
2023-11-07,22.4125,73.0944,26.5,43,0.0,1008.5,2.56,72,-2.43,-0.79,ERA5 Reanalysis (Open-Meteo Historical Archive),82.225,48.975,30.096,9.417,637.375,69.25,0.576,22.412,73.094,Copernicus S5P TROPOMI & CAMS Multi-Sensor Assimilation,0.18,0.85,0.1429,0.125,-0.2444,15.0,FAC_VAD_01,Apex PetroChem & Polymers Ltd,"Utility Steam Boiler, Thermic Heater, DG Set & Distillation",7517.0,620.2,0.0,49.6,56.5,0.1885,0.0471,24.0,FACTORY_OPERATIONAL_DATA,14.029,0.2828,12.504,3.8,25.0,1.259,4.575,5.834,0.1176,7,11,2023,1,-0.5,0.866,0.7818,0.6235,27.146,24.229,8.779,586.333,43.179,23.346,24.073,8.249,43.282,37.4
2023-11-08,22.4125,73.0944,26.4,44,0.0,1007.6,2.92,57,-2.446,-1.589,ERA5 Reanalysis (Open-Meteo Historical Archive),86.821,51.512,26.588,8.771,642.75,77.75,0.585,22.412,73.094,Copernicus S5P TROPOMI & CAMS Multi-Sensor Assimilation,0.18,0.85,0.1429,0.125,-0.2444,15.0,FAC_VAD_01,Apex PetroChem & Polymers Ltd,"Utility Steam Boiler, Thermic Heater, DG Set & Distillation",7424.0,562.7,0.0,48.6,55.4,0.18469999999999998,0.046200000000000005,24.0,FACTORY_OPERATIONAL_DATA,13.332,0.2743,11.578,3.8,25.0,1.142,4.518,5.66,0.1165,8,11,2023,2,-0.5,0.866,0.9749,-0.2225,30.096,26.558,9.417,637.375,48.975,23.35,23.792,8.274,44.91,36.2
2023-11-09,22.4125,73.0944,26.9,47,0.0,1007.8,3.36,75,-3.247,-0.87,ERA5 Reanalysis (Open-Meteo Historical Archive),86.933,52.042,27.492,8.896,646.375,77.792,0.593,22.412,73.094,Copernicus S5P TROPOMI & CAMS Multi-Sensor Assimilation,0.18,0.85,0.1429,0.125,-0.2444,15.0,FAC_VAD_01,Apex PetroChem & Polymers Ltd,"Utility Steam Boiler, Thermic Heater, DG Set & Distillation",7827.0,591.2,89.7,50.7,57.8,0.19269999999999998,0.0482,24.0,FACTORY_OPERATIONAL_DATA,14.932,0.2945,11.661,3.8,25.0,1.441,4.764,6.205,0.1224,9,11,2023,3,-0.5,0.866,0.4339,-0.901,26.588,19.787,8.771,642.75,51.512,24.451,23.611,8.38,46.241,36.9
2023-11-10,22.4125,73.0944,27.4,47,0.0,1009.0,2.61,64,-2.347,-1.145,ERA5 Reanalysis (Open-Meteo Historical Archive),97.6,57.742,21.142,11.225,599.0,86.042,0.597,22.412,73.094,Copernicus S5P TROPOMI & CAMS Multi-Sensor Assimilation,0.18,0.85,0.1429,0.125,-0.2444,15.0,FAC_VAD_01,Apex PetroChem & Polymers Ltd,"Utility Steam Boiler, Thermic Heater, DG Set & Distillation",8080.0,626.1,144.1,53.7,61.2,0.2041,0.051,24.0,FACTORY_OPERATIONAL_DATA,16.095,0.2997,11.659,3.8,25.0,1.657,4.917,6.574,0.1224,10,11,2023,4,-0.5,0.866,-0.4339,-0.901,27.492,14.817,8.896,646.375,52.042,25.354,23.306,8.819,48.655,37.9
2023-11-11,22.4125,73.0944,26.6,40,0.0,1010.9,3.78,28,-1.774,-3.336,ERA5 Reanalysis (Open-Meteo Historical Archive),57.667,34.542,11.896,6.888,399.333,80.958,0.269,22.412,73.094,Copernicus S5P TROPOMI & CAMS Multi-Sensor Assimilation,0.18,0.85,0.1429,0.125,-0.2444,15.0,FAC_VAD_01,Apex PetroChem & Polymers Ltd,"Utility Steam Boiler, Thermic Heater, DG Set & Distillation",7705.0,631.3,0.0,51.8,59.1,0.1968,0.0492,24.0,FACTORY_OPERATIONAL_DATA,14.334,0.2767,12.187,3.8,25.0,1.282,4.689,5.971,0.1153,11,11,2023,5,-0.5,0.866,-0.9749,-0.2225,21.142,19.917,11.225,599.0,57.742,24.209,23.041,8.751,47.44,22.5
2023-11-12,22.4125,73.0944,24.8,36,0.0,1011.1,3.89,25,-1.644,-3.525,ERA5 Reanalysis (Open-Meteo Historical Archive),24.821,16.512,11.321,5.679,325.667,74.0,0.102,22.412,73.094,Copernicus S5P TROPOMI & CAMS Multi-Sensor Assimilation,0.18,0.85,0.1429,0.125,-0.2444,15.0,FAC_VAD_01,Apex PetroChem & Polymers Ltd,"Utility Steam Boiler, Thermic Heater, DG Set & Distillation",4516.0,365.9,35.3,32.3,36.2,0.1163,0.032600000000000004,18.0,FACTORY_OPERATIONAL_DATA,8.711,0.2697,11.328,3.6,28.0,0.837,2.748,3.585,0.111,12,11,2023,6,-0.5,0.866,-0.7818,0.6235,11.896,25.1,6.888,399.333,34.542,22.24,22.678,8.522,43.501,15.0
2023-11-13,22.4125,73.0944,24.0,42,0.0,1010.0,2.83,30,-1.417,-2.454,ERA5 Reanalysis (Open-Meteo Historical Archive),41.938,27.463,16.713,6.625,436.792,72.875,0.207,22.412,73.094,Copernicus S5P TROPOMI & CAMS Multi-Sensor Assimilation,0.18,0.85,0.1429,0.125,-0.2444,15.0,FAC_VAD_01,Apex PetroChem & Polymers Ltd,"Utility Steam Boiler, Thermic Heater, DG Set & Distillation",8702.0,705.8,0.0,58.7,66.9,0.2231,0.055799999999999995,24.0,FACTORY_OPERATIONAL_DATA,16.113,0.2745,12.024,3.8,25.0,1.433,5.296,6.729,0.1146,13,11,2023,0,-0.5,0.866,0.0,1.0,11.321,27.146,5.679,325.667,16.512,20.75,22.51,8.214,41.255,21.9
2023-11-14,22.4125,73.0944,25.1,42,0.0,1009.3,2.94,32,-1.56,-2.497,ERA5 Reanalysis (Open-Meteo Historical Archive),50.146,32.637,14.912,6.546,440.125,78.042,0.288,22.412,73.094,Copernicus S5P TROPOMI & CAMS Multi-Sensor Assimilation,0.18,0.85,0.1429,0.125,-0.2444,15.0,FAC_VAD_01,Apex PetroChem & Polymers Ltd,"Utility Steam Boiler, Thermic Heater, DG Set & Distillation",7172.0,552.5,0.0,47.1,53.7,0.179,0.0448,24.0,FACTORY_OPERATIONAL_DATA,12.973,0.2754,11.73,3.8,25.0,1.122,4.365,5.487,0.1165,14,11,2023,1,-0.5,0.866,0.7818,0.6235,16.713,30.096,6.625,436.792,27.463,18.581,21.761,7.804,38.921,22.9
2023-11-15,22.4125,73.0944,25.3,42,0.0,1009.2,3.25,35,-1.864,-2.662,ERA5 Reanalysis (Open-Meteo Historical Archive),51.475,33.496,12.175,6.517,413.792,82.542,0.385,22.412,73.094,Copernicus S5P TROPOMI & CAMS Multi-Sensor Assimilation,0.18,0.85,0.1429,0.125,-0.2444,15.0,FAC_VAD_01,Apex PetroChem & Polymers Ltd,"Utility Steam Boiler, Thermic Heater, DG Set & Distillation",7270.0,519.7,0.0,47.3,53.9,0.1797,0.044899999999999995,24.0,FACTORY_OPERATIONAL_DATA,12.727,0.2691,10.987,3.8,25.0,1.055,4.425,5.48,0.1159,15,11,2023,2,-0.5,0.866,0.9749,-0.2225,14.912,26.588,6.546,440.125,32.637,16.522,21.002,7.482,36.348,21.9
2023-11-16,22.4125,73.0944,25.4,43,0.0,1009.5,3.67,35,-2.103,-3.004,ERA5 Reanalysis (Open-Meteo Historical Archive),65.233,42.521,11.942,7.354,439.542,86.75,0.513,22.412,73.094,Copernicus S5P TROPOMI & CAMS Multi-Sensor Assimilation,0.18,0.85,0.1429,0.125,-0.2444,15.0,FAC_VAD_01,Apex PetroChem & Polymers Ltd,"Utility Steam Boiler, Thermic Heater, DG Set & Distillation",6994.0,626.2,0.0,47.6,54.3,0.1809,0.045200000000000004,24.0,FACTORY_OPERATIONAL_DATA,13.569,0.2851,13.155,3.8,25.0,1.271,4.257,5.528,0.1161,16,11,2023,3,-0.5,0.866,0.4339,-0.901,12.175,27.492,6.517,413.792,33.496,14.3,20.366,7.262,34.988,25.6
2023-11-17,22.4125,73.0944,25.2,46,0.0,1009.6,3.5,46,-2.518,-2.431,ERA5 Reanalysis (Open-Meteo Historical Archive),91.496,57.175,15.15,8.838,499.625,84.292,0.637,22.412,73.094,Copernicus S5P TROPOMI & CAMS Multi-Sensor Assimilation,0.18,0.85,0.1429,0.125,-0.2444,15.0,FAC_VAD_01,Apex PetroChem & Polymers Ltd,"Utility Steam Boiler, Thermic Heater, DG Set & Distillation",8874.0,687.6,0.0,56.2,64.1,0.21359999999999998,0.053399999999999996,24.0,FACTORY_OPERATIONAL_DATA,16.094,0.2864,12.235,3.8,25.0,1.396,5.401,6.797,0.1209,17,11,2023,4,-0.5,0.866,-0.4339,-0.901,11.942,21.142,7.354,439.542,42.521,13.444,20.109,6.921,34.907,33.3
2023-11-18,22.4125,73.0944,25.3,49,0.0,1008.4,3.28,39,-2.063,-2.547,ERA5 Reanalysis (Open-Meteo Historical Archive),115.679,70.658,16.158,11.671,552.917,92.667,0.81,22.412,73.094,Copernicus S5P TROPOMI & CAMS Multi-Sensor Assimilation,0.18,0.85,0.1429,0.125,-0.2444,15.0,FAC_VAD_01,Apex PetroChem & Polymers Ltd,"Utility Steam Boiler, Thermic Heater, DG Set & Distillation",7608.0,640.1,213.4,50.8,57.9,0.193,0.0482,24.0,FACTORY_OPERATIONAL_DATA,16.463,0.3241,12.6,3.8,25.0,1.871,4.63,6.501,0.128,18,11,2023,5,-0.5,0.866,-0.9749,-0.2225,15.15,11.896,8.838,499.625,57.175,14.053,19.888,7.604,40.066,40.6
2023-11-19,22.4125,73.0944,26.6,45,0.0,1008.2,3.33,54,-2.697,-1.959,ERA5 Reanalysis (Open-Meteo Historical Archive),108.346,66.75,16.938,11.504,566.958,90.5,0.851,22.412,73.094,Copernicus S5P TROPOMI & CAMS Multi-Sensor Assimilation,0.18,0.85,0.1429,0.125,-0.2444,15.0,FAC_VAD_01,Apex PetroChem & Polymers Ltd,"Utility Steam Boiler, Thermic Heater, DG Set & Distillation",4756.0,374.3,10.3,34.2,38.3,0.1231,0.0345,18.0,FACTORY_OPERATIONAL_DATA,8.789,0.257,10.944,3.6,28.0,0.787,2.895,3.682,0.1077,19,11,2023,6,-0.5,0.866,-0.7818,0.6235,16.158,11.321,11.671,552.917,70.658,14.855,19.876,8.436,47.243,39.4
2023-11-20,22.4125,73.0944,27.3,48,0.0,1008.7,3.33,48,-2.477,-2.23,ERA5 Reanalysis (Open-Meteo Historical Archive),94.083,59.012,14.454,10.354,520.125,90.208,0.771,22.412,73.094,Copernicus S5P TROPOMI & CAMS Multi-Sensor Assimilation,0.18,0.85,0.1429,0.125,-0.2444,15.0,FAC_VAD_01,Apex PetroChem & Polymers Ltd,"Utility Steam Boiler, Thermic Heater, DG Set & Distillation",6627.0,527.2,0.0,45.1,51.4,0.1714,0.0429,24.0,FACTORY_OPERATIONAL_DATA,12.163,0.2697,11.69,3.8,25.0,1.07,4.033,5.103,0.1131,20,11,2023,0,-0.5,0.866,0.0,1.0,16.938,16.713,11.504,566.958,66.75,14.533,19.731,8.969,51.75,34.7
2023-11-21,22.4125,73.0944,26.9,43,0.0,1009.0,3.81,39,-2.395,-2.957,ERA5 Reanalysis (Open-Meteo Historical Archive),92.688,59.321,11.733,8.783,461.125,84.583,0.716,22.412,73.094,Copernicus S5P TROPOMI & CAMS Multi-Sensor Assimilation,0.18,0.85,0.1429,0.125,-0.2444,15.0,FAC_VAD_01,Apex PetroChem & Polymers Ltd,"Utility Steam Boiler, Thermic Heater, DG Set & Distillation",6860.0,574.6,0.0,48.2,54.9,0.1832,0.0458,24.0,FACTORY_OPERATIONAL_DATA,12.893,0.2675,11.921,3.8,25.0,1.166,4.175,5.341,0.1108,21,11,2023,1,-0.5,0.866,0.7818,0.6235,14.454,14.912,10.354,520.125,59.012,14.079,19.403,9.289,55.562,32.5
2023-11-22,22.4125,73.0944,24.8,48,0.0,1008.4,2.61,25,-1.104,-2.366,ERA5 Reanalysis (Open-Meteo Historical Archive),85.212,55.467,13.383,8.342,465.125,78.667,0.598,22.412,73.094,Copernicus S5P TROPOMI & CAMS Multi-Sensor Assimilation,0.18,0.85,0.1429,0.125,-0.2444,15.0,FAC_VAD_01,Apex PetroChem & Polymers Ltd,"Utility Steam Boiler, Thermic Heater, DG Set & Distillation",7294.0,646.5,0.0,50.3,57.3,0.1911,0.047799999999999995,24.0,FACTORY_OPERATIONAL_DATA,14.082,0.28,12.853,3.8,25.0,1.312,4.439,5.751,0.1143,22,11,2023,2,-0.5,0.866,0.9749,-0.2225,11.733,12.175,8.783,461.125,59.321,14.251,19.273,9.549,58.701,31.5
2023-11-23,22.4125,73.0944,23.6,45,0.0,1006.7,2.5,24,-1.017,-2.284,ERA5 Reanalysis (Open-Meteo Historical Archive),72.729,48.079,21.992,8.575,568.792,68.167,0.416,22.412,73.094,Copernicus S5P TROPOMI & CAMS Multi-Sensor Assimilation,0.18,0.85,0.1429,0.125,-0.2444,15.0,FAC_VAD_01,Apex PetroChem & Polymers Ltd,"Utility Steam Boiler, Thermic Heater, DG Set & Distillation",6479.0,535.1,0.0,41.8,47.7,0.15880000000000002,0.039700000000000006,24.0,FACTORY_OPERATIONAL_DATA,12.098,0.2894,12.801,3.8,25.0,1.086,3.943,5.029,0.1203,23,11,2023,3,-0.5,0.866,0.4339,-0.901,13.383,11.942,8.342,465.125,55.467,15.687,19.477,9.724,59.495,32.9
2023-11-24,22.4125,73.0944,25.6,43,0.0,1006.9,4.11,58,-3.486,-2.179,ERA5 Reanalysis (Open-Meteo Historical Archive),72.883,48.512,15.712,7.75,494.25,71.792,0.745,22.412,73.094,Copernicus S5P TROPOMI & CAMS Multi-Sensor Assimilation,0.18,0.85,0.1429,0.125,-0.2444,15.0,FAC_VAD_01,Apex PetroChem & Polymers Ltd,"Utility Steam Boiler, Thermic Heater, DG Set & Distillation",7075.0,555.3,0.0,48.5,55.3,0.18430000000000002,0.0461,24.0,FACTORY_OPERATIONAL_DATA,12.906,0.2661,11.449,3.8,25.0,1.127,4.306,5.433,0.112,24,11,2023,4,-0.5,0.866,-0.4339,-0.901,21.992,15.15,8.575,568.792,48.079,15.767,19.454,9.568,58.257,29.7
2023-11-25,22.4125,73.0944,26.9,46,0.0,1008.0,4.61,88,-4.608,-0.161,ERA5 Reanalysis (Open-Meteo Historical Archive),80.996,53.613,11.571,9.683,453.542,82.125,0.873,22.412,73.094,Copernicus S5P TROPOMI & CAMS Multi-Sensor Assimilation,0.18,0.85,0.1429,0.125,-0.2444,15.0,FAC_VAD_01,Apex PetroChem & Polymers Ltd,"Utility Steam Boiler, Thermic Heater, DG Set & Distillation",7496.0,600.2,0.0,51.1,58.3,0.19419999999999998,0.0485,24.0,FACTORY_OPERATIONAL_DATA,13.798,0.27,11.746,3.8,25.0,1.218,4.562,5.78,0.1131,25,11,2023,5,-0.5,0.866,-0.9749,-0.2225,15.712,16.158,7.75,494.25,48.512,15.112,19.135,9.284,55.822,31.1
2023-11-26,22.4125,73.0944,24.1,72,51.0,1007.5,5.94,126,-4.809,3.494,ERA5 Reanalysis (Open-Meteo Historical Archive),88.092,58.221,8.025,11.142,407.125,83.125,1.121,22.412,73.094,Copernicus S5P TROPOMI & CAMS Multi-Sensor Assimilation,0.18,0.85,0.1429,0.125,-0.2444,15.0,FAC_VAD_01,Apex PetroChem & Polymers Ltd,"Utility Steam Boiler, Thermic Heater, DG Set & Distillation",5737.0,433.1,6.6,40.3,45.1,0.1451,0.040600000000000004,18.0,FACTORY_OPERATIONAL_DATA,10.351,0.2568,10.747,3.6,28.0,0.897,3.492,4.389,0.1089,26,11,2023,6,-0.5,0.866,-0.7818,0.6235,11.571,16.938,9.683,453.542,53.613,13.839,18.625,9.233,54.604,32.2
2023-11-27,22.4125,73.0944,22.6,83,0.6,1006.9,4.25,170,-0.738,4.185,ERA5 Reanalysis (Open-Meteo Historical Archive),62.146,42.738,13.671,10.221,419.375,81.875,0.499,22.412,73.094,Copernicus S5P TROPOMI & CAMS Multi-Sensor Assimilation,0.18,0.85,0.1429,0.125,-0.2444,15.0,FAC_VAD_01,Apex PetroChem & Polymers Ltd,"Utility Steam Boiler, Thermic Heater, DG Set & Distillation",6275.0,514.1,0.0,41.0,46.7,0.15580000000000002,0.039,24.0,FACTORY_OPERATIONAL_DATA,11.673,0.2847,12.539,3.8,25.0,1.044,3.819,4.863,0.1186,27,11,2023,0,-0.5,0.866,0.0,1.0,8.025,14.454,11.142,407.125,58.221,13.727,18.339,9.214,52.279,28.6
2023-11-28,22.4125,73.0944,21.7,79,0.0,1007.0,3.0,19,-0.977,-2.837,ERA5 Reanalysis (Open-Meteo Historical Archive),40.721,27.554,14.879,6.329,446.208,62.375,0.382,22.412,73.094,Copernicus S5P TROPOMI & CAMS Multi-Sensor Assimilation,0.18,0.85,0.1429,0.125,-0.2444,15.0,FAC_VAD_01,Apex PetroChem & Polymers Ltd,"Utility Steam Boiler, Thermic Heater, DG Set & Distillation",6575.0,528.4,0.0,44.3,50.5,0.1683,0.0421,24.0,FACTORY_OPERATIONAL_DATA,12.123,0.2737,11.928,3.8,25.0,1.073,4.002,5.075,0.1146,28,11,2023,1,-0.5,0.866,0.7818,0.6235,13.671,11.733,10.221,419.375,42.738,14.176,17.961,8.863,47.741,20.9
2023-11-29,22.4125,73.0944,22.1,78,0.2,1007.6,3.17,24,-1.288,-2.893,ERA5 Reanalysis (Open-Meteo Historical Archive),47.9,32.058,12.446,6.308,399.875,62.083,0.436,22.412,73.094,Copernicus S5P TROPOMI & CAMS Multi-Sensor Assimilation,0.18,0.85,0.1429,0.125,-0.2444,15.0,FAC_VAD_01,Apex PetroChem & Polymers Ltd,"Utility Steam Boiler, Thermic Heater, DG Set & Distillation",7857.0,605.3,34.3,49.8,56.8,0.18919999999999998,0.047299999999999995,24.0,FACTORY_OPERATIONAL_DATA,14.556,0.2923,12.155,3.8,25.0,1.321,4.782,6.103,0.1226,29,11,2023,2,-0.5,0.866,0.9749,-0.2225,14.879,13.383,6.329,446.208,27.554,14.042,17.598,8.573,44.396,21.4
2023-11-30,22.4125,73.0944,22.8,79,0.2,1007.9,2.81,17,-0.82,-2.683,ERA5 Reanalysis (Open-Meteo Historical Archive),61.233,41.3,12.288,6.154,404.625,59.667,0.661,22.412,73.094,Copernicus S5P TROPOMI & CAMS Multi-Sensor Assimilation,0.18,0.85,0.1429,0.125,-0.2444,15.0,FAC_VAD_01,Apex PetroChem & Polymers Ltd,"Utility Steam Boiler, Thermic Heater, DG Set & Distillation",6152.0,487.1,0.0,44.1,50.3,0.1676,0.0419,24.0,FACTORY_OPERATIONAL_DATA,11.267,0.2555,11.045,3.8,25.0,0.989,3.744,4.733,0.1073,30,11,2023,3,-0.5,0.866,0.4339,-0.901,12.446,21.992,6.308,399.875,32.058,12.656,17.2,8.227,43.428,24.4
2023-12-01,22.4125,73.0944,23.8,78,0.3,1007.6,4.53,35,-2.597,-3.709,ERA5 Reanalysis (Open-Meteo Historical Archive),59.783,40.617,8.746,5.617,351.375,68.0,0.687,22.412,73.094,Copernicus S5P TROPOMI & CAMS Multi-Sensor Assimilation,0.18,0.85,0.1429,0.125,-0.2444,15.0,FAC_VAD_01,Apex PetroChem & Polymers Ltd,"Utility Steam Boiler, Thermic Heater, DG Set & Distillation",7337.0,649.8,0.0,50.5,57.6,0.19190000000000002,0.048,24.0,FACTORY_OPERATIONAL_DATA,14.16,0.2804,12.867,3.8,25.0,1.319,4.465,5.784,0.1145,1,12,2023,4,-0.0,1.0,-0.4339,-0.901,12.288,15.712,6.154,404.625,41.3,11.661,16.606,7.922,42.3,22.3
2023-12-02,22.4125,73.0944,23.9,79,11.1,1007.6,5.42,52,-4.268,-3.335,ERA5 Reanalysis (Open-Meteo Historical Archive),43.596,29.754,6.821,6.521,328.958,73.458,0.592,22.412,73.094,Copernicus S5P TROPOMI & CAMS Multi-Sensor Assimilation,0.18,0.85,0.1429,0.125,-0.2444,15.0,FAC_VAD_01,Apex PetroChem & Polymers Ltd,"Utility Steam Boiler, Thermic Heater, DG Set & Distillation",7321.0,587.4,0.0,48.0,54.7,0.1824,0.0456,24.0,FACTORY_OPERATIONAL_DATA,13.489,0.281,12.237,3.8,25.0,1.192,4.456,5.648,0.1177,2,12,2023,5,-0.0,1.0,-0.9749,-0.2225,8.746,11.571,5.617,351.375,40.617,10.982,16.174,7.47,38.892,18.3
2023-12-03,22.4125,73.0944,22.7,85,1.2,1008.4,4.94,57,-4.147,-2.693,ERA5 Reanalysis (Open-Meteo Historical Archive),51.867,36.0,7.092,9.562,384.875,83.75,1.018,22.412,73.094,Copernicus S5P TROPOMI & CAMS Multi-Sensor Assimilation,0.18,0.85,0.1429,0.125,-0.2444,15.0,FAC_VAD_01,Apex PetroChem & Polymers Ltd,"Utility Steam Boiler, Thermic Heater, DG Set & Distillation",5137.0,396.0,14.5,34.6,38.8,0.12459999999999999,0.0349,18.0,FACTORY_OPERATIONAL_DATA,9.44,0.2728,11.445,3.6,28.0,0.843,3.126,3.969,0.1147,3,12,2023,6,-0.0,1.0,-0.7818,0.6235,6.821,8.025,6.521,328.958,29.754,10.849,15.917,7.245,35.717,22.9
2023-12-04,22.4125,73.0944,23.3,80,0.1,1007.9,4.44,28,-2.087,-3.924,ERA5 Reanalysis (Open-Meteo Historical Archive),49.917,34.717,7.125,10.446,410.0,85.042,0.735,22.412,73.094,Copernicus S5P TROPOMI & CAMS Multi-Sensor Assimilation,0.18,0.85,0.1429,0.125,-0.2444,15.0,FAC_VAD_01,Apex PetroChem & Polymers Ltd,"Utility Steam Boiler, Thermic Heater, DG Set & Distillation",7320.0,536.9,0.0,47.1,53.7,0.179,0.0448,24.0,FACTORY_OPERATIONAL_DATA,12.957,0.2751,11.399,3.8,25.0,1.09,4.455,5.545,0.1177,4,12,2023,0,-0.0,1.0,0.0,1.0,7.092,13.671,9.562,384.875,36.0,9.914,15.49,7.277,34.571,23.1
2023-12-05,22.4125,73.0944,22.6,76,0.0,1007.3,4.56,32,-2.414,-3.863,ERA5 Reanalysis (Open-Meteo Historical Archive),41.575,28.633,6.5,10.525,369.792,83.083,0.605,22.412,73.094,Copernicus S5P TROPOMI & CAMS Multi-Sensor Assimilation,0.18,0.85,0.1429,0.125,-0.2444,15.0,FAC_VAD_01,Apex PetroChem & Polymers Ltd,"Utility Steam Boiler, Thermic Heater, DG Set & Distillation",6663.0,514.6,0.0,43.5,49.6,0.1653,0.041299999999999996,24.0,FACTORY_OPERATIONAL_DATA,12.066,0.2774,11.83,3.8,25.0,1.045,4.055,5.1,0.1172,5,12,2023,1,-0.0,1.0,0.7818,0.6235,7.125,14.879,10.446,410.0,34.717,8.717,14.87,7.876,34.726,20.8
2023-12-06,22.4125,73.0944,22.7,75,0.0,1007.8,4.06,37,-2.441,-3.239,ERA5 Reanalysis (Open-Meteo Historical Archive),57.75,39.65,7.454,7.846,363.75,71.5,0.901,22.412,73.094,Copernicus S5P TROPOMI & CAMS Multi-Sensor Assimilation,0.18,0.85,0.1429,0.125,-0.2444,15.0,FAC_VAD_01,Apex PetroChem & Polymers Ltd,"Utility Steam Boiler, Thermic Heater, DG Set & Distillation",7698.0,585.7,66.3,47.9,54.6,0.182,0.0455,24.0,FACTORY_OPERATIONAL_DATA,14.511,0.3029,12.228,3.8,25.0,1.367,4.685,6.052,0.1263,6,12,2023,2,-0.0,1.0,0.9749,-0.2225,6.5,12.446,10.525,369.792,28.633,8.004,14.214,8.096,35.81,23.0
2023-12-07,22.4125,73.0944,22.5,74,0.0,1008.3,3.83,34,-2.144,-3.178,ERA5 Reanalysis (Open-Meteo Historical Archive),57.833,39.617,8.033,9.013,381.833,69.917,0.724,22.412,73.094,Copernicus S5P TROPOMI & CAMS Multi-Sensor Assimilation,0.18,0.85,0.1429,0.125,-0.2444,15.0,FAC_VAD_01,Apex PetroChem & Polymers Ltd,"Utility Steam Boiler, Thermic Heater, DG Set & Distillation",7630.0,572.8,0.0,50.8,57.9,0.193,0.0482,24.0,FACTORY_OPERATIONAL_DATA,13.644,0.2686,11.276,3.8,25.0,1.163,4.644,5.807,0.1143,7,12,2023,3,-0.0,1.0,0.4339,-0.901,7.454,12.288,7.846,363.75,39.65,7.396,13.478,8.504,35.57,24.1
2023-12-08,22.4125,73.0944,22.4,72,0.0,1008.7,3.33,33,-1.815,-2.796,ERA5 Reanalysis (Open-Meteo Historical Archive),63.288,43.296,10.604,7.688,407.208,62.792,0.535,22.412,73.094,Copernicus S5P TROPOMI & CAMS Multi-Sensor Assimilation,0.18,0.85,0.1429,0.125,-0.2444,15.0,FAC_VAD_01,Apex PetroChem & Polymers Ltd,"Utility Steam Boiler, Thermic Heater, DG Set & Distillation",7135.0,597.2,0.0,50.5,57.6,0.19190000000000002,0.048,24.0,FACTORY_OPERATIONAL_DATA,13.406,0.2655,11.826,3.8,25.0,1.212,4.342,5.554,0.11,8,12,2023,4,-0.0,1.0,-0.4339,-0.901,8.033,8.746,9.013,381.833,39.617,7.661,12.946,8.8,35.952,25.6
2023-12-09,22.4125,73.0944,21.9,70,0.0,1009.8,2.86,22,-1.072,-2.653,ERA5 Reanalysis (Open-Meteo Historical Archive),45.946,31.475,11.725,6.083,394.625,60.458,0.357,22.412,73.094,Copernicus S5P TROPOMI & CAMS Multi-Sensor Assimilation,0.18,0.85,0.1429,0.125,-0.2444,15.0,FAC_VAD_01,Apex PetroChem & Polymers Ltd,"Utility Steam Boiler, Thermic Heater, DG Set & Distillation",6766.0,505.2,0.0,44.8,51.1,0.1702,0.0425,24.0,FACTORY_OPERATIONAL_DATA,12.071,0.2694,11.277,3.8,25.0,1.026,4.118,5.144,0.1148,9,12,2023,5,-0.0,1.0,-0.9749,-0.2225,10.604,6.821,7.688,407.208,43.296,8.362,12.42,8.738,36.198,20.7
2023-12-10,22.4125,73.0944,22.1,72,0.0,1008.5,2.72,22,-1.02,-2.524,ERA5 Reanalysis (Open-Meteo Historical Archive),44.742,30.692,12.225,5.929,380.708,64.333,0.289,22.412,73.094,Copernicus S5P TROPOMI & CAMS Multi-Sensor Assimilation,0.18,0.85,0.1429,0.125,-0.2444,15.0,FAC_VAD_01,Apex PetroChem & Polymers Ltd,"Utility Steam Boiler, Thermic Heater, DG Set & Distillation",5201.0,397.4,2.5,37.2,41.7,0.13390000000000002,0.0375,18.0,FACTORY_OPERATIONAL_DATA,9.399,0.2527,10.683,3.6,28.0,0.813,3.165,3.978,0.1069,10,12,2023,6,-0.0,1.0,-0.7818,0.6235,11.725,7.092,6.083,394.625,31.475,9.095,12.123,8.219,35.44,20.5
2023-12-11,22.4125,73.0944,21.9,71,0.0,1008.2,2.44,21,-0.876,-2.282,ERA5 Reanalysis (Open-Meteo Historical Archive),45.917,31.654,15.067,7.392,422.375,70.375,0.257,22.412,73.094,Copernicus S5P TROPOMI & CAMS Multi-Sensor Assimilation,0.18,0.85,0.1429,0.125,-0.2444,15.0,FAC_VAD_01,Apex PetroChem & Polymers Ltd,"Utility Steam Boiler, Thermic Heater, DG Set & Distillation",8062.0,585.8,500.8,50.1,57.1,0.1904,0.0476,24.0,FACTORY_OPERATIONAL_DATA,19.221,0.3837,11.693,3.8,25.0,2.531,4.907,7.438,0.1485,11,12,2023,0,-0.0,1.0,0.0,1.0,12.225,7.125,5.929,380.708,30.692,10.23,12.228,7.782,35.002,23.2
2023-12-12,22.4125,73.0944,21.0,76,0.0,1007.3,2.5,7,-0.305,-2.481,ERA5 Reanalysis (Open-Meteo Historical Archive),46.887,32.308,14.471,7.429,436.708,70.292,0.268,22.412,73.094,Copernicus S5P TROPOMI & CAMS Multi-Sensor Assimilation,0.18,0.85,0.1429,0.125,-0.2444,15.0,FAC_VAD_01,Apex PetroChem & Polymers Ltd,"Utility Steam Boiler, Thermic Heater, DG Set & Distillation",7218.0,566.2,0.0,48.7,55.5,0.1851,0.046299999999999994,24.0,FACTORY_OPERATIONAL_DATA,13.163,0.2703,11.626,3.8,25.0,1.149,4.393,5.542,0.1138,12,12,2023,1,-0.0,1.0,0.7818,0.6235,15.067,6.5,7.392,422.375,31.654,11.368,12.333,7.34,35.527,23.2
2023-12-13,22.4125,73.0944,22.3,66,0.0,1008.6,3.58,38,-2.206,-2.824,ERA5 Reanalysis (Open-Meteo Historical Archive),44.317,31.217,10.717,7.388,369.417,75.0,0.342,22.412,73.094,Copernicus S5P TROPOMI & CAMS Multi-Sensor Assimilation,0.18,0.85,0.1429,0.125,-0.2444,15.0,FAC_VAD_01,Apex PetroChem & Polymers Ltd,"Utility Steam Boiler, Thermic Heater, DG Set & Distillation",6849.0,549.1,0.0,46.5,53.0,0.1767,0.0442,24.0,FACTORY_OPERATIONAL_DATA,12.615,0.2713,11.809,3.8,25.0,1.115,4.168,5.283,0.1136,13,12,2023,2,-0.0,1.0,0.9749,-0.2225,14.471,7.454,7.429,436.708,32.308,11.835,12.134,7.275,34.323,21.2
2023-12-14,22.4125,73.0944,22.9,63,0.0,1009.7,3.42,46,-2.458,-2.373,ERA5 Reanalysis (Open-Meteo Historical Archive),50.45,31.708,11.2,7.754,356.042,78.708,0.452,22.412,73.094,Copernicus S5P TROPOMI & CAMS Multi-Sensor Assimilation,0.18,0.85,0.1429,0.125,-0.2444,15.0,FAC_VAD_01,Apex PetroChem & Polymers Ltd,"Utility Steam Boiler, Thermic Heater, DG Set & Distillation",7915.0,622.1,0.0,50.2,57.2,0.19080000000000003,0.047700000000000006,24.0,FACTORY_OPERATIONAL_DATA,14.447,0.2878,12.392,3.8,25.0,1.263,4.817,6.08,0.1211,14,12,2023,3,-0.0,1.0,0.4339,-0.901,10.717,8.033,7.388,369.417,31.217,12.287,12.01,7.095,33.193,21.8
2023-12-15,22.4125,73.0944,23.4,62,0.0,1010.3,2.81,51,-2.18,-1.766,ERA5 Reanalysis (Open-Meteo Historical Archive),61.367,36.833,10.812,8.658,366.667,83.667,0.672,22.412,73.094,Copernicus S5P TROPOMI & CAMS Multi-Sensor Assimilation,0.18,0.85,0.1429,0.125,-0.2444,15.0,FAC_VAD_01,Apex PetroChem & Polymers Ltd,"Utility Steam Boiler, Thermic Heater, DG Set & Distillation",6109.0,453.0,0.0,40.6,46.3,0.15430000000000002,0.0386,24.0,FACTORY_OPERATIONAL_DATA,10.866,0.2676,11.158,3.8,25.0,0.92,3.718,4.638,0.1142,15,12,2023,4,-0.0,1.0,-0.4339,-0.901,11.2,10.604,7.754,356.042,31.708,12.317,11.964,7.233,32.27,24.1
2023-12-16,22.4125,73.0944,23.0,60,0.0,1010.2,3.31,23,-1.292,-3.043,ERA5 Reanalysis (Open-Meteo Historical Archive),71.325,48.633,14.079,8.083,423.458,74.792,0.707,22.412,73.094,Copernicus S5P TROPOMI & CAMS Multi-Sensor Assimilation,0.18,0.85,0.1429,0.125,-0.2444,15.0,FAC_VAD_01,Apex PetroChem & Polymers Ltd,"Utility Steam Boiler, Thermic Heater, DG Set & Distillation",5911.0,480.5,0.0,41.2,47.0,0.1566,0.0391,24.0,FACTORY_OPERATIONAL_DATA,10.956,0.2659,11.663,3.8,25.0,0.975,3.597,4.572,0.111,16,12,2023,5,-0.0,1.0,-0.9749,-0.2225,10.812,11.725,8.658,366.667,36.833,12.653,12.036,7.519,34.721,29.2
2023-12-17,22.4125,73.0944,21.5,56,0.0,1010.5,4.08,23,-1.595,-3.759,ERA5 Reanalysis (Open-Meteo Historical Archive),62.192,42.221,11.962,7.221,404.5,67.125,0.616,22.412,73.094,Copernicus S5P TROPOMI & CAMS Multi-Sensor Assimilation,0.18,0.85,0.1429,0.125,-0.2444,15.0,FAC_VAD_01,Apex PetroChem & Polymers Ltd,"Utility Steam Boiler, Thermic Heater, DG Set & Distillation",4183.0,324.5,0.4,27.8,31.1,0.1001,0.028,18.0,FACTORY_OPERATIONAL_DATA,7.594,0.2732,11.673,3.6,28.0,0.66,2.546,3.206,0.1153,17,12,2023,6,-0.0,1.0,-0.7818,0.6235,14.079,12.225,8.083,423.458,48.633,12.615,11.929,7.704,36.368,25.4
2023-12-18,22.4125,73.0944,21.7,48,0.0,1012.2,4.42,52,-3.48,-2.719,ERA5 Reanalysis (Open-Meteo Historical Archive),38.079,25.638,8.112,6.933,294.917,78.792,0.341,22.412,73.094,Copernicus S5P TROPOMI & CAMS Multi-Sensor Assimilation,0.18,0.85,0.1429,0.125,-0.2444,15.0,FAC_VAD_01,Apex PetroChem & Polymers Ltd,"Utility Steam Boiler, Thermic Heater, DG Set & Distillation",6691.0,467.4,0.0,45.1,51.4,0.1714,0.0429,24.0,FACTORY_OPERATIONAL_DATA,11.599,0.2572,10.364,3.8,25.0,0.949,4.072,5.021,0.1113,18,12,2023,0,-0.0,1.0,0.0,1.0,11.962,15.067,7.221,404.5,42.221,11.622,11.661,7.638,35.508,17.7
2023-12-19,22.4125,73.0944,20.6,53,0.0,1013.0,4.47,58,-3.793,-2.37,ERA5 Reanalysis (Open-Meteo Historical Archive),48.542,31.575,7.942,8.737,344.458,84.958,0.293,22.412,73.094,Copernicus S5P TROPOMI & CAMS Multi-Sensor Assimilation,0.18,0.85,0.1429,0.125,-0.2444,15.0,FAC_VAD_01,Apex PetroChem & Polymers Ltd,"Utility Steam Boiler, Thermic Heater, DG Set & Distillation",7591.0,565.1,0.0,50.0,57.0,0.19,0.0475,24.0,FACTORY_OPERATIONAL_DATA,13.525,0.2705,11.302,3.8,25.0,1.147,4.62,5.767,0.1153,19,12,2023,1,-0.0,1.0,0.7818,0.6235,8.112,14.471,6.933,294.917,25.638,10.689,11.361,7.825,35.404,21.1
2023-12-20,22.4125,73.0944,20.8,53,0.0,1012.2,4.42,59,-3.786,-2.275,ERA5 Reanalysis (Open-Meteo Historical Archive),46.317,30.817,8.812,8.642,391.375,84.0,0.268,22.412,73.094,Copernicus S5P TROPOMI & CAMS Multi-Sensor Assimilation,0.18,0.85,0.1429,0.125,-0.2444,15.0,FAC_VAD_01,Apex PetroChem & Polymers Ltd,"Utility Steam Boiler, Thermic Heater, DG Set & Distillation",8200.0,633.2,37.3,54.0,61.6,0.2052,0.0513,24.0,FACTORY_OPERATIONAL_DATA,15.222,0.2819,11.726,3.8,25.0,1.385,4.991,6.376,0.1181,20,12,2023,2,-0.0,1.0,0.9749,-0.2225,7.942,10.717,8.737,344.458,31.575,10.417,11.173,8.004,35.346,21.1
2023-12-21,22.4125,73.0944,21.3,51,0.0,1010.3,3.72,61,-3.256,-1.805,ERA5 Reanalysis (Open-Meteo Historical Archive),41.825,28.142,13.504,8.154,422.25,72.75,0.241,22.412,73.094,Copernicus S5P TROPOMI & CAMS Multi-Sensor Assimilation,0.18,0.85,0.1429,0.125,-0.2444,15.0,FAC_VAD_01,Apex PetroChem & Polymers Ltd,"Utility Steam Boiler, Thermic Heater, DG Set & Distillation",7095.0,506.6,0.0,43.3,49.4,0.1645,0.041100000000000005,24.0,FACTORY_OPERATIONAL_DATA,12.414,0.2867,11.7,3.8,25.0,1.028,4.318,5.346,0.1235,21,12,2023,3,-0.0,1.0,0.4339,-0.901,8.812,11.2,8.642,391.375,30.817,10.746,11.232,8.061,34.837,21.9
2023-12-22,22.4125,73.0944,22.4,54,0.0,1009.5,2.97,75,-2.871,-0.769,ERA5 Reanalysis (Open-Meteo Historical Archive),43.271,29.275,17.246,11.5,474.417,75.458,0.319,22.412,73.094,Copernicus S5P TROPOMI & CAMS Multi-Sensor Assimilation,0.18,0.85,0.1429,0.125,-0.2444,15.0,FAC_VAD_01,Apex PetroChem & Polymers Ltd,"Utility Steam Boiler, Thermic Heater, DG Set & Distillation",6713.0,457.6,0.0,43.6,49.7,0.1657,0.0414,24.0,FACTORY_OPERATIONAL_DATA,11.518,0.2642,10.495,3.8,25.0,0.929,4.086,5.015,0.115,22,12,2023,4,-0.0,1.0,-0.4339,-0.901,13.504,10.812,8.154,422.25,28.142,11.665,11.361,8.467,33.757,26.4
2023-12-23,22.4125,73.0944,22.0,60,0.0,1010.3,2.69,35,-1.545,-2.207,ERA5 Reanalysis (Open-Meteo Historical Archive),43.762,29.713,17.512,9.771,498.25,75.083,0.209,22.412,73.094,Copernicus S5P TROPOMI & CAMS Multi-Sensor Assimilation,0.18,0.85,0.1429,0.125,-0.2444,15.0,FAC_VAD_01,Apex PetroChem & Polymers Ltd,"Utility Steam Boiler, Thermic Heater, DG Set & Distillation",7760.0,561.5,0.0,49.0,55.9,0.18619999999999998,0.0465,24.0,FACTORY_OPERATIONAL_DATA,13.656,0.2787,11.459,3.8,25.0,1.14,4.723,5.863,0.1197,23,12,2023,5,-0.0,1.0,-0.9749,-0.2225,17.246,14.079,11.5,474.417,29.275,12.156,11.212,8.708,31.054,25.4
2023-12-24,22.4125,73.0944,22.6,60,0.0,1012.1,3.78,33,-2.058,-3.168,ERA5 Reanalysis (Open-Meteo Historical Archive),56.438,37.838,11.429,9.792,467.917,84.917,0.249,22.412,73.094,Copernicus S5P TROPOMI & CAMS Multi-Sensor Assimilation,0.18,0.85,0.1429,0.125,-0.2444,15.0,FAC_VAD_01,Apex PetroChem & Polymers Ltd,"Utility Steam Boiler, Thermic Heater, DG Set & Distillation",4129.0,314.2,40.6,28.6,32.0,0.103,0.0288,18.0,FACTORY_OPERATIONAL_DATA,7.834,0.2739,10.986,3.6,28.0,0.747,2.513,3.26,0.114,24,12,2023,6,-0.0,1.0,-0.7818,0.6235,17.512,11.962,9.771,498.25,29.713,12.08,11.069,9.076,30.428,25.6
2023-12-25,22.4125,73.0944,22.3,65,0.0,1011.6,3.33,28,-1.565,-2.943,ERA5 Reanalysis (Open-Meteo Historical Archive),77.225,51.633,13.6,10.583,566.958,90.667,0.307,22.412,73.094,Copernicus S5P TROPOMI & CAMS Multi-Sensor Assimilation,0.18,0.85,0.1429,0.125,-0.2444,15.0,FAC_VAD_01,Apex PetroChem & Polymers Ltd,"Utility Steam Boiler, Thermic Heater, DG Set & Distillation",8085.0,639.2,0.0,52.6,60.0,0.1999,0.05,24.0,FACTORY_OPERATIONAL_DATA,14.797,0.2813,12.152,3.8,25.0,1.298,4.921,6.219,0.1182,25,12,2023,0,-0.0,1.0,0.0,1.0,11.429,8.112,9.792,467.917,37.838,12.864,11.137,9.597,34.142,32.0
2023-12-26,22.4125,73.0944,22.5,66,0.0,1011.0,2.5,19,-0.814,-2.364,ERA5 Reanalysis (Open-Meteo Historical Archive),99.746,66.167,21.208,13.912,691.458,85.708,0.393,22.412,73.094,Copernicus S5P TROPOMI & CAMS Multi-Sensor Assimilation,0.18,0.85,0.1429,0.125,-0.2444,15.0,FAC_VAD_01,Apex PetroChem & Polymers Ltd,"Utility Steam Boiler, Thermic Heater, DG Set & Distillation",6452.0,532.8,0.0,44.8,51.1,0.1702,0.0425,24.0,FACTORY_OPERATIONAL_DATA,12.046,0.2689,11.893,3.8,25.0,1.082,3.927,5.009,0.1118,26,12,2023,1,-0.0,1.0,0.7818,0.6235,13.6,7.942,10.583,566.958,51.633,14.759,11.576,10.336,39.084,42.9
2023-12-27,22.4125,73.0944,21.6,73,0.0,1011.6,2.5,9,-0.391,-2.469,ERA5 Reanalysis (Open-Meteo Historical Archive),109.417,71.875,20.558,12.321,741.375,84.25,0.486,22.412,73.094,Copernicus S5P TROPOMI & CAMS Multi-Sensor Assimilation,0.18,0.85,0.1429,0.125,-0.2444,15.0,FAC_VAD_01,Apex PetroChem & Polymers Ltd,"Utility Steam Boiler, Thermic Heater, DG Set & Distillation",7383.0,620.3,8.4,48.3,55.1,0.1835,0.045899999999999996,24.0,FACTORY_OPERATIONAL_DATA,13.98,0.2894,12.843,3.8,25.0,1.282,4.493,5.775,0.1196,27,12,2023,2,-0.0,1.0,0.9749,-0.2225,21.208,8.812,13.912,691.458,66.167,16.437,11.806,10.862,44.949,43.4
2023-12-28,22.4125,73.0944,23.2,65,0.0,1009.7,3.39,45,-2.396,-2.396,ERA5 Reanalysis (Open-Meteo Historical Archive),94.696,60.854,11.896,11.45,546.625,89.5,0.695,22.412,73.094,Copernicus S5P TROPOMI & CAMS Multi-Sensor Assimilation,0.18,0.85,0.1429,0.125,-0.2444,15.0,FAC_VAD_01,Apex PetroChem & Polymers Ltd,"Utility Steam Boiler, Thermic Heater, DG Set & Distillation",6618.0,549.8,0.0,46.2,52.7,0.1756,0.0439,24.0,FACTORY_OPERATIONAL_DATA,12.391,0.2682,11.9,3.8,25.0,1.116,4.028,5.144,0.1113,28,12,2023,3,-0.0,1.0,0.4339,-0.901,20.558,13.504,12.321,741.375,71.875,16.207,11.706,11.333,49.622,35.1
2023-12-29,22.4125,73.0944,22.6,71,0.0,1009.5,2.64,27,-1.198,-2.351,ERA5 Reanalysis (Open-Meteo Historical Archive),112.217,71.75,20.858,15.408,662.917,94.958,0.691,22.412,73.094,Copernicus S5P TROPOMI & CAMS Multi-Sensor Assimilation,0.18,0.85,0.1429,0.125,-0.2444,15.0,FAC_VAD_01,Apex PetroChem & Polymers Ltd,"Utility Steam Boiler, Thermic Heater, DG Set & Distillation",6899.0,525.6,18.2,43.1,49.1,0.1638,0.041,24.0,FACTORY_OPERATIONAL_DATA,12.6,0.2923,12.195,3.8,25.0,1.116,4.199,5.315,0.1233,29,12,2023,4,-0.0,1.0,-0.4339,-0.901,11.896,17.246,11.45,546.625,60.854,16.723,11.987,11.891,55.69,45.8
2023-12-30,22.4125,73.0944,23.0,72,0.0,1009.2,2.53,16,-0.697,-2.43,ERA5 Reanalysis (Open-Meteo Historical Archive),112.054,72.342,18.258,14.342,678.542,85.542,0.671,22.412,73.094,Copernicus S5P TROPOMI & CAMS Multi-Sensor Assimilation,0.18,0.85,0.1429,0.125,-0.2444,15.0,FAC_VAD_01,Apex PetroChem & Polymers Ltd,"Utility Steam Boiler, Thermic Heater, DG Set & Distillation",7274.0,565.2,8.1,49.4,56.3,0.18769999999999998,0.0469,24.0,FACTORY_OPERATIONAL_DATA,13.29,0.269,11.441,3.8,25.0,1.169,4.427,5.596,0.1133,30,12,2023,5,-0.0,1.0,-0.9749,-0.2225,20.858,17.512,15.408,662.917,71.75,16.83,12.186,12.544,61.78,44.1
2023-12-31,22.4125,73.0944,22.4,71,0.0,1008.9,2.56,8,-0.356,-2.531,ERA5 Reanalysis (Open-Meteo Historical Archive),112.25,72.712,16.421,14.588,672.375,82.958,0.621,22.412,73.094,Copernicus S5P TROPOMI & CAMS Multi-Sensor Assimilation,0.18,0.85,0.1429,0.125,-0.2444,15.0,FAC_VAD_01,Apex PetroChem & Polymers Ltd,"Utility Steam Boiler, Thermic Heater, DG Set & Distillation",5845.0,440.3,19.2,38.5,43.1,0.1386,0.038799999999999994,18.0,FACTORY_OPERATIONAL_DATA,10.66,0.2769,11.436,3.6,28.0,0.945,3.557,4.502,0.1169,31,12,2023,6,-0.0,1.0,-0.7818,0.6235,18.258,11.429,14.342,678.542,72.342,17.543,12.441,13.229,66.762,43.6
2024-01-01,22.4125,73.0944,21.6,73,0.0,1009.1,2.92,7,-0.355,-2.895,ERA5 Reanalysis (Open-Meteo Historical Archive),105.046,68.808,16.542,12.746,685.167,73.792,0.621,22.412,73.094,Copernicus S5P TROPOMI & CAMS Multi-Sensor Assimilation,0.18,0.85,0.1429,0.125,-0.2444,15.0,FAC_VAD_01,Apex PetroChem & Polymers Ltd,"Utility Steam Boiler, Thermic Heater, DG Set & Distillation",7451.0,541.2,0.0,46.4,52.9,0.1763,0.0441,24.0,FACTORY_OPERATIONAL_DATA,13.134,0.2831,11.664,3.8,25.0,1.099,4.535,5.634,0.1214,1,1,2024,0,0.5,0.866,0.0,1.0,16.421,13.6,14.588,672.375,72.712,17.963,12.765,13.538,69.215,40.9
2024-01-02,22.4125,73.0944,21.3,77,0.0,1008.5,3.03,1,-0.053,-3.027,ERA5 Reanalysis (Open-Meteo Historical Archive),109.746,72.729,13.079,12.446,651.583,76.417,0.764,22.412,73.094,Copernicus S5P TROPOMI & CAMS Multi-Sensor Assimilation,0.18,0.85,0.1429,0.125,-0.2444,15.0,FAC_VAD_01,Apex PetroChem & Polymers Ltd,"Utility Steam Boiler, Thermic Heater, DG Set & Distillation",7733.0,584.9,0.0,50.8,57.9,0.193,0.0482,24.0,FACTORY_OPERATIONAL_DATA,13.874,0.2731,11.514,3.8,25.0,1.187,4.706,5.893,0.116,2,1,2024,1,0.5,0.866,0.7818,0.6235,16.542,21.208,12.746,685.167,68.808,16.802,12.965,13.329,70.153,40.5
2024-01-03,22.4125,73.0944,20.2,77,0.0,1008.4,3.5,12,-0.728,-3.424,ERA5 Reanalysis (Open-Meteo Historical Archive),90.421,60.242,12.367,9.654,586.792,70.208,0.578,22.412,73.094,Copernicus S5P TROPOMI & CAMS Multi-Sensor Assimilation,0.18,0.85,0.1429,0.125,-0.2444,15.0,FAC_VAD_01,Apex PetroChem & Polymers Ltd,"Utility Steam Boiler, Thermic Heater, DG Set & Distillation",6827.0,551.8,0.0,44.8,51.1,0.1702,0.0425,24.0,FACTORY_OPERATIONAL_DATA,12.621,0.2817,12.317,3.8,25.0,1.12,4.155,5.275,0.1177,3,1,2024,2,0.5,0.866,0.9749,-0.2225,13.079,20.558,12.446,651.583,72.729,15.632,13.14,12.948,68.491,33.7
2024-01-04,22.4125,73.0944,20.0,76,0.0,1008.9,4.39,24,-1.785,-4.009,ERA5 Reanalysis (Open-Meteo Historical Archive),91.429,60.204,8.608,9.108,509.333,81.75,0.778,22.412,73.094,Copernicus S5P TROPOMI & CAMS Multi-Sensor Assimilation,0.18,0.85,0.1429,0.125,-0.2444,15.0,FAC_VAD_01,Apex PetroChem & Polymers Ltd,"Utility Steam Boiler, Thermic Heater, DG Set & Distillation",7672.0,600.4,0.0,49.3,56.2,0.18730000000000002,0.046799999999999994,24.0,FACTORY_OPERATIONAL_DATA,13.976,0.2835,12.178,3.8,25.0,1.219,4.669,5.888,0.1194,4,1,2024,3,0.5,0.866,0.4339,-0.901,12.367,11.896,9.654,586.792,60.242,15.162,13.21,12.613,68.398,31.7
2024-01-05,22.4125,73.0944,19.5,74,0.0,1009.4,3.56,22,-1.332,-3.297,ERA5 Reanalysis (Open-Meteo Historical Archive),84.417,56.358,9.283,7.212,552.0,72.5,0.58,22.412,73.094,Copernicus S5P TROPOMI & CAMS Multi-Sensor Assimilation,0.18,0.85,0.1429,0.125,-0.2444,15.0,FAC_VAD_01,Apex PetroChem & Polymers Ltd,"Utility Steam Boiler, Thermic Heater, DG Set & Distillation",6709.0,524.2,0.0,46.2,52.7,0.1756,0.0439,24.0,FACTORY_OPERATIONAL_DATA,12.213,0.2644,11.346,3.8,25.0,1.064,4.083,5.147,0.1114,5,1,2024,4,0.5,0.866,-0.4339,-0.901,8.608,20.858,9.108,509.333,60.204,13.508,13.271,11.442,66.199,29.2
2024-01-06,22.4125,73.0944,19.6,75,0.0,1010.1,4.25,29,-2.06,-3.717,ERA5 Reanalysis (Open-Meteo Historical Archive),74.842,49.85,7.954,8.033,501.042,78.75,0.528,22.412,73.094,Copernicus S5P TROPOMI & CAMS Multi-Sensor Assimilation,0.18,0.85,0.1429,0.125,-0.2444,15.0,FAC_VAD_01,Apex PetroChem & Polymers Ltd,"Utility Steam Boiler, Thermic Heater, DG Set & Distillation",5851.0,465.2,12.3,38.2,43.5,0.1452,0.0363,24.0,FACTORY_OPERATIONAL_DATA,10.859,0.2843,12.178,3.8,25.0,0.977,3.561,4.538,0.1188,6,1,2024,5,0.5,0.866,-0.9749,-0.2225,9.283,18.258,7.212,552.0,56.358,12.036,13.268,10.541,62.986,27.0
2024-01-07,22.4125,73.0944,21.0,71,0.0,1010.0,4.42,32,-2.34,-3.746,ERA5 Reanalysis (Open-Meteo Historical Archive),77.358,50.95,7.663,7.704,456.542,78.0,0.97,22.412,73.094,Copernicus S5P TROPOMI & CAMS Multi-Sensor Assimilation,0.18,0.85,0.1429,0.125,-0.2444,15.0,FAC_VAD_01,Apex PetroChem & Polymers Ltd,"Utility Steam Boiler, Thermic Heater, DG Set & Distillation",4923.0,398.5,67.7,35.8,40.1,0.12890000000000001,0.0361,18.0,FACTORY_OPERATIONAL_DATA,9.784,0.2733,11.131,3.6,28.0,0.99,2.996,3.986,0.1113,7,1,2024,6,0.5,0.866,-0.7818,0.6235,7.954,16.421,8.033,501.042,49.85,10.785,13.17,9.558,59.877,27.0
2024-01-08,22.4125,73.0944,22.7,74,0.2,1009.7,3.56,28,-1.669,-3.139,ERA5 Reanalysis (Open-Meteo Historical Archive),94.0,61.225,9.0,11.542,520.042,81.333,1.028,22.412,73.094,Copernicus S5P TROPOMI & CAMS Multi-Sensor Assimilation,0.18,0.85,0.1429,0.125,-0.2444,15.0,FAC_VAD_01,Apex PetroChem & Polymers Ltd,"Utility Steam Boiler, Thermic Heater, DG Set & Distillation",8080.0,616.5,0.0,52.6,60.0,0.1999,0.05,24.0,FACTORY_OPERATIONAL_DATA,14.553,0.2767,11.721,3.8,25.0,1.251,4.917,6.168,0.1173,8,1,2024,0,0.5,0.866,0.0,1.0,7.663,16.542,7.704,456.542,50.95,9.708,13.08,9.386,58.794,34.0
2024-01-09,22.4125,73.0944,23.0,72,0.2,1010.1,4.83,22,-1.811,-4.481,ERA5 Reanalysis (Open-Meteo Historical Archive),101.283,66.721,8.271,10.987,543.708,79.292,1.2,22.412,73.094,Copernicus S5P TROPOMI & CAMS Multi-Sensor Assimilation,0.18,0.85,0.1429,0.125,-0.2444,15.0,FAC_VAD_01,Apex PetroChem & Polymers Ltd,"Utility Steam Boiler, Thermic Heater, DG Set & Distillation",8490.0,634.9,0.0,54.1,61.7,0.2056,0.0514,24.0,FACTORY_OPERATIONAL_DATA,15.156,0.2801,11.736,3.8,25.0,1.289,5.167,6.456,0.1193,9,1,2024,1,0.5,0.866,0.7818,0.6235,9.0,13.079,11.542,520.042,61.225,9.021,12.948,9.177,57.936,35.2
2024-01-10,22.4125,73.0944,22.8,73,0.0,1010.1,4.17,29,-2.02,-3.644,ERA5 Reanalysis (Open-Meteo Historical Archive),80.275,53.192,8.192,11.596,529.667,83.333,0.874,22.412,73.094,Copernicus S5P TROPOMI & CAMS Multi-Sensor Assimilation,0.18,0.85,0.1429,0.125,-0.2444,15.0,FAC_VAD_01,Apex PetroChem & Polymers Ltd,"Utility Steam Boiler, Thermic Heater, DG Set & Distillation",7469.0,614.6,0.0,51.7,58.9,0.1965,0.049100000000000005,24.0,FACTORY_OPERATIONAL_DATA,13.922,0.2693,11.888,3.8,25.0,1.248,4.546,5.794,0.1121,10,1,2024,2,0.5,0.866,0.9749,-0.2225,8.271,12.367,10.987,543.708,66.721,8.424,12.719,9.455,56.929,30.9
2024-01-11,22.4125,73.0944,22.9,73,0.0,1010.6,3.72,24,-1.514,-3.4,ERA5 Reanalysis (Open-Meteo Historical Archive),64.679,43.092,9.229,8.938,515.375,84.417,0.575,22.412,73.094,Copernicus S5P TROPOMI & CAMS Multi-Sensor Assimilation,0.18,0.85,0.1429,0.125,-0.2444,15.0,FAC_VAD_01,Apex PetroChem & Polymers Ltd,"Utility Steam Boiler, Thermic Heater, DG Set & Distillation",7464.0,558.4,67.0,47.5,54.1,0.1805,0.0451,24.0,FACTORY_OPERATIONAL_DATA,13.997,0.2947,11.756,3.8,25.0,1.313,4.543,5.856,0.1233,11,1,2024,3,0.5,0.866,0.4339,-0.901,8.192,8.608,11.596,529.667,53.192,8.513,12.544,9.43,54.484,25.8
2024-01-12,22.4125,73.0944,23.4,73,0.0,1009.9,3.28,16,-0.903,-3.151,ERA5 Reanalysis (Open-Meteo Historical Archive),57.921,38.721,10.833,10.029,521.458,89.458,0.447,22.412,73.094,Copernicus S5P TROPOMI & CAMS Multi-Sensor Assimilation,0.18,0.85,0.1429,0.125,-0.2444,15.0,FAC_VAD_01,Apex PetroChem & Polymers Ltd,"Utility Steam Boiler, Thermic Heater, DG Set & Distillation",7954.0,613.0,0.0,50.9,58.0,0.19340000000000002,0.0484,24.0,FACTORY_OPERATIONAL_DATA,14.39,0.2827,12.043,3.8,25.0,1.244,4.841,6.085,0.1195,12,1,2024,4,0.5,0.866,-0.4339,-0.901,9.229,9.283,8.938,515.375,43.092,8.735,12.548,9.833,51.964,25.8
2024-01-13,22.4125,73.0944,22.6,69,0.0,1009.9,2.78,342,0.858,-2.642,ERA5 Reanalysis (Open-Meteo Historical Archive),54.042,36.517,16.642,13.346,518.458,76.708,0.267,22.412,73.094,Copernicus S5P TROPOMI & CAMS Multi-Sensor Assimilation,0.18,0.85,0.1429,0.125,-0.2444,15.0,FAC_VAD_01,Apex PetroChem & Polymers Ltd,"Utility Steam Boiler, Thermic Heater, DG Set & Distillation",7648.0,645.6,0.0,49.2,56.1,0.187,0.046799999999999994,24.0,FACTORY_OPERATIONAL_DATA,14.427,0.2932,13.122,3.8,25.0,1.311,4.655,5.966,0.1213,13,1,2024,5,0.5,0.866,-0.9749,-0.2225,10.833,7.954,10.029,521.458,38.721,9.976,12.729,10.592,50.06,30.1
2024-01-14,22.4125,73.0944,19.7,58,0.0,1010.7,3.03,339,1.085,-2.827,ERA5 Reanalysis (Open-Meteo Historical Archive),43.858,30.133,26.963,12.408,542.417,61.292,0.1,22.412,73.094,Copernicus S5P TROPOMI & CAMS Multi-Sensor Assimilation,0.18,0.85,0.1429,0.125,-0.2444,15.0,FAC_VAD_01,Apex PetroChem & Polymers Ltd,"Utility Steam Boiler, Thermic Heater, DG Set & Distillation",4240.0,318.5,57.3,28.0,31.4,0.1008,0.0282,18.0,FACTORY_OPERATIONAL_DATA,8.157,0.2913,11.375,3.6,28.0,0.8,2.58,3.38,0.1207,14,1,2024,6,0.5,0.866,-0.7818,0.6235,16.642,7.663,13.346,518.458,36.517,12.733,13.267,11.264,47.086,31.6
2024-01-15,22.4125,73.0944,18.4,61,0.0,1009.9,3.03,354,0.316,-3.011,ERA5 Reanalysis (Open-Meteo Historical Archive),52.183,36.042,29.275,12.125,639.083,63.417,0.175,22.412,73.094,Copernicus S5P TROPOMI & CAMS Multi-Sensor Assimilation,0.18,0.85,0.1429,0.125,-0.2444,15.0,FAC_VAD_01,Apex PetroChem & Polymers Ltd,"Utility Steam Boiler, Thermic Heater, DG Set & Distillation",7127.0,527.5,0.0,47.3,53.9,0.1797,0.044899999999999995,24.0,FACTORY_OPERATIONAL_DATA,12.666,0.2678,11.152,3.8,25.0,1.071,4.337,5.408,0.1143,15,1,2024,0,0.5,0.866,0.0,1.0,26.963,9.0,12.408,542.417,30.133,15.629,13.774,11.347,43.488,34.5
2024-01-16,22.4125,73.0944,19.0,65,0.0,1007.5,2.58,340,0.884,-2.428,ERA5 Reanalysis (Open-Meteo Historical Archive),72.883,49.917,29.25,18.771,697.208,78.875,0.266,22.412,73.094,Copernicus S5P TROPOMI & CAMS Multi-Sensor Assimilation,0.18,0.85,0.1429,0.125,-0.2444,15.0,FAC_VAD_01,Apex PetroChem & Polymers Ltd,"Utility Steam Boiler, Thermic Heater, DG Set & Distillation",6222.0,522.2,0.0,43.7,49.8,0.1661,0.0415,24.0,FACTORY_OPERATIONAL_DATA,11.705,0.2678,11.95,3.8,25.0,1.06,3.787,4.847,0.1109,16,1,2024,1,0.5,0.866,0.7818,0.6235,29.275,8.271,12.125,639.083,36.042,18.626,14.35,12.459,41.088,44.3
2024-01-17,22.4125,73.0944,18.9,66,0.0,1007.0,2.61,352,0.363,-2.586,ERA5 Reanalysis (Open-Meteo Historical Archive),79.446,49.171,27.654,18.492,661.125,75.917,0.24,22.412,73.094,Copernicus S5P TROPOMI & CAMS Multi-Sensor Assimilation,0.18,0.85,0.1429,0.125,-0.2444,15.0,FAC_VAD_01,Apex PetroChem & Polymers Ltd,"Utility Steam Boiler, Thermic Heater, DG Set & Distillation",6743.0,506.7,0.0,42.0,47.9,0.1596,0.0399,24.0,FACTORY_OPERATIONAL_DATA,12.063,0.2872,12.064,3.8,25.0,1.029,4.104,5.133,0.1222,17,1,2024,2,0.5,0.866,0.9749,-0.2225,29.25,8.192,18.771,697.208,49.917,21.407,15.002,13.444,40.513,43.2
2024-01-18,22.4125,73.0944,19.6,61,0.0,1008.5,3.31,16,-0.911,-3.178,ERA5 Reanalysis (Open-Meteo Historical Archive),68.325,43.975,24.067,10.654,612.042,68.958,0.364,22.412,73.094,Copernicus S5P TROPOMI & CAMS Multi-Sensor Assimilation,0.18,0.85,0.1429,0.125,-0.2444,15.0,FAC_VAD_01,Apex PetroChem & Polymers Ltd,"Utility Steam Boiler, Thermic Heater, DG Set & Distillation",6508.0,494.8,34.6,45.0,51.3,0.171,0.0428,24.0,FACTORY_OPERATIONAL_DATA,12.049,0.2678,10.996,3.8,25.0,1.097,3.961,5.058,0.1124,18,1,2024,3,0.5,0.866,0.4339,-0.901,27.654,9.229,18.492,661.125,49.171,23.526,15.539,13.689,40.639,33.9
2024-01-19,22.4125,73.0944,20.6,54,0.0,1009.1,4.06,24,-1.65,-3.705,ERA5 Reanalysis (Open-Meteo Historical Archive),56.771,36.821,8.833,8.183,410.417,93.958,0.522,22.412,73.094,Copernicus S5P TROPOMI & CAMS Multi-Sensor Assimilation,0.18,0.85,0.1429,0.125,-0.2444,15.0,FAC_VAD_01,Apex PetroChem & Polymers Ltd,"Utility Steam Boiler, Thermic Heater, DG Set & Distillation",6850.0,465.7,0.0,43.9,50.0,0.1668,0.0417,24.0,FACTORY_OPERATIONAL_DATA,11.74,0.2674,10.608,3.8,25.0,0.945,4.169,5.114,0.1165,19,1,2024,4,0.5,0.866,-0.4339,-0.901,24.067,10.833,10.654,612.042,43.975,23.241,15.54,13.426,40.368,22.9
2024-01-20,22.4125,73.0944,19.5,51,0.0,1010.5,3.83,17,-1.121,-3.666,ERA5 Reanalysis (Open-Meteo Historical Archive),43.875,28.8,11.146,8.338,422.375,85.292,0.348,22.412,73.094,Copernicus S5P TROPOMI & CAMS Multi-Sensor Assimilation,0.18,0.85,0.1429,0.125,-0.2444,15.0,FAC_VAD_01,Apex PetroChem & Polymers Ltd,"Utility Steam Boiler, Thermic Heater, DG Set & Distillation",7026.0,551.0,0.0,49.7,56.7,0.1889,0.047200000000000006,24.0,FACTORY_OPERATIONAL_DATA,12.812,0.2578,11.087,3.8,25.0,1.119,4.276,5.395,0.1086,20,1,2024,5,0.5,0.866,-0.9749,-0.2225,8.833,16.642,8.183,410.417,36.821,22.455,15.461,12.71,39.266,21.2
2024-01-21,22.4125,73.0944,19.1,51,0.0,1011.2,3.89,30,-1.944,-3.368,ERA5 Reanalysis (Open-Meteo Historical Archive),51.754,33.812,11.458,9.571,442.75,84.25,0.224,22.412,73.094,Copernicus S5P TROPOMI & CAMS Multi-Sensor Assimilation,0.18,0.85,0.1429,0.125,-0.2444,15.0,FAC_VAD_01,Apex PetroChem & Polymers Ltd,"Utility Steam Boiler, Thermic Heater, DG Set & Distillation",5793.0,436.0,26.2,39.7,44.5,0.1429,0.04,18.0,FACTORY_OPERATIONAL_DATA,10.633,0.2678,10.982,3.6,28.0,0.955,3.526,4.481,0.1129,21,1,2024,6,0.5,0.866,-0.7818,0.6235,11.146,26.963,8.338,422.375,28.8,20.24,15.268,12.305,39.791,24.0
2024-01-22,22.4125,73.0944,18.8,49,0.0,1011.2,3.19,27,-1.45,-2.846,ERA5 Reanalysis (Open-Meteo Historical Archive),44.771,29.379,12.429,7.725,415.667,82.833,0.213,22.412,73.094,Copernicus S5P TROPOMI & CAMS Multi-Sensor Assimilation,0.18,0.85,0.1429,0.125,-0.2444,15.0,FAC_VAD_01,Apex PetroChem & Polymers Ltd,"Utility Steam Boiler, Thermic Heater, DG Set & Distillation",6713.0,502.7,0.0,43.8,49.9,0.1664,0.0416,24.0,FACTORY_OPERATIONAL_DATA,11.991,0.2738,11.477,3.8,25.0,1.02,4.086,5.106,0.1166,22,1,2024,0,0.5,0.866,0.0,1.0,11.458,29.275,9.571,442.75,33.812,17.834,15.099,11.676,38.839,21.5
2024-01-23,22.4125,73.0944,18.8,48,0.0,1011.4,4.11,26,-1.802,-3.695,ERA5 Reanalysis (Open-Meteo Historical Archive),40.446,25.846,16.142,6.917,429.667,71.542,0.172,22.412,73.094,Copernicus S5P TROPOMI & CAMS Multi-Sensor Assimilation,0.18,0.85,0.1429,0.125,-0.2444,15.0,FAC_VAD_01,Apex PetroChem & Polymers Ltd,"Utility Steam Boiler, Thermic Heater, DG Set & Distillation",9199.0,723.3,0.0,57.3,65.3,0.21769999999999998,0.0544,24.0,FACTORY_OPERATIONAL_DATA,16.794,0.2931,12.623,3.8,25.0,1.468,5.599,7.067,0.1233,23,1,2024,1,0.5,0.866,0.7818,0.6235,12.429,29.25,7.725,415.667,29.379,15.961,15.256,9.983,35.401,21.3
2024-01-24,22.4125,73.0944,19.3,49,0.0,1011.3,2.97,33,-1.619,-2.493,ERA5 Reanalysis (Open-Meteo Historical Archive),50.196,30.658,20.037,7.933,505.542,68.042,0.203,22.412,73.094,Copernicus S5P TROPOMI & CAMS Multi-Sensor Assimilation,0.18,0.85,0.1429,0.125,-0.2444,15.0,FAC_VAD_01,Apex PetroChem & Polymers Ltd,"Utility Steam Boiler, Thermic Heater, DG Set & Distillation",7860.0,642.5,0.0,52.8,60.2,0.2006,0.0501,24.0,FACTORY_OPERATIONAL_DATA,14.606,0.2766,12.169,3.8,25.0,1.304,4.784,6.088,0.1153,24,1,2024,2,0.5,0.866,0.9749,-0.2225,16.142,27.654,6.917,429.667,25.846,14.873,15.471,8.474,32.756,25.4
2024-01-25,22.4125,73.0944,19.4,52,0.0,1012.2,2.78,68,-2.576,-1.041,ERA5 Reanalysis (Open-Meteo Historical Archive),50.258,31.917,20.375,7.988,492.458,71.583,0.223,22.412,73.094,Copernicus S5P TROPOMI & CAMS Multi-Sensor Assimilation,0.18,0.85,0.1429,0.125,-0.2444,15.0,FAC_VAD_01,Apex PetroChem & Polymers Ltd,"Utility Steam Boiler, Thermic Heater, DG Set & Distillation",8432.0,616.2,0.0,53.6,61.1,0.2037,0.0509,24.0,FACTORY_OPERATIONAL_DATA,14.902,0.278,11.496,3.8,25.0,1.251,5.132,6.383,0.1191,25,1,2024,3,0.5,0.866,0.4339,-0.901,20.037,24.067,7.933,505.542,30.658,14.346,15.443,8.094,31.033,26.1
2024-01-26,22.4125,73.0944,20.2,48,0.0,1012.8,2.97,41,-1.95,-2.243,ERA5 Reanalysis (Open-Meteo Historical Archive),41.304,27.142,15.938,8.0,397.542,74.417,0.188,22.412,73.094,Copernicus S5P TROPOMI & CAMS Multi-Sensor Assimilation,0.18,0.85,0.1429,0.125,-0.2444,15.0,FAC_VAD_01,Apex PetroChem & Polymers Ltd,"Utility Steam Boiler, Thermic Heater, DG Set & Distillation",7755.0,578.0,0.0,51.4,58.6,0.1953,0.048799999999999996,24.0,FACTORY_OPERATIONAL_DATA,13.824,0.2689,11.245,3.8,25.0,1.173,4.72,5.893,0.1146,26,1,2024,4,0.5,0.866,-0.4339,-0.901,20.375,8.833,7.988,492.458,31.917,15.361,15.289,8.067,29.651,22.5
2024-01-27,22.4125,73.0944,21.1,51,0.0,1012.5,3.22,53,-2.573,-1.939,ERA5 Reanalysis (Open-Meteo Historical Archive),51.158,33.304,16.0,10.317,427.625,82.292,0.295,22.412,73.094,Copernicus S5P TROPOMI & CAMS Multi-Sensor Assimilation,0.18,0.85,0.1429,0.125,-0.2444,15.0,FAC_VAD_01,Apex PetroChem & Polymers Ltd,"Utility Steam Boiler, Thermic Heater, DG Set & Distillation",6802.0,513.5,0.0,43.8,49.9,0.1664,0.0416,24.0,FACTORY_OPERATIONAL_DATA,12.194,0.2784,11.724,3.8,25.0,1.042,4.14,5.182,0.1183,27,1,2024,5,0.5,0.866,-0.9749,-0.2225,15.938,11.146,8.0,397.542,27.142,16.054,15.426,8.35,30.294,26.4
2024-01-28,22.4125,73.0944,21.2,56,0.0,1011.3,3.03,11,-0.578,-2.972,ERA5 Reanalysis (Open-Meteo Historical Archive),60.567,39.446,20.333,13.742,505.5,83.75,0.302,22.412,73.094,Copernicus S5P TROPOMI & CAMS Multi-Sensor Assimilation,0.18,0.85,0.1429,0.125,-0.2444,15.0,FAC_VAD_01,Apex PetroChem & Polymers Ltd,"Utility Steam Boiler, Thermic Heater, DG Set & Distillation",4648.0,315.0,40.4,29.5,33.0,0.1062,0.0297,18.0,FACTORY_OPERATIONAL_DATA,8.36,0.2834,10.678,3.6,28.0,0.748,2.829,3.577,0.1213,28,1,2024,6,0.5,0.866,-0.7818,0.6235,16.0,11.458,10.317,427.625,33.304,17.322,15.408,8.946,31.099,33.0
2024-01-29,22.4125,73.0944,20.9,56,0.0,1011.6,2.53,337,0.988,-2.327,ERA5 Reanalysis (Open-Meteo Historical Archive),64.108,41.629,21.0,12.746,558.667,80.917,0.309,22.412,73.094,Copernicus S5P TROPOMI & CAMS Multi-Sensor Assimilation,0.18,0.85,0.1429,0.125,-0.2444,15.0,FAC_VAD_01,Apex PetroChem & Polymers Ltd,"Utility Steam Boiler, Thermic Heater, DG Set & Distillation",7382.0,552.9,0.0,46.3,52.8,0.1759,0.044,24.0,FACTORY_OPERATIONAL_DATA,13.187,0.2848,11.942,3.8,25.0,1.122,4.493,5.615,0.1213,29,1,2024,0,0.5,0.866,0.0,1.0,20.333,12.429,13.742,505.5,39.446,18.546,15.499,9.663,32.849,33.3
2024-01-30,22.4125,73.0944,21.4,58,0.0,1010.3,2.47,22,-0.926,-2.292,ERA5 Reanalysis (Open-Meteo Historical Archive),79.325,49.912,25.404,11.242,665.875,73.167,0.314,22.412,73.094,Copernicus S5P TROPOMI & CAMS Multi-Sensor Assimilation,0.18,0.85,0.1429,0.125,-0.2444,15.0,FAC_VAD_01,Apex PetroChem & Polymers Ltd,"Utility Steam Boiler, Thermic Heater, DG Set & Distillation",7531.0,595.8,42.7,46.5,53.0,0.1767,0.0442,24.0,FACTORY_OPERATIONAL_DATA,14.214,0.3057,12.813,3.8,25.0,1.324,4.583,5.907,0.127,30,1,2024,1,0.5,0.866,0.7818,0.6235,21.0,16.142,12.746,558.667,41.629,19.87,15.799,10.281,36.287,37.0
2024-01-31,22.4125,73.0944,21.9,57,0.0,1009.5,2.5,22,-0.937,-2.318,ERA5 Reanalysis (Open-Meteo Historical Archive),82.5,48.004,28.875,13.929,689.167,71.375,0.335,22.412,73.094,Copernicus S5P TROPOMI & CAMS Multi-Sensor Assimilation,0.18,0.85,0.1429,0.125,-0.2444,15.0,FAC_VAD_01,Apex PetroChem & Polymers Ltd,"Utility Steam Boiler, Thermic Heater, DG Set & Distillation",7499.0,530.4,0.0,48.7,55.5,0.1851,0.046299999999999994,24.0,FACTORY_OPERATIONAL_DATA,13.068,0.2683,10.891,3.8,25.0,1.077,4.564,5.641,0.1158,31,1,2024,2,0.5,0.866,0.9749,-0.2225,25.404,20.037,11.242,665.875,49.912,21.132,16.21,11.138,38.765,39.9
2024-02-01,22.4125,73.0944,23.0,59,0.0,1009.9,3.19,275,3.182,-0.278,ERA5 Reanalysis (Open-Meteo Historical Archive),81.008,44.792,37.883,14.829,741.542,51.167,0.286,22.412,73.094,Copernicus S5P TROPOMI & CAMS Multi-Sensor Assimilation,0.18,0.85,0.1429,0.125,-0.2444,15.0,FAC_VAD_01,Apex PetroChem & Polymers Ltd,"Utility Steam Boiler, Thermic Heater, DG Set & Distillation",7131.0,584.0,0.0,47.3,53.9,0.1797,0.044899999999999995,24.0,FACTORY_OPERATIONAL_DATA,13.263,0.2804,12.347,3.8,25.0,1.186,4.34,5.526,0.1168,1,2,2024,3,0.866,0.5,0.4339,-0.901,28.875,20.375,13.929,689.167,48.004,23.633,17.037,12.115,40.604,43.4
2024-02-02,22.4125,73.0944,22.7,61,0.0,1011.3,2.39,7,-0.291,-2.371,ERA5 Reanalysis (Open-Meteo Historical Archive),63.538,36.467,31.921,12.796,686.292,55.583,0.209,22.412,73.094,Copernicus S5P TROPOMI & CAMS Multi-Sensor Assimilation,0.18,0.85,0.1429,0.125,-0.2444,15.0,FAC_VAD_01,Apex PetroChem & Polymers Ltd,"Utility Steam Boiler, Thermic Heater, DG Set & Distillation",7340.0,583.8,8.0,50.6,57.7,0.1923,0.048100000000000004,24.0,FACTORY_OPERATIONAL_DATA,13.55,0.2678,11.538,3.8,25.0,1.207,4.467,5.674,0.1121,2,2,2024,4,0.866,0.5,-0.4339,-0.901,37.883,15.938,14.829,741.542,44.792,25.917,17.689,12.8,41.936,36.3
2024-02-03,22.4125,73.0944,23.9,55,0.0,1010.9,2.28,73,-2.178,-0.666,ERA5 Reanalysis (Open-Meteo Historical Archive),49.942,28.963,19.812,8.221,464.583,69.625,0.292,22.412,73.094,Copernicus S5P TROPOMI & CAMS Multi-Sensor Assimilation,0.18,0.85,0.1429,0.125,-0.2444,15.0,FAC_VAD_01,Apex PetroChem & Polymers Ltd,"Utility Steam Boiler, Thermic Heater, DG Set & Distillation",5639.0,395.8,0.0,33.6,38.3,0.1277,0.0319,24.0,FACTORY_OPERATIONAL_DATA,9.795,0.2915,11.78,3.8,25.0,0.803,3.432,4.235,0.126,3,2,2024,5,0.866,0.5,-0.9749,-0.2225,31.921,16.0,12.796,686.292,36.467,26.461,18.062,12.501,41.316,25.0
2024-02-04,22.4125,73.0944,24.9,54,0.0,1010.7,2.97,224,2.065,2.138,ERA5 Reanalysis (Open-Meteo Historical Archive),57.938,29.304,19.004,13.854,487.5,79.167,0.321,22.412,73.094,Copernicus S5P TROPOMI & CAMS Multi-Sensor Assimilation,0.18,0.85,0.1429,0.125,-0.2444,15.0,FAC_VAD_01,Apex PetroChem & Polymers Ltd,"Utility Steam Boiler, Thermic Heater, DG Set & Distillation",5668.0,444.0,5.8,38.6,43.2,0.139,0.0389,18.0,FACTORY_OPERATIONAL_DATA,10.388,0.2691,11.503,3.6,28.0,0.917,3.45,4.367,0.1131,4,2,2024,6,0.866,0.5,-0.7818,0.6235,19.812,20.333,8.221,464.583,28.963,26.271,18.386,12.517,39.867,29.0
2024-02-05,22.4125,73.0944,24.2,60,0.0,1010.9,3.0,337,1.172,-2.762,ERA5 Reanalysis (Open-Meteo Historical Archive),76.804,33.654,22.267,11.212,490.042,58.875,0.258,22.412,73.094,Copernicus S5P TROPOMI & CAMS Multi-Sensor Assimilation,0.18,0.85,0.1429,0.125,-0.2444,15.0,FAC_VAD_01,Apex PetroChem & Polymers Ltd,"Utility Steam Boiler, Thermic Heater, DG Set & Distillation",6828.0,520.7,0.0,42.5,48.4,0.1615,0.0404,24.0,FACTORY_OPERATIONAL_DATA,12.295,0.2893,12.252,3.8,25.0,1.057,4.156,5.213,0.1227,5,2,2024,0,0.866,0.5,0.0,1.0,19.004,21.0,13.854,487.5,29.304,26.452,18.863,12.298,38.728,29.9
2024-02-06,22.4125,73.0944,24.3,61,0.0,1011.3,2.22,15,-0.575,-2.147,ERA5 Reanalysis (Open-Meteo Historical Archive),82.583,33.367,14.842,9.458,378.5,72.333,0.33,22.412,73.094,Copernicus S5P TROPOMI & CAMS Multi-Sensor Assimilation,0.18,0.85,0.1429,0.125,-0.2444,15.0,FAC_VAD_01,Apex PetroChem & Polymers Ltd,"Utility Steam Boiler, Thermic Heater, DG Set & Distillation",6658.0,486.3,30.2,43.1,49.1,0.1638,0.041,24.0,FACTORY_OPERATIONAL_DATA,12.066,0.28,11.283,3.8,25.0,1.068,4.052,5.12,0.1188,6,2,2024,1,0.866,0.5,0.7818,0.6235,22.267,25.404,11.212,490.042,33.654,24.943,19.102,12.043,36.364,25.3
2024-02-07,22.4125,73.0944,23.8,58,0.0,1012.5,3.97,10,-0.69,-3.912,ERA5 Reanalysis (Open-Meteo Historical Archive),78.279,33.887,16.992,10.454,444.167,74.625,0.358,22.412,73.094,Copernicus S5P TROPOMI & CAMS Multi-Sensor Assimilation,0.18,0.85,0.1429,0.125,-0.2444,15.0,FAC_VAD_01,Apex PetroChem & Polymers Ltd,"Utility Steam Boiler, Thermic Heater, DG Set & Distillation",7599.0,545.8,0.0,46.9,53.5,0.1782,0.0445,24.0,FACTORY_OPERATIONAL_DATA,13.33,0.2842,11.638,3.8,25.0,1.108,4.625,5.733,0.1222,7,2,2024,2,0.866,0.5,0.9749,-0.2225,14.842,28.875,9.458,378.5,33.367,23.246,19.369,11.546,34.348,27.1
2024-02-08,22.4125,73.0944,23.2,45,0.0,1012.9,5.25,38,-3.232,-4.137,ERA5 Reanalysis (Open-Meteo Historical Archive),57.829,33.558,9.171,9.958,351.0,86.0,0.367,22.412,73.094,Copernicus S5P TROPOMI & CAMS Multi-Sensor Assimilation,0.18,0.85,0.1429,0.125,-0.2444,15.0,FAC_VAD_01,Apex PetroChem & Polymers Ltd,"Utility Steam Boiler, Thermic Heater, DG Set & Distillation",6554.0,546.5,0.0,47.9,54.6,0.182,0.0455,24.0,FACTORY_OPERATIONAL_DATA,12.292,0.2566,11.409,3.8,25.0,1.109,3.989,5.098,0.1064,8,2,2024,3,0.866,0.5,0.4339,-0.901,16.992,37.883,10.454,444.167,33.887,19.144,19.399,10.85,32.743,23.2
2024-02-09,22.4125,73.0944,22.2,40,0.0,1011.3,3.56,25,-1.503,-3.222,ERA5 Reanalysis (Open-Meteo Historical Archive),30.283,19.012,9.133,6.854,328.458,89.708,0.24,22.412,73.094,Copernicus S5P TROPOMI & CAMS Multi-Sensor Assimilation,0.18,0.85,0.1429,0.125,-0.2444,15.0,FAC_VAD_01,Apex PetroChem & Polymers Ltd,"Utility Steam Boiler, Thermic Heater, DG Set & Distillation",7991.0,624.5,0.0,52.4,59.7,0.1991,0.0498,24.0,FACTORY_OPERATIONAL_DATA,14.548,0.2776,11.918,3.8,25.0,1.268,4.863,6.131,0.117,9,2,2024,4,0.866,0.5,-0.4339,-0.901,9.171,31.921,9.958,351.0,33.558,15.889,19.43,10.002,30.249,15.8
2024-02-10,22.4125,73.0944,22.5,39,0.0,1011.9,4.03,21,-1.443,-3.76,ERA5 Reanalysis (Open-Meteo Historical Archive),30.012,20.104,9.021,7.9,335.0,90.5,0.224,22.412,73.094,Copernicus S5P TROPOMI & CAMS Multi-Sensor Assimilation,0.18,0.85,0.1429,0.125,-0.2444,15.0,FAC_VAD_01,Apex PetroChem & Polymers Ltd,"Utility Steam Boiler, Thermic Heater, DG Set & Distillation",6349.0,461.1,79.2,40.2,45.8,0.15280000000000002,0.038200000000000005,24.0,FACTORY_OPERATIONAL_DATA,11.983,0.2981,11.47,3.8,25.0,1.148,3.864,5.012,0.1247,10,2,2024,5,0.866,0.5,-0.9749,-0.2225,9.133,19.812,6.854,328.458,19.012,14.347,19.423,9.956,28.984,16.9
2024-02-11,22.4125,73.0944,23.0,42,0.0,1012.1,4.14,27,-1.879,-3.688,ERA5 Reanalysis (Open-Meteo Historical Archive),40.912,27.412,8.796,8.717,342.583,96.542,0.3,22.412,73.094,Copernicus S5P TROPOMI & CAMS Multi-Sensor Assimilation,0.18,0.85,0.1429,0.125,-0.2444,15.0,FAC_VAD_01,Apex PetroChem & Polymers Ltd,"Utility Steam Boiler, Thermic Heater, DG Set & Distillation",4343.0,343.0,37.5,30.0,33.6,0.108,0.030199999999999998,18.0,FACTORY_OPERATIONAL_DATA,8.32,0.2773,11.433,3.6,28.0,0.797,2.643,3.44,0.1147,11,2,2024,6,0.866,0.5,-0.7818,0.6235,9.021,19.004,7.9,335.0,20.104,12.889,19.355,9.222,28.713,20.0
2024-02-12,22.4125,73.0944,23.0,44,0.0,1010.9,3.56,5,-0.31,-3.542,ERA5 Reanalysis (Open-Meteo Historical Archive),62.625,41.612,12.046,10.496,426.667,97.708,0.465,22.412,73.094,Copernicus S5P TROPOMI & CAMS Multi-Sensor Assimilation,0.18,0.85,0.1429,0.125,-0.2444,15.0,FAC_VAD_01,Apex PetroChem & Polymers Ltd,"Utility Steam Boiler, Thermic Heater, DG Set & Distillation",6560.0,511.3,0.0,44.0,50.2,0.1672,0.0418,24.0,FACTORY_OPERATIONAL_DATA,11.929,0.2711,11.62,3.8,25.0,1.038,3.992,5.03,0.1143,12,2,2024,0,0.866,0.5,0.0,1.0,8.796,22.267,8.717,342.583,27.412,11.429,19.202,9.12,29.85,27.7
2024-02-13,22.4125,73.0944,23.1,49,0.0,1010.9,3.19,350,0.555,-3.146,ERA5 Reanalysis (Open-Meteo Historical Archive),91.788,60.971,13.675,11.979,510.708,86.875,0.717,22.412,73.094,Copernicus S5P TROPOMI & CAMS Multi-Sensor Assimilation,0.18,0.85,0.1429,0.125,-0.2444,15.0,FAC_VAD_01,Apex PetroChem & Polymers Ltd,"Utility Steam Boiler, Thermic Heater, DG Set & Distillation",7230.0,539.6,0.0,45.3,51.6,0.1721,0.043,24.0,FACTORY_OPERATIONAL_DATA,12.896,0.2847,11.912,3.8,25.0,1.095,4.4,5.495,0.1213,13,2,2024,1,0.866,0.5,0.7818,0.6235,12.046,14.842,10.496,426.667,41.612,11.262,18.759,9.48,33.794,36.3
2024-02-14,22.4125,73.0944,23.7,43,0.0,1011.1,3.0,346,0.726,-2.911,ERA5 Reanalysis (Open-Meteo Historical Archive),72.95,49.121,13.379,10.025,503.0,90.208,0.495,22.412,73.094,Copernicus S5P TROPOMI & CAMS Multi-Sensor Assimilation,0.18,0.85,0.1429,0.125,-0.2444,15.0,FAC_VAD_01,Apex PetroChem & Polymers Ltd,"Utility Steam Boiler, Thermic Heater, DG Set & Distillation",7182.0,552.5,58.2,46.5,53.0,0.1767,0.0442,24.0,FACTORY_OPERATIONAL_DATA,13.565,0.2917,11.882,3.8,25.0,1.278,4.371,5.649,0.1215,14,2,2024,2,0.866,0.5,0.9749,-0.2225,13.675,16.992,11.979,510.708,60.971,10.746,18.229,9.418,35.97,30.6
2024-02-15,22.4125,73.0944,24.7,47,0.0,1010.5,4.08,46,-2.937,-2.837,ERA5 Reanalysis (Open-Meteo Historical Archive),82.925,53.025,8.929,8.1,414.208,90.083,0.591,22.412,73.094,Copernicus S5P TROPOMI & CAMS Multi-Sensor Assimilation,0.18,0.85,0.1429,0.125,-0.2444,15.0,FAC_VAD_01,Apex PetroChem & Polymers Ltd,"Utility Steam Boiler, Thermic Heater, DG Set & Distillation",8662.0,642.1,0.0,57.1,65.1,0.217,0.054200000000000005,24.0,FACTORY_OPERATIONAL_DATA,15.404,0.2698,11.245,3.8,25.0,1.303,5.272,6.575,0.1151,15,2,2024,3,0.866,0.5,0.4339,-0.901,13.379,9.171,10.025,503.0,49.121,10.711,17.552,9.153,38.751,28.5
2024-02-16,22.4125,73.0944,26.7,43,0.0,1010.4,4.44,43,-3.031,-3.25,ERA5 Reanalysis (Open-Meteo Historical Archive),74.875,49.333,8.379,8.242,402.083,91.792,0.545,22.412,73.094,Copernicus S5P TROPOMI & CAMS Multi-Sensor Assimilation,0.18,0.85,0.1429,0.125,-0.2444,15.0,FAC_VAD_01,Apex PetroChem & Polymers Ltd,"Utility Steam Boiler, Thermic Heater, DG Set & Distillation",6922.0,615.0,0.0,50.2,57.2,0.19080000000000003,0.047700000000000006,24.0,FACTORY_OPERATIONAL_DATA,13.38,0.2665,12.251,3.8,25.0,1.248,4.213,5.461,0.1088,16,2,2024,4,0.866,0.5,-0.4339,-0.901,8.929,9.133,8.1,414.208,53.025,10.604,16.91,9.351,43.083,27.1
2024-02-17,22.4125,73.0944,27.4,41,0.0,1008.1,3.89,23,-1.52,-3.58,ERA5 Reanalysis (Open-Meteo Historical Archive),60.304,40.067,10.833,9.683,423.458,87.5,0.482,22.412,73.094,Copernicus S5P TROPOMI & CAMS Multi-Sensor Assimilation,0.18,0.85,0.1429,0.125,-0.2444,15.0,FAC_VAD_01,Apex PetroChem & Polymers Ltd,"Utility Steam Boiler, Thermic Heater, DG Set & Distillation",6558.0,489.6,0.0,43.0,49.0,0.16340000000000002,0.0409,24.0,FACTORY_OPERATIONAL_DATA,11.699,0.2721,11.386,3.8,25.0,0.994,3.991,4.985,0.1159,17,2,2024,5,0.866,0.5,-0.9749,-0.2225,8.379,9.021,8.242,402.083,49.333,10.862,16.468,9.606,45.934,26.0
2024-02-18,22.4125,73.0944,26.4,36,0.0,1006.4,5.0,236,4.145,2.796,ERA5 Reanalysis (Open-Meteo Historical Archive),53.371,35.788,22.404,10.0,534.208,74.5,0.352,22.412,73.094,Copernicus S5P TROPOMI & CAMS Multi-Sensor Assimilation,0.18,0.85,0.1429,0.125,-0.2444,15.0,FAC_VAD_01,Apex PetroChem & Polymers Ltd,"Utility Steam Boiler, Thermic Heater, DG Set & Distillation",4844.0,404.8,7.2,34.3,38.4,0.1235,0.0346,18.0,FACTORY_OPERATIONAL_DATA,9.166,0.2672,11.802,3.6,28.0,0.841,2.948,3.789,0.1105,18,2,2024,6,0.866,0.5,-0.7818,0.6235,10.833,8.796,9.683,423.458,40.067,12.806,16.921,9.789,47.131,29.8
2024-02-19,22.4125,73.0944,26.6,38,0.0,1006.7,5.86,235,4.801,3.362,ERA5 Reanalysis (Open-Meteo Historical Archive),40.729,27.596,29.229,9.796,584.458,45.25,0.15,22.412,73.094,Copernicus S5P TROPOMI & CAMS Multi-Sensor Assimilation,0.18,0.85,0.1429,0.125,-0.2444,15.0,FAC_VAD_01,Apex PetroChem & Polymers Ltd,"Utility Steam Boiler, Thermic Heater, DG Set & Distillation",6457.0,548.2,0.0,44.0,50.2,0.1672,0.0418,24.0,FACTORY_OPERATIONAL_DATA,12.213,0.2776,12.459,3.8,25.0,1.113,3.93,5.043,0.1146,19,2,2024,0,0.866,0.5,0.0,1.0,22.404,12.046,10.0,534.208,35.788,15.261,17.524,9.689,45.129,29.8
2024-02-20,22.4125,73.0944,25.6,45,0.0,1007.4,3.86,241,3.377,1.872,ERA5 Reanalysis (Open-Meteo Historical Archive),34.838,21.317,21.192,10.263,420.75,54.042,0.163,22.412,73.094,Copernicus S5P TROPOMI & CAMS Multi-Sensor Assimilation,0.18,0.85,0.1429,0.125,-0.2444,15.0,FAC_VAD_01,Apex PetroChem & Polymers Ltd,"Utility Steam Boiler, Thermic Heater, DG Set & Distillation",7452.0,579.0,0.0,49.6,56.5,0.1885,0.0471,24.0,FACTORY_OPERATIONAL_DATA,13.532,0.2728,11.673,3.8,25.0,1.175,4.535,5.71,0.1151,20,2,2024,1,0.866,0.5,0.7818,0.6235,29.229,13.675,9.796,584.458,27.596,16.335,17.848,9.444,39.464,24.4
2024-02-21,22.4125,73.0944,25.2,62,0.1,1006.7,5.03,261,4.966,0.787,ERA5 Reanalysis (Open-Meteo Historical Archive),55.592,21.183,15.842,9.483,331.917,63.583,0.264,22.412,73.094,Copernicus S5P TROPOMI & CAMS Multi-Sensor Assimilation,0.18,0.85,0.1429,0.125,-0.2444,15.0,FAC_VAD_01,Apex PetroChem & Polymers Ltd,"Utility Steam Boiler, Thermic Heater, DG Set & Distillation",5890.0,472.8,0.0,40.2,45.8,0.15280000000000002,0.038200000000000005,24.0,FACTORY_OPERATIONAL_DATA,10.854,0.27,11.761,3.8,25.0,0.96,3.585,4.545,0.1131,21,2,2024,2,0.866,0.5,0.9749,-0.2225,21.192,13.379,10.263,420.75,21.317,16.687,17.962,9.367,35.473,21.5
2024-02-22,22.4125,73.0944,24.5,60,0.0,1007.6,5.14,267,5.132,0.269,ERA5 Reanalysis (Open-Meteo Historical Archive),49.729,18.875,15.117,10.967,321.833,69.875,0.262,22.412,73.094,Copernicus S5P TROPOMI & CAMS Multi-Sensor Assimilation,0.18,0.85,0.1429,0.125,-0.2444,15.0,FAC_VAD_01,Apex PetroChem & Polymers Ltd,"Utility Steam Boiler, Thermic Heater, DG Set & Distillation",7249.0,635.6,0.0,47.1,53.7,0.179,0.0448,24.0,FACTORY_OPERATIONAL_DATA,13.923,0.2956,13.495,3.8,25.0,1.29,4.412,5.702,0.1211,22,2,2024,3,0.866,0.5,0.4339,-0.901,15.842,8.929,9.483,331.917,21.183,17.571,17.928,9.776,30.594,21.4
2024-02-23,22.4125,73.0944,23.1,44,0.0,1008.7,2.97,343,0.869,-2.842,ERA5 Reanalysis (Open-Meteo Historical Archive),45.758,24.575,20.2,7.971,467.917,72.958,0.123,22.412,73.094,Copernicus S5P TROPOMI & CAMS Multi-Sensor Assimilation,0.18,0.85,0.1429,0.125,-0.2444,15.0,FAC_VAD_01,Apex PetroChem & Polymers Ltd,"Utility Steam Boiler, Thermic Heater, DG Set & Distillation",6548.0,554.3,0.0,44.2,50.4,0.168,0.042,24.0,FACTORY_OPERATIONAL_DATA,12.368,0.2798,12.541,3.8,25.0,1.125,3.985,5.11,0.1156,23,2,2024,4,0.866,0.5,-0.4339,-0.901,15.117,8.379,10.967,321.833,18.875,19.26,17.933,9.738,27.057,23.4
2024-02-24,22.4125,73.0944,22.4,22,0.0,1008.9,3.61,348,0.751,-3.532,ERA5 Reanalysis (Open-Meteo Historical Archive),36.771,20.179,18.838,7.854,449.917,80.708,0.094,22.412,73.094,Copernicus S5P TROPOMI & CAMS Multi-Sensor Assimilation,0.18,0.85,0.1429,0.125,-0.2444,15.0,FAC_VAD_01,Apex PetroChem & Polymers Ltd,"Utility Steam Boiler, Thermic Heater, DG Set & Distillation",7663.0,537.5,0.0,48.6,55.4,0.18469999999999998,0.046200000000000005,24.0,FACTORY_OPERATIONAL_DATA,13.307,0.2738,11.06,3.8,25.0,1.091,4.664,5.755,0.1184,24,2,2024,5,0.866,0.5,-0.9749,-0.2225,20.2,10.833,7.971,467.917,24.575,20.403,17.882,9.476,24.216,21.2
2024-02-25,22.4125,73.0944,23.1,22,0.0,1008.4,5.42,28,-2.543,-4.783,ERA5 Reanalysis (Open-Meteo Historical Archive),25.938,15.138,9.95,5.479,308.75,90.375,0.106,22.412,73.094,Copernicus S5P TROPOMI & CAMS Multi-Sensor Assimilation,0.18,0.85,0.1429,0.125,-0.2444,15.0,FAC_VAD_01,Apex PetroChem & Polymers Ltd,"Utility Steam Boiler, Thermic Heater, DG Set & Distillation",4791.0,379.6,20.2,32.3,36.2,0.1163,0.032600000000000004,18.0,FACTORY_OPERATIONAL_DATA,8.979,0.278,11.752,3.6,28.0,0.825,2.916,3.741,0.1158,25,2,2024,6,0.866,0.5,-0.7818,0.6235,18.838,22.404,7.854,449.917,20.179,18.624,17.682,8.83,21.266,13.8
2024-02-26,22.4125,73.0944,25.8,35,0.0,1006.7,4.19,44,-2.914,-3.017,ERA5 Reanalysis (Open-Meteo Historical Archive),50.004,32.65,11.175,9.042,371.875,94.625,0.284,22.412,73.094,Copernicus S5P TROPOMI & CAMS Multi-Sensor Assimilation,0.18,0.85,0.1429,0.125,-0.2444,15.0,FAC_VAD_01,Apex PetroChem & Polymers Ltd,"Utility Steam Boiler, Thermic Heater, DG Set & Distillation",7487.0,591.3,0.0,48.3,55.1,0.1835,0.045899999999999996,24.0,FACTORY_OPERATIONAL_DATA,13.696,0.2836,12.242,3.8,25.0,1.2,4.557,5.757,0.1192,26,2,2024,0,0.866,0.5,0.0,1.0,9.95,29.229,5.479,308.75,15.138,16.045,17.521,8.723,21.988,23.1
2024-02-27,22.4125,73.0944,27.3,41,0.0,1007.3,3.53,1,-0.062,-3.527,ERA5 Reanalysis (Open-Meteo Historical Archive),74.375,48.954,13.475,12.025,464.5,98.75,0.438,22.412,73.094,Copernicus S5P TROPOMI & CAMS Multi-Sensor Assimilation,0.18,0.85,0.1429,0.125,-0.2444,15.0,FAC_VAD_01,Apex PetroChem & Polymers Ltd,"Utility Steam Boiler, Thermic Heater, DG Set & Distillation",6529.0,537.7,0.0,43.8,49.9,0.1664,0.0416,24.0,FACTORY_OPERATIONAL_DATA,12.175,0.278,12.276,3.8,25.0,1.092,3.974,5.066,0.1157,27,2,2024,1,0.866,0.5,0.7818,0.6235,11.175,21.192,9.042,371.875,32.65,14.942,17.293,8.974,25.936,32.0
2024-02-28,22.4125,73.0944,27.3,41,0.0,1007.7,3.69,29,-1.791,-3.231,ERA5 Reanalysis (Open-Meteo Historical Archive),53.712,35.217,10.767,8.425,418.542,92.042,0.38,22.412,73.094,Copernicus S5P TROPOMI & CAMS Multi-Sensor Assimilation,0.18,0.85,0.1429,0.125,-0.2444,15.0,FAC_VAD_01,Apex PetroChem & Polymers Ltd,"Utility Steam Boiler, Thermic Heater, DG Set & Distillation",6751.0,536.2,0.0,46.3,52.8,0.1759,0.044,24.0,FACTORY_OPERATIONAL_DATA,12.381,0.2674,11.581,3.8,25.0,1.088,4.109,5.197,0.1122,28,2,2024,2,0.866,0.5,0.9749,-0.2225,13.475,15.842,12.025,464.5,48.954,14.217,16.952,8.823,27.941,23.4
2024-02-29,22.4125,73.0944,28.7,36,0.0,1006.3,3.42,41,-2.242,-2.579,ERA5 Reanalysis (Open-Meteo Historical Archive),50.329,29.746,15.812,8.796,461.917,94.75,0.32,22.412,73.094,Copernicus S5P TROPOMI & CAMS Multi-Sensor Assimilation,0.18,0.85,0.1429,0.125,-0.2444,15.0,FAC_VAD_01,Apex PetroChem & Polymers Ltd,"Utility Steam Boiler, Thermic Heater, DG Set & Distillation",7676.0,572.8,0.0,50.1,57.1,0.1904,0.0476,24.0,FACTORY_OPERATIONAL_DATA,13.69,0.2733,11.433,3.8,25.0,1.163,4.672,5.835,0.1165,29,2,2024,3,0.866,0.5,0.4339,-0.901,10.767,15.117,8.425,418.542,35.217,14.317,16.632,8.513,29.494,23.9
2024-03-01,22.4125,73.0944,29.0,38,0.0,1006.3,6.31,206,2.764,5.667,ERA5 Reanalysis (Open-Meteo Historical Archive),62.392,39.833,14.912,16.179,508.0,96.5,0.4,22.412,73.094,Copernicus S5P TROPOMI & CAMS Multi-Sensor Assimilation,0.18,0.85,0.1429,0.125,-0.2444,15.0,FAC_VAD_01,Apex PetroChem & Polymers Ltd,"Utility Steam Boiler, Thermic Heater, DG Set & Distillation",7287.0,602.9,0.0,48.1,54.8,0.18280000000000002,0.045700000000000005,24.0,FACTORY_OPERATIONAL_DATA,13.617,0.2831,12.534,3.8,25.0,1.224,4.435,5.659,0.1177,1,3,2024,4,1.0,0.0,-0.4339,-0.901,15.812,20.2,8.796,461.917,29.746,13.561,16.167,9.686,31.674,32.6
2024-03-02,22.4125,73.0944,26.1,62,0.6,1006.4,6.72,257,6.55,1.512,ERA5 Reanalysis (Open-Meteo Historical Archive),36.533,21.721,10.962,7.779,296.333,66.25,0.331,22.412,73.094,Copernicus S5P TROPOMI & CAMS Multi-Sensor Assimilation,0.18,0.85,0.1429,0.125,-0.2444,15.0,FAC_VAD_01,Apex PetroChem & Polymers Ltd,"Utility Steam Boiler, Thermic Heater, DG Set & Distillation",8075.0,622.3,203.0,50.3,57.3,0.1911,0.047799999999999995,24.0,FACTORY_OPERATIONAL_DATA,16.639,0.3308,12.372,3.8,25.0,1.807,4.914,6.721,0.1336,2,3,2024,5,1.0,0.0,-0.9749,-0.2225,14.912,18.838,16.179,508.0,39.833,12.436,15.269,9.675,31.894,18.2
2024-03-03,22.4125,73.0944,21.7,40,0.0,1008.5,4.28,291,3.994,-1.533,ERA5 Reanalysis (Open-Meteo Historical Archive),32.1,15.425,12.433,9.992,287.75,85.625,0.142,22.412,73.094,Copernicus S5P TROPOMI & CAMS Multi-Sensor Assimilation,0.18,0.85,0.1429,0.125,-0.2444,15.0,FAC_VAD_01,Apex PetroChem & Polymers Ltd,"Utility Steam Boiler, Thermic Heater, DG Set & Distillation",4386.0,334.4,30.0,30.2,33.8,0.1087,0.0304,18.0,FACTORY_OPERATIONAL_DATA,8.197,0.2714,11.073,3.6,28.0,0.759,2.669,3.428,0.1135,3,3,2024,6,1.0,0.0,-0.7818,0.6235,10.962,9.95,7.779,296.333,21.721,12.791,14.62,10.32,31.935,18.3
2024-03-04,22.4125,73.0944,21.0,36,0.0,1009.8,3.28,17,-0.958,-3.135,ERA5 Reanalysis (Open-Meteo Historical Archive),42.296,23.371,17.213,10.904,411.458,84.375,0.085,22.412,73.094,Copernicus S5P TROPOMI & CAMS Multi-Sensor Assimilation,0.18,0.85,0.1429,0.125,-0.2444,15.0,FAC_VAD_01,Apex PetroChem & Polymers Ltd,"Utility Steam Boiler, Thermic Heater, DG Set & Distillation",7196.0,565.6,124.9,46.7,53.2,0.1775,0.0444,24.0,FACTORY_OPERATIONAL_DATA,14.384,0.308,12.111,3.8,25.0,1.483,4.379,5.862,0.1255,4,3,2024,0,1.0,0.0,0.0,1.0,12.433,11.175,9.992,287.75,15.425,13.653,14.533,10.586,30.61,23.9
2024-03-05,22.4125,73.0944,22.1,32,0.0,1009.1,3.19,6,-0.334,-3.177,ERA5 Reanalysis (Open-Meteo Historical Archive),32.446,21.554,13.658,9.158,399.375,89.583,0.108,22.412,73.094,Copernicus S5P TROPOMI & CAMS Multi-Sensor Assimilation,0.18,0.85,0.1429,0.125,-0.2444,15.0,FAC_VAD_01,Apex PetroChem & Polymers Ltd,"Utility Steam Boiler, Thermic Heater, DG Set & Distillation",7605.0,579.1,0.0,49.7,56.7,0.1889,0.047200000000000006,24.0,FACTORY_OPERATIONAL_DATA,13.686,0.2754,11.652,3.8,25.0,1.176,4.628,5.804,0.1168,5,3,2024,1,1.0,0.0,0.7818,0.6235,17.213,13.475,10.904,411.458,23.371,13.68,14.355,10.176,26.695,20.4
2024-03-06,22.4125,73.0944,23.4,37,0.0,1008.2,3.61,347,0.812,-3.519,ERA5 Reanalysis (Open-Meteo Historical Archive),36.533,24.971,16.371,12.208,447.417,91.792,0.186,22.412,73.094,Copernicus S5P TROPOMI & CAMS Multi-Sensor Assimilation,0.18,0.85,0.1429,0.125,-0.2444,15.0,FAC_VAD_01,Apex PetroChem & Polymers Ltd,"Utility Steam Boiler, Thermic Heater, DG Set & Distillation",7713.0,636.7,0.0,54.6,62.2,0.2075,0.0519,24.0,FACTORY_OPERATIONAL_DATA,14.398,0.2637,11.661,3.8,25.0,1.293,4.694,5.987,0.1097,6,3,2024,2,1.0,0.0,0.9749,-0.2225,13.658,10.767,9.158,399.375,21.554,14.48,14.158,10.717,25.232,25.1
2024-03-07,22.4125,73.0944,24.5,33,0.0,1008.1,3.0,345,0.776,-2.898,ERA5 Reanalysis (Open-Meteo Historical Archive),48.1,24.092,16.333,10.108,427.417,88.667,0.207,22.412,73.094,Copernicus S5P TROPOMI & CAMS Multi-Sensor Assimilation,0.18,0.85,0.1429,0.125,-0.2444,15.0,FAC_VAD_01,Apex PetroChem & Polymers Ltd,"Utility Steam Boiler, Thermic Heater, DG Set & Distillation",6074.0,426.1,0.0,37.4,42.6,0.1421,0.0355,24.0,FACTORY_OPERATIONAL_DATA,10.548,0.282,11.393,3.8,25.0,0.865,3.697,4.562,0.122,7,3,2024,3,1.0,0.0,0.4339,-0.901,16.371,15.812,12.208,447.417,24.971,14.555,14.208,10.904,24.424,23.2
2024-03-08,22.4125,73.0944,24.9,32,0.0,1008.8,3.81,347,0.856,-3.708,ERA5 Reanalysis (Open-Meteo Historical Archive),36.921,20.275,15.975,8.712,403.833,82.667,0.154,22.412,73.094,Copernicus S5P TROPOMI & CAMS Multi-Sensor Assimilation,0.18,0.85,0.1429,0.125,-0.2444,15.0,FAC_VAD_01,Apex PetroChem & Polymers Ltd,"Utility Steam Boiler, Thermic Heater, DG Set & Distillation",7029.0,578.9,0.0,47.9,54.6,0.182,0.0455,24.0,FACTORY_OPERATIONAL_DATA,13.107,0.2736,12.086,3.8,25.0,1.175,4.278,5.453,0.1138,8,3,2024,4,1.0,0.0,-0.4339,-0.901,16.333,14.912,10.108,427.417,24.092,14.706,14.174,9.837,21.63,20.6
2024-03-09,22.4125,73.0944,25.3,28,0.0,1008.4,3.5,327,1.906,-2.935,ERA5 Reanalysis (Open-Meteo Historical Archive),30.904,18.067,14.475,9.171,371.417,95.083,0.114,22.412,73.094,Copernicus S5P TROPOMI & CAMS Multi-Sensor Assimilation,0.18,0.85,0.1429,0.125,-0.2444,15.0,FAC_VAD_01,Apex PetroChem & Polymers Ltd,"Utility Steam Boiler, Thermic Heater, DG Set & Distillation",6996.0,543.1,0.0,46.8,53.4,0.1778,0.0445,24.0,FACTORY_OPERATIONAL_DATA,12.699,0.2713,11.605,3.8,25.0,1.102,4.258,5.36,0.1145,9,3,2024,5,1.0,0.0,-0.9749,-0.2225,15.975,10.962,8.712,403.833,20.275,15.208,14.351,10.036,21.108,19.5
2024-03-10,22.4125,73.0944,26.0,33,0.0,1008.3,3.42,295,3.097,-1.444,ERA5 Reanalysis (Open-Meteo Historical Archive),54.012,35.308,25.333,15.975,599.542,98.458,0.197,22.412,73.094,Copernicus S5P TROPOMI & CAMS Multi-Sensor Assimilation,0.18,0.85,0.1429,0.125,-0.2444,15.0,FAC_VAD_01,Apex PetroChem & Polymers Ltd,"Utility Steam Boiler, Thermic Heater, DG Set & Distillation",4790.0,362.0,38.8,31.3,35.1,0.11270000000000001,0.0316,18.0,FACTORY_OPERATIONAL_DATA,8.979,0.2869,11.565,3.6,28.0,0.839,2.915,3.754,0.1199,10,3,2024,6,1.0,0.0,-0.7818,0.6235,14.475,12.433,9.171,371.417,18.067,17.051,14.891,10.891,23.948,35.4
2024-03-11,22.4125,73.0944,27.8,33,0.0,1009.7,4.0,304,3.316,-2.237,ERA5 Reanalysis (Open-Meteo Historical Archive),60.554,36.117,26.617,14.8,609.0,90.375,0.269,22.412,73.094,Copernicus S5P TROPOMI & CAMS Multi-Sensor Assimilation,0.18,0.85,0.1429,0.125,-0.2444,15.0,FAC_VAD_01,Apex PetroChem & Polymers Ltd,"Utility Steam Boiler, Thermic Heater, DG Set & Distillation",8177.0,614.6,0.0,53.0,60.4,0.2014,0.0504,24.0,FACTORY_OPERATIONAL_DATA,14.63,0.276,11.596,3.8,25.0,1.248,4.977,6.225,0.1175,11,3,2024,0,1.0,0.0,0.0,1.0,25.333,17.213,15.975,599.542,35.308,18.395,15.477,11.447,25.769,35.4
2024-03-12,22.4125,73.0944,27.8,37,0.0,1008.9,3.86,317,2.633,-2.824,ERA5 Reanalysis (Open-Meteo Historical Archive),38.042,19.138,16.808,9.258,371.542,71.833,0.168,22.412,73.094,Copernicus S5P TROPOMI & CAMS Multi-Sensor Assimilation,0.18,0.85,0.1429,0.125,-0.2444,15.0,FAC_VAD_01,Apex PetroChem & Polymers Ltd,"Utility Steam Boiler, Thermic Heater, DG Set & Distillation",7044.0,574.5,0.0,47.9,54.6,0.182,0.0455,24.0,FACTORY_OPERATIONAL_DATA,13.076,0.273,11.994,3.8,25.0,1.166,4.287,5.453,0.1138,12,3,2024,1,1.0,0.0,0.7818,0.6235,26.617,13.658,14.8,609.0,36.117,18.845,15.744,11.462,25.424,21.0
2024-03-13,22.4125,73.0944,27.1,35,0.0,1007.8,4.11,301,3.524,-2.117,ERA5 Reanalysis (Open-Meteo Historical Archive),41.225,21.471,19.675,10.263,388.167,66.917,0.213,22.412,73.094,Copernicus S5P TROPOMI & CAMS Multi-Sensor Assimilation,0.18,0.85,0.1429,0.125,-0.2444,15.0,FAC_VAD_01,Apex PetroChem & Polymers Ltd,"Utility Steam Boiler, Thermic Heater, DG Set & Distillation",7031.0,544.3,172.4,45.7,52.1,0.1737,0.0434,24.0,FACTORY_OPERATIONAL_DATA,14.47,0.3166,11.91,3.8,25.0,1.567,4.279,5.846,0.1279,13,3,2024,2,1.0,0.0,0.9749,-0.2225,16.808,16.371,9.258,371.542,19.138,19.317,15.999,11.184,24.924,23.8
2024-03-14,22.4125,73.0944,26.5,41,0.0,1008.2,3.11,312,2.312,-2.082,ERA5 Reanalysis (Open-Meteo Historical Archive),54.854,25.225,19.733,9.763,382.417,80.208,0.214,22.412,73.094,Copernicus S5P TROPOMI & CAMS Multi-Sensor Assimilation,0.18,0.85,0.1429,0.125,-0.2444,15.0,FAC_VAD_01,Apex PetroChem & Polymers Ltd,"Utility Steam Boiler, Thermic Heater, DG Set & Distillation",6695.0,572.8,0.0,46.7,53.2,0.1775,0.0444,24.0,FACTORY_OPERATIONAL_DATA,12.709,0.2721,12.266,3.8,25.0,1.163,4.075,5.238,0.1122,14,3,2024,3,1.0,0.0,0.4339,-0.901,19.675,16.333,10.263,388.167,21.471,19.802,16.201,11.135,25.086,24.8
2024-03-15,22.4125,73.0944,26.5,32,0.0,1006.9,3.28,285,3.166,-0.848,ERA5 Reanalysis (Open-Meteo Historical Archive),74.917,37.542,25.517,16.612,538.333,93.958,0.212,22.412,73.094,Copernicus S5P TROPOMI & CAMS Multi-Sensor Assimilation,0.18,0.85,0.1429,0.125,-0.2444,15.0,FAC_VAD_01,Apex PetroChem & Polymers Ltd,"Utility Steam Boiler, Thermic Heater, DG Set & Distillation",6130.0,455.1,0.0,38.3,43.7,0.1455,0.0364,24.0,FACTORY_OPERATIONAL_DATA,10.909,0.2848,11.883,3.8,25.0,0.924,3.731,4.655,0.1215,15,3,2024,4,1.0,0.0,-0.4339,-0.901,19.733,15.975,9.763,382.417,25.225,21.165,16.605,12.263,27.553,36.8
2024-03-16,22.4125,73.0944,27.1,32,0.0,1006.9,2.75,327,1.498,-2.306,ERA5 Reanalysis (Open-Meteo Historical Archive),83.896,46.067,34.908,16.258,720.958,91.542,0.264,22.412,73.094,Copernicus S5P TROPOMI & CAMS Multi-Sensor Assimilation,0.18,0.85,0.1429,0.125,-0.2444,15.0,FAC_VAD_01,Apex PetroChem & Polymers Ltd,"Utility Steam Boiler, Thermic Heater, DG Set & Distillation",6440.0,497.3,0.0,41.4,47.2,0.15730000000000002,0.039299999999999995,24.0,FACTORY_OPERATIONAL_DATA,11.662,0.2817,12.012,3.8,25.0,1.01,3.919,4.929,0.1191,16,3,2024,5,1.0,0.0,-0.9749,-0.2225,25.517,14.475,16.612,538.333,37.542,24.084,17.471,13.276,31.553,43.6
2024-03-17,22.4125,73.0944,27.7,30,0.0,1006.6,3.31,32,-1.752,-2.803,ERA5 Reanalysis (Open-Meteo Historical Archive),60.729,37.283,27.008,13.392,609.167,88.417,0.284,22.412,73.094,Copernicus S5P TROPOMI & CAMS Multi-Sensor Assimilation,0.18,0.85,0.1429,0.125,-0.2444,15.0,FAC_VAD_01,Apex PetroChem & Polymers Ltd,"Utility Steam Boiler, Thermic Heater, DG Set & Distillation",4434.0,350.8,32.9,30.2,33.8,0.1087,0.0304,18.0,FACTORY_OPERATIONAL_DATA,8.446,0.2797,11.616,3.6,28.0,0.8,2.699,3.499,0.1159,17,3,2024,6,1.0,0.0,-0.7818,0.6235,34.908,25.333,16.258,720.958,46.067,24.324,18.092,12.907,31.835,34.9
2024-03-18,22.4125,73.0944,27.7,31,0.0,1006.6,3.19,356,0.223,-3.187,ERA5 Reanalysis (Open-Meteo Historical Archive),60.188,37.092,23.921,14.971,573.75,82.75,0.265,22.412,73.094,Copernicus S5P TROPOMI & CAMS Multi-Sensor Assimilation,0.18,0.85,0.1429,0.125,-0.2444,15.0,FAC_VAD_01,Apex PetroChem & Polymers Ltd,"Utility Steam Boiler, Thermic Heater, DG Set & Distillation",7505.0,602.0,0.0,51.3,58.5,0.19490000000000002,0.0487,24.0,FACTORY_OPERATIONAL_DATA,13.826,0.2695,11.735,3.8,25.0,1.222,4.568,5.79,0.1129,18,3,2024,0,1.0,0.0,0.0,1.0,27.008,26.617,13.392,609.167,37.283,23.939,18.528,12.931,31.974,34.7
2024-03-19,22.4125,73.0944,28.0,20,0.0,1007.2,4.11,15,-1.064,-3.971,ERA5 Reanalysis (Open-Meteo Historical Archive),27.892,17.383,19.454,7.767,416.375,81.167,0.136,22.412,73.094,Copernicus S5P TROPOMI & CAMS Multi-Sensor Assimilation,0.18,0.85,0.1429,0.125,-0.2444,15.0,FAC_VAD_01,Apex PetroChem & Polymers Ltd,"Utility Steam Boiler, Thermic Heater, DG Set & Distillation",7478.0,602.2,52.2,48.7,55.5,0.1851,0.046299999999999994,24.0,FACTORY_OPERATIONAL_DATA,14.323,0.2941,12.366,3.8,25.0,1.362,4.551,5.913,0.1214,19,3,2024,1,1.0,0.0,0.7818,0.6235,23.921,16.808,14.971,573.75,37.092,24.317,18.43,12.718,31.723,20.4
2024-03-20,22.4125,73.0944,30.1,19,0.0,1006.4,3.19,311,2.411,-2.096,ERA5 Reanalysis (Open-Meteo Historical Archive),57.558,30.054,30.571,12.633,607.917,85.208,0.186,22.412,73.094,Copernicus S5P TROPOMI & CAMS Multi-Sensor Assimilation,0.18,0.85,0.1429,0.125,-0.2444,15.0,FAC_VAD_01,Apex PetroChem & Polymers Ltd,"Utility Steam Boiler, Thermic Heater, DG Set & Distillation",7377.0,557.3,0.0,47.7,54.4,0.18130000000000002,0.0453,24.0,FACTORY_OPERATIONAL_DATA,13.229,0.2773,11.683,3.8,25.0,1.131,4.49,5.621,0.1178,20,3,2024,2,1.0,0.0,0.9749,-0.2225,19.454,19.675,7.767,416.375,17.383,25.873,18.475,13.057,32.949,33.4
2024-03-21,22.4125,73.0944,29.9,22,0.0,1004.8,3.03,179,-0.053,3.027,ERA5 Reanalysis (Open-Meteo Historical Archive),67.179,38.7,36.85,14.513,750.0,93.833,0.196,22.412,73.094,Copernicus S5P TROPOMI & CAMS Multi-Sensor Assimilation,0.18,0.85,0.1429,0.125,-0.2444,15.0,FAC_VAD_01,Apex PetroChem & Polymers Ltd,"Utility Steam Boiler, Thermic Heater, DG Set & Distillation",7913.0,590.6,312.7,50.6,57.7,0.1923,0.048100000000000004,24.0,FACTORY_OPERATIONAL_DATA,17.241,0.3407,11.672,3.8,25.0,2.037,4.816,6.853,0.1354,21,3,2024,3,1.0,0.0,0.4339,-0.901,30.571,19.733,12.633,607.917,30.054,28.318,18.997,13.735,34.874,40.6
2024-03-22,22.4125,73.0944,29.8,21,0.0,1003.6,3.06,317,2.084,-2.235,ERA5 Reanalysis (Open-Meteo Historical Archive),72.775,40.662,37.025,14.504,729.125,87.5,0.2,22.412,73.094,Copernicus S5P TROPOMI & CAMS Multi-Sensor Assimilation,0.18,0.85,0.1429,0.125,-0.2444,15.0,FAC_VAD_01,Apex PetroChem & Polymers Ltd,"Utility Steam Boiler, Thermic Heater, DG Set & Distillation",8093.0,579.6,0.0,51.1,58.3,0.19419999999999998,0.0485,24.0,FACTORY_OPERATIONAL_DATA,14.179,0.2775,11.342,3.8,25.0,1.177,4.925,6.102,0.1194,22,3,2024,4,1.0,0.0,-0.4339,-0.901,36.85,25.517,14.513,750.0,38.7,29.962,19.703,13.434,35.32,41.3
2024-03-23,22.4125,73.0944,29.9,26,0.0,1003.7,3.39,280,3.337,-0.588,ERA5 Reanalysis (Open-Meteo Historical Archive),60.283,34.133,33.633,13.371,643.708,78.667,0.192,22.412,73.094,Copernicus S5P TROPOMI & CAMS Multi-Sensor Assimilation,0.18,0.85,0.1429,0.125,-0.2444,15.0,FAC_VAD_01,Apex PetroChem & Polymers Ltd,"Utility Steam Boiler, Thermic Heater, DG Set & Distillation",7899.0,595.7,0.0,51.3,58.5,0.19490000000000002,0.0487,24.0,FACTORY_OPERATIONAL_DATA,14.154,0.2759,11.612,3.8,25.0,1.209,4.807,6.016,0.1173,23,3,2024,5,1.0,0.0,-0.9749,-0.2225,37.025,34.908,14.504,729.125,40.662,29.78,20.32,13.022,33.615,36.7
2024-03-24,22.4125,73.0944,30.3,35,0.0,1005.0,3.14,293,2.889,-1.226,ERA5 Reanalysis (Open-Meteo Historical Archive),60.846,31.646,28.35,13.346,525.042,64.292,0.202,22.412,73.094,Copernicus S5P TROPOMI & CAMS Multi-Sensor Assimilation,0.18,0.85,0.1429,0.125,-0.2444,15.0,FAC_VAD_01,Apex PetroChem & Polymers Ltd,"Utility Steam Boiler, Thermic Heater, DG Set & Distillation",4628.0,359.5,0.5,32.4,36.3,0.1166,0.032600000000000004,18.0,FACTORY_OPERATIONAL_DATA,8.408,0.2595,11.096,3.6,28.0,0.731,2.817,3.548,0.1095,24,3,2024,6,1.0,0.0,-0.7818,0.6235,33.633,27.008,13.371,643.708,34.133,29.972,20.592,13.015,32.81,33.5
2024-03-25,22.4125,73.0944,30.4,35,0.0,1006.1,2.89,330,1.444,-2.502,ERA5 Reanalysis (Open-Meteo Historical Archive),55.571,31.654,32.979,14.888,602.958,79.208,0.182,22.412,73.094,Copernicus S5P TROPOMI & CAMS Multi-Sensor Assimilation,0.18,0.85,0.1429,0.125,-0.2444,15.0,FAC_VAD_01,Apex PetroChem & Polymers Ltd,"Utility Steam Boiler, Thermic Heater, DG Set & Distillation",5385.0,448.1,0.0,38.6,44.0,0.1467,0.0367,24.0,FACTORY_OPERATIONAL_DATA,10.09,0.2614,11.609,3.8,25.0,0.91,3.277,4.187,0.1085,25,3,2024,0,1.0,0.0,0.0,1.0,28.35,23.921,13.346,525.042,31.646,31.266,21.063,13.003,32.033,36.7
2024-03-26,22.4125,73.0944,32.1,31,0.0,1005.4,3.33,294,3.045,-1.356,ERA5 Reanalysis (Open-Meteo Historical Archive),62.85,35.283,35.325,15.521,645.375,81.292,0.194,22.412,73.094,Copernicus S5P TROPOMI & CAMS Multi-Sensor Assimilation,0.18,0.85,0.1429,0.125,-0.2444,15.0,FAC_VAD_01,Apex PetroChem & Polymers Ltd,"Utility Steam Boiler, Thermic Heater, DG Set & Distillation",8402.0,636.2,0.0,51.9,59.2,0.1972,0.0493,24.0,FACTORY_OPERATIONAL_DATA,15.082,0.2906,12.258,3.8,25.0,1.291,5.113,6.404,0.1234,26,3,2024,1,1.0,0.0,0.7818,0.6235,32.979,19.454,14.888,602.958,31.654,33.533,21.909,14.111,34.59,39.4
2024-03-27,22.4125,73.0944,32.9,35,0.0,1006.6,3.61,256,3.504,0.874,ERA5 Reanalysis (Open-Meteo Historical Archive),69.608,38.967,34.637,16.058,658.5,94.958,0.339,22.412,73.094,Copernicus S5P TROPOMI & CAMS Multi-Sensor Assimilation,0.18,0.85,0.1429,0.125,-0.2444,15.0,FAC_VAD_01,Apex PetroChem & Polymers Ltd,"Utility Steam Boiler, Thermic Heater, DG Set & Distillation",7883.0,593.8,0.0,51.7,58.9,0.1965,0.049100000000000005,24.0,FACTORY_OPERATIONAL_DATA,14.118,0.2731,11.485,3.8,25.0,1.205,4.798,6.003,0.1161,27,3,2024,2,1.0,0.0,0.9749,-0.2225,35.325,30.571,15.521,645.375,35.283,34.114,22.691,14.6,35.864,40.8
2024-03-28,22.4125,73.0944,33.4,33,0.0,1005.1,4.31,280,4.24,-0.748,ERA5 Reanalysis (Open-Meteo Historical Archive),61.688,33.896,29.017,18.054,532.458,77.375,0.428,22.412,73.094,Copernicus S5P TROPOMI & CAMS Multi-Sensor Assimilation,0.18,0.85,0.1429,0.125,-0.2444,15.0,FAC_VAD_01,Apex PetroChem & Polymers Ltd,"Utility Steam Boiler, Thermic Heater, DG Set & Distillation",7295.0,541.0,169.1,45.7,52.1,0.1737,0.0434,24.0,FACTORY_OPERATIONAL_DATA,14.666,0.3209,11.838,3.8,25.0,1.551,4.44,5.991,0.1311,28,3,2024,3,1.0,0.0,0.4339,-0.901,34.637,36.85,16.058,658.5,38.967,32.995,23.209,15.106,35.177,38.1
2024-03-29,22.4125,73.0944,32.6,34,0.0,1004.4,5.36,264,5.332,0.56,ERA5 Reanalysis (Open-Meteo Historical Archive),60.9,32.254,30.892,13.146,528.25,75.375,0.474,22.412,73.094,Copernicus S5P TROPOMI & CAMS Multi-Sensor Assimilation,0.18,0.85,0.1429,0.125,-0.2444,15.0,FAC_VAD_01,Apex PetroChem & Polymers Ltd,"Utility Steam Boiler, Thermic Heater, DG Set & Distillation",6889.0,518.1,0.0,43.4,49.5,0.16490000000000002,0.0412,24.0,FACTORY_OPERATIONAL_DATA,12.329,0.2841,11.938,3.8,25.0,1.052,4.193,5.245,0.1209,29,3,2024,4,1.0,0.0,-0.4339,-0.901,29.017,37.025,18.054,532.458,33.896,32.119,23.88,14.912,33.976,34.7
2024-03-30,22.4125,73.0944,31.5,32,0.0,1006.3,3.89,294,3.553,-1.582,ERA5 Reanalysis (Open-Meteo Historical Archive),59.871,30.792,26.979,11.45,480.625,69.542,0.34,22.412,73.094,Copernicus S5P TROPOMI & CAMS Multi-Sensor Assimilation,0.18,0.85,0.1429,0.125,-0.2444,15.0,FAC_VAD_01,Apex PetroChem & Polymers Ltd,"Utility Steam Boiler, Thermic Heater, DG Set & Distillation",8482.0,612.2,0.0,50.5,57.6,0.19190000000000002,0.048,24.0,FACTORY_OPERATIONAL_DATA,14.91,0.2952,12.123,3.8,25.0,1.243,5.162,6.405,0.1268,30,3,2024,5,1.0,0.0,-0.9749,-0.2225,30.892,33.633,13.146,528.25,32.254,31.168,24.252,14.638,33.499,31.2
2024-03-31,22.4125,73.0944,30.5,27,0.0,1007.5,3.61,307,2.884,-2.173,ERA5 Reanalysis (Open-Meteo Historical Archive),43.571,24.662,25.379,11.333,440.542,75.5,0.175,22.412,73.094,Copernicus S5P TROPOMI & CAMS Multi-Sensor Assimilation,0.18,0.85,0.1429,0.125,-0.2444,15.0,FAC_VAD_01,Apex PetroChem & Polymers Ltd,"Utility Steam Boiler, Thermic Heater, DG Set & Distillation",4800.0,335.4,89.2,32.4,36.3,0.1166,0.032600000000000004,18.0,FACTORY_OPERATIONAL_DATA,9.214,0.2844,10.352,3.6,28.0,0.92,2.921,3.841,0.1185,31,3,2024,6,1.0,0.0,-0.7818,0.6235,26.979,28.35,11.45,480.625,30.792,30.744,24.601,14.35,32.501,28.2
2024-04-01,22.4125,73.0944,31.0,27,0.0,1004.4,4.08,280,4.021,-0.709,ERA5 Reanalysis (Open-Meteo Historical Archive),82.608,40.817,29.575,12.508,534.0,78.083,0.227,22.412,73.094,Copernicus S5P TROPOMI & CAMS Multi-Sensor Assimilation,0.18,0.85,0.1429,0.125,-0.2444,15.0,FAC_VAD_01,Apex PetroChem & Polymers Ltd,"Utility Steam Boiler, Thermic Heater, DG Set & Distillation",8011.0,700.5,0.0,54.9,62.6,0.2086,0.0521,24.0,FACTORY_OPERATIONAL_DATA,15.366,0.2799,12.76,3.8,25.0,1.422,4.875,6.297,0.1147,1,4,2024,0,0.866,-0.5,0.0,1.0,25.379,32.979,11.333,440.542,24.662,30.258,25.221,14.01,33.81,36.6
2024-04-02,22.4125,73.0944,30.5,33,0.0,1003.0,3.22,283,3.14,-0.725,ERA5 Reanalysis (Open-Meteo Historical Archive),77.467,39.871,24.862,16.979,467.375,85.75,0.218,22.412,73.094,Copernicus S5P TROPOMI & CAMS Multi-Sensor Assimilation,0.18,0.85,0.1429,0.125,-0.2444,15.0,FAC_VAD_01,Apex PetroChem & Polymers Ltd,"Utility Steam Boiler, Thermic Heater, DG Set & Distillation",8565.0,681.7,46.1,56.2,64.1,0.21359999999999998,0.053399999999999996,24.0,FACTORY_OPERATIONAL_DATA,16.184,0.288,12.13,3.8,25.0,1.507,5.213,6.72,0.1196,2,4,2024,1,0.866,-0.5,0.7818,0.6235,29.575,35.325,12.508,534.0,40.817,28.763,25.636,14.218,34.466,37.6
2024-04-03,22.4125,73.0944,30.8,26,0.0,1003.7,3.11,282,3.043,-0.647,ERA5 Reanalysis (Open-Meteo Historical Archive),61.571,32.225,31.671,13.225,529.667,74.0,0.182,22.412,73.094,Copernicus S5P TROPOMI & CAMS Multi-Sensor Assimilation,0.18,0.85,0.1429,0.125,-0.2444,15.0,FAC_VAD_01,Apex PetroChem & Polymers Ltd,"Utility Steam Boiler, Thermic Heater, DG Set & Distillation",6027.0,526.3,0.0,40.0,45.6,0.152,0.038,24.0,FACTORY_OPERATIONAL_DATA,11.553,0.2888,13.157,3.8,25.0,1.068,3.668,4.736,0.1184,3,4,2024,2,0.866,-0.5,0.9749,-0.2225,24.862,34.637,16.979,467.375,39.871,28.339,26.118,13.814,33.502,35.1
2024-04-04,22.4125,73.0944,31.0,36,0.0,1004.6,3.58,282,3.505,-0.745,ERA5 Reanalysis (Open-Meteo Historical Archive),54.846,27.812,22.25,12.825,414.083,76.333,0.248,22.412,73.094,Copernicus S5P TROPOMI & CAMS Multi-Sensor Assimilation,0.18,0.85,0.1429,0.125,-0.2444,15.0,FAC_VAD_01,Apex PetroChem & Polymers Ltd,"Utility Steam Boiler, Thermic Heater, DG Set & Distillation",9108.0,669.0,27.9,55.4,63.2,0.2105,0.0526,24.0,FACTORY_OPERATIONAL_DATA,16.412,0.2962,12.076,3.8,25.0,1.433,5.543,6.976,0.1259,4,4,2024,3,0.866,-0.5,0.4339,-0.901,31.671,29.017,13.225,529.667,32.225,27.373,26.404,13.067,32.633,29.1
2024-04-05,22.4125,73.0944,31.8,29,0.0,1004.5,6.31,309,4.9,-3.968,ERA5 Reanalysis (Open-Meteo Historical Archive),56.921,24.242,19.95,10.446,367.833,83.458,0.245,22.412,73.094,Copernicus S5P TROPOMI & CAMS Multi-Sensor Assimilation,0.18,0.85,0.1429,0.125,-0.2444,15.0,FAC_VAD_01,Apex PetroChem & Polymers Ltd,"Utility Steam Boiler, Thermic Heater, DG Set & Distillation",6710.0,561.3,14.3,48.5,55.3,0.18430000000000002,0.0461,24.0,FACTORY_OPERATIONAL_DATA,12.747,0.2628,11.573,3.8,25.0,1.178,4.084,5.262,0.1085,5,4,2024,4,0.866,-0.5,-0.4339,-0.901,22.25,30.892,12.825,414.083,27.812,25.809,26.523,12.681,31.489,25.0
2024-04-06,22.4125,73.0944,32.2,25,0.0,1003.6,5.06,313,3.697,-3.448,ERA5 Reanalysis (Open-Meteo Historical Archive),63.387,26.592,18.071,10.446,331.042,83.542,0.23,22.412,73.094,Copernicus S5P TROPOMI & CAMS Multi-Sensor Assimilation,0.18,0.85,0.1429,0.125,-0.2444,15.0,FAC_VAD_01,Apex PetroChem & Polymers Ltd,"Utility Steam Boiler, Thermic Heater, DG Set & Distillation",7264.0,501.7,0.0,46.9,53.5,0.1782,0.0445,24.0,FACTORY_OPERATIONAL_DATA,12.532,0.2672,10.697,3.8,25.0,1.018,4.421,5.439,0.116,6,4,2024,5,0.866,-0.5,-0.9749,-0.2225,19.95,26.979,10.446,367.833,24.242,24.537,26.581,12.537,30.889,25.0
2024-04-07,22.4125,73.0944,31.4,23,0.0,1002.3,4.39,276,4.365,-0.459,ERA5 Reanalysis (Open-Meteo Historical Archive),48.137,23.104,23.692,9.717,413.333,81.375,0.171,22.412,73.094,Copernicus S5P TROPOMI & CAMS Multi-Sensor Assimilation,0.18,0.85,0.1429,0.125,-0.2444,15.0,FAC_VAD_01,Apex PetroChem & Polymers Ltd,"Utility Steam Boiler, Thermic Heater, DG Set & Distillation",4058.0,337.2,0.2,30.0,33.6,0.108,0.030199999999999998,18.0,FACTORY_OPERATIONAL_DATA,7.601,0.2534,11.24,3.6,28.0,0.685,2.47,3.155,0.1052,7,4,2024,6,0.866,-0.5,-0.7818,0.6235,18.071,25.379,10.446,331.042,26.592,24.296,26.839,12.307,30.666,25.7
2024-04-08,22.4125,73.0944,31.2,32,0.0,1003.0,2.64,226,1.898,1.833,ERA5 Reanalysis (Open-Meteo Historical Archive),44.6,24.796,21.846,12.979,451.167,93.458,0.146,22.412,73.094,Copernicus S5P TROPOMI & CAMS Multi-Sensor Assimilation,0.18,0.85,0.1429,0.125,-0.2444,15.0,FAC_VAD_01,Apex PetroChem & Polymers Ltd,"Utility Steam Boiler, Thermic Heater, DG Set & Distillation",8261.0,615.7,0.0,53.4,60.9,0.2029,0.0507,24.0,FACTORY_OPERATIONAL_DATA,14.726,0.2758,11.53,3.8,25.0,1.25,5.028,6.278,0.1176,8,4,2024,0,0.866,-0.5,0.0,1.0,23.692,29.575,9.717,413.333,23.104,23.192,27.084,12.374,28.377,28.0
2024-04-09,22.4125,73.0944,32.2,28,0.0,1002.7,3.47,192,0.722,3.396,ERA5 Reanalysis (Open-Meteo Historical Archive),52.988,30.471,18.95,15.283,474.208,105.208,0.197,22.412,73.094,Copernicus S5P TROPOMI & CAMS Multi-Sensor Assimilation,0.18,0.85,0.1429,0.125,-0.2444,15.0,FAC_VAD_01,Apex PetroChem & Polymers Ltd,"Utility Steam Boiler, Thermic Heater, DG Set & Distillation",9580.0,724.1,91.2,61.7,70.3,0.2345,0.0586,24.0,FACTORY_OPERATIONAL_DATA,18.095,0.2933,11.736,3.8,25.0,1.714,5.83,7.544,0.1223,9,4,2024,1,0.866,-0.5,0.7818,0.6235,21.846,24.862,12.979,451.167,24.796,22.347,26.872,12.132,27.035,30.4
2024-04-10,22.4125,73.0944,32.3,37,0.0,1002.7,4.83,204,1.966,4.415,ERA5 Reanalysis (Open-Meteo Historical Archive),58.121,33.421,17.446,20.229,424.417,101.333,0.352,22.412,73.094,Copernicus S5P TROPOMI & CAMS Multi-Sensor Assimilation,0.18,0.85,0.1429,0.125,-0.2444,15.0,FAC_VAD_01,Apex PetroChem & Polymers Ltd,"Utility Steam Boiler, Thermic Heater, DG Set & Distillation",7376.0,527.6,0.0,46.4,52.9,0.1763,0.0441,24.0,FACTORY_OPERATIONAL_DATA,12.916,0.2784,11.371,3.8,25.0,1.071,4.489,5.56,0.1198,10,4,2024,2,0.866,-0.5,0.9749,-0.2225,18.95,31.671,15.283,474.208,30.471,20.315,26.566,13.132,27.205,34.5
2024-04-11,22.4125,73.0944,32.4,38,0.0,1003.5,5.14,175,-0.448,5.119,ERA5 Reanalysis (Open-Meteo Historical Archive),57.704,33.196,12.075,17.588,351.833,103.833,0.495,22.412,73.094,Copernicus S5P TROPOMI & CAMS Multi-Sensor Assimilation,0.18,0.85,0.1429,0.125,-0.2444,15.0,FAC_VAD_01,Apex PetroChem & Polymers Ltd,"Utility Steam Boiler, Thermic Heater, DG Set & Distillation",7115.0,557.6,0.0,48.1,54.8,0.18280000000000002,0.045700000000000005,24.0,FACTORY_OPERATIONAL_DATA,12.97,0.2696,11.593,3.8,25.0,1.132,4.33,5.462,0.1136,11,4,2024,3,0.866,-0.5,0.4339,-0.901,17.446,22.25,20.229,424.417,33.421,18.861,26.408,13.813,27.975,30.1
2024-04-12,22.4125,73.0944,31.6,32,0.0,1003.2,4.78,193,1.075,4.655,ERA5 Reanalysis (Open-Meteo Historical Archive),49.008,29.838,12.612,21.929,329.458,90.917,0.34,22.412,73.094,Copernicus S5P TROPOMI & CAMS Multi-Sensor Assimilation,0.18,0.85,0.1429,0.125,-0.2444,15.0,FAC_VAD_01,Apex PetroChem & Polymers Ltd,"Utility Steam Boiler, Thermic Heater, DG Set & Distillation",6008.0,420.6,0.0,39.0,44.5,0.1482,0.037,24.0,FACTORY_OPERATIONAL_DATA,10.424,0.2673,10.785,3.8,25.0,0.854,3.656,4.51,0.1156,12,4,2024,4,0.866,-0.5,-0.4339,-0.901,12.075,19.95,17.588,351.833,33.196,17.813,26.173,15.453,28.774,32.4
2024-04-13,22.4125,73.0944,30.6,50,0.0,1003.7,4.72,206,2.07,4.244,ERA5 Reanalysis (Open-Meteo Historical Archive),35.696,21.275,11.933,19.579,271.375,88.667,0.295,22.412,73.094,Copernicus S5P TROPOMI & CAMS Multi-Sensor Assimilation,0.18,0.85,0.1429,0.125,-0.2444,15.0,FAC_VAD_01,Apex PetroChem & Polymers Ltd,"Utility Steam Boiler, Thermic Heater, DG Set & Distillation",7513.0,618.9,0.0,50.5,57.6,0.19190000000000002,0.048,24.0,FACTORY_OPERATIONAL_DATA,14.011,0.2774,12.255,3.8,25.0,1.256,4.572,5.828,0.1154,13,4,2024,5,0.866,-0.5,-0.9749,-0.2225,12.612,18.071,21.929,329.458,29.838,16.936,25.913,16.758,28.014,27.4
2024-04-14,22.4125,73.0944,32.2,48,0.0,1005.1,6.94,251,6.566,2.261,ERA5 Reanalysis (Open-Meteo Historical Archive),38.896,19.646,12.658,16.2,274.25,85.792,0.326,22.412,73.094,Copernicus S5P TROPOMI & CAMS Multi-Sensor Assimilation,0.18,0.85,0.1429,0.125,-0.2444,15.0,FAC_VAD_01,Apex PetroChem & Polymers Ltd,"Utility Steam Boiler, Thermic Heater, DG Set & Distillation",5122.0,372.9,4.9,33.1,37.1,0.1192,0.0334,18.0,FACTORY_OPERATIONAL_DATA,9.086,0.2745,11.266,3.6,28.0,0.77,3.117,3.887,0.1174,14,4,2024,6,0.866,-0.5,-0.7818,0.6235,11.933,23.692,19.579,271.375,21.275,15.36,25.484,17.684,27.52,24.6
2024-04-15,22.4125,73.0944,34.4,35,0.0,1005.5,3.69,348,0.768,-3.614,ERA5 Reanalysis (Open-Meteo Historical Archive),51.6,24.262,9.796,6.221,263.75,90.375,0.347,22.412,73.094,Copernicus S5P TROPOMI & CAMS Multi-Sensor Assimilation,0.18,0.85,0.1429,0.125,-0.2444,15.0,FAC_VAD_01,Apex PetroChem & Polymers Ltd,"Utility Steam Boiler, Thermic Heater, DG Set & Distillation",7317.0,598.7,0.0,52.5,59.8,0.1995,0.0499,24.0,FACTORY_OPERATIONAL_DATA,13.603,0.2591,11.404,3.8,25.0,1.215,4.453,5.668,0.108,15,4,2024,0,0.866,-0.5,0.0,1.0,12.658,21.846,16.2,274.25,19.646,13.639,24.647,16.718,27.444,17.4
2024-04-16,22.4125,73.0944,35.5,23,0.0,1004.3,4.36,352,0.607,-4.319,ERA5 Reanalysis (Open-Meteo Historical Archive),42.654,18.004,11.458,6.796,265.5,79.292,0.237,22.412,73.094,Copernicus S5P TROPOMI & CAMS Multi-Sensor Assimilation,0.18,0.85,0.1429,0.125,-0.2444,15.0,FAC_VAD_01,Apex PetroChem & Polymers Ltd,"Utility Steam Boiler, Thermic Heater, DG Set & Distillation",7089.0,528.7,41.6,46.9,53.5,0.1782,0.0445,24.0,FACTORY_OPERATIONAL_DATA,13.056,0.2784,11.273,3.8,25.0,1.185,4.314,5.499,0.1172,16,4,2024,1,0.866,-0.5,0.7818,0.6235,9.796,18.95,6.221,263.75,24.262,12.568,24.129,15.506,25.663,16.4
2024-04-17,22.4125,73.0944,35.9,22,0.0,1002.7,6.08,343,1.779,-5.818,ERA5 Reanalysis (Open-Meteo Historical Archive),33.042,15.342,13.733,7.233,294.292,84.75,0.179,22.412,73.094,Copernicus S5P TROPOMI & CAMS Multi-Sensor Assimilation,0.18,0.85,0.1429,0.125,-0.2444,15.0,FAC_VAD_01,Apex PetroChem & Polymers Ltd,"Utility Steam Boiler, Thermic Heater, DG Set & Distillation",7489.0,575.3,0.0,48.4,55.2,0.1839,0.046,24.0,FACTORY_OPERATIONAL_DATA,13.53,0.2795,11.886,3.8,25.0,1.168,4.558,5.726,0.1183,17,4,2024,2,0.866,-0.5,0.9749,-0.2225,11.458,17.446,6.796,265.5,18.004,12.038,23.789,13.649,23.08,16.8
2024-04-18,22.4125,73.0944,35.8,23,0.0,1002.3,4.97,308,3.918,-3.061,ERA5 Reanalysis (Open-Meteo Historical Archive),26.317,15.062,14.075,8.258,292.833,83.333,0.152,22.412,73.094,Copernicus S5P TROPOMI & CAMS Multi-Sensor Assimilation,0.18,0.85,0.1429,0.125,-0.2444,15.0,FAC_VAD_01,Apex PetroChem & Polymers Ltd,"Utility Steam Boiler, Thermic Heater, DG Set & Distillation",8255.0,592.7,0.0,53.9,61.4,0.2048,0.0512,24.0,FACTORY_OPERATIONAL_DATA,14.478,0.2686,10.996,3.8,25.0,1.203,5.024,6.227,0.1155,18,4,2024,3,0.866,-0.5,0.4339,-0.901,13.733,12.075,7.233,294.292,15.342,12.324,23.61,12.317,20.49,17.6
2024-04-19,22.4125,73.0944,34.4,29,0.0,1001.4,4.81,303,4.03,-2.617,ERA5 Reanalysis (Open-Meteo Historical Archive),63.583,23.762,11.417,7.517,241.0,75.458,0.368,22.412,73.094,Copernicus S5P TROPOMI & CAMS Multi-Sensor Assimilation,0.18,0.85,0.1429,0.125,-0.2444,15.0,FAC_VAD_01,Apex PetroChem & Polymers Ltd,"Utility Steam Boiler, Thermic Heater, DG Set & Distillation",7982.0,595.9,0.0,51.8,59.1,0.1968,0.0492,24.0,FACTORY_OPERATIONAL_DATA,14.239,0.2749,11.504,3.8,25.0,1.21,4.858,6.068,0.1171,19,4,2024,4,0.866,-0.5,-0.4339,-0.901,14.075,12.612,8.258,292.833,15.062,12.153,22.971,10.258,19.622,18.9
2024-04-20,22.4125,73.0944,32.6,30,0.0,1001.8,4.11,301,3.524,-2.117,ERA5 Reanalysis (Open-Meteo Historical Archive),30.275,16.071,11.962,8.533,258.833,100.667,0.268,22.412,73.094,Copernicus S5P TROPOMI & CAMS Multi-Sensor Assimilation,0.18,0.85,0.1429,0.125,-0.2444,15.0,FAC_VAD_01,Apex PetroChem & Polymers Ltd,"Utility Steam Boiler, Thermic Heater, DG Set & Distillation",6832.0,551.3,0.0,48.3,55.1,0.1835,0.045899999999999996,24.0,FACTORY_OPERATIONAL_DATA,12.621,0.2613,11.414,3.8,25.0,1.119,4.158,5.277,0.1093,20,4,2024,5,0.866,-0.5,-0.9749,-0.2225,11.417,11.933,7.517,241.0,23.762,12.157,22.142,8.68,18.878,17.3
2024-04-21,22.4125,73.0944,32.0,35,0.0,1002.2,3.97,272,3.97,-0.139,ERA5 Reanalysis (Open-Meteo Historical Archive),36.775,20.521,18.729,9.15,342.208,88.833,0.324,22.412,73.094,Copernicus S5P TROPOMI & CAMS Multi-Sensor Assimilation,0.18,0.85,0.1429,0.125,-0.2444,15.0,FAC_VAD_01,Apex PetroChem & Polymers Ltd,"Utility Steam Boiler, Thermic Heater, DG Set & Distillation",4717.0,354.6,5.3,32.4,36.3,0.1166,0.032600000000000004,18.0,FACTORY_OPERATIONAL_DATA,8.493,0.2621,10.944,3.6,28.0,0.734,2.871,3.605,0.1113,21,4,2024,6,0.866,-0.5,-0.7818,0.6235,11.962,12.658,8.533,258.833,16.071,13.024,21.532,7.673,19.003,22.2
2024-04-22,22.4125,73.0944,32.3,33,0.0,1002.8,4.56,286,4.379,-1.256,ERA5 Reanalysis (Open-Meteo Historical Archive),36.008,21.304,22.533,11.183,409.458,81.125,0.238,22.412,73.094,Copernicus S5P TROPOMI & CAMS Multi-Sensor Assimilation,0.18,0.85,0.1429,0.125,-0.2444,15.0,FAC_VAD_01,Apex PetroChem & Polymers Ltd,"Utility Steam Boiler, Thermic Heater, DG Set & Distillation",6063.0,469.1,0.0,38.2,43.5,0.1452,0.0363,24.0,FACTORY_OPERATIONAL_DATA,10.989,0.2877,12.28,3.8,25.0,0.952,3.69,4.642,0.1215,22,4,2024,0,0.866,-0.5,0.0,1.0,18.729,9.796,9.15,342.208,20.521,14.844,21.162,8.381,18.581,25.7
2024-04-23,22.4125,73.0944,32.4,33,0.0,1001.9,3.94,255,3.81,1.021,ERA5 Reanalysis (Open-Meteo Historical Archive),49.233,25.287,24.008,12.192,424.0,80.0,0.171,22.412,73.094,Copernicus S5P TROPOMI & CAMS Multi-Sensor Assimilation,0.18,0.85,0.1429,0.125,-0.2444,15.0,FAC_VAD_01,Apex PetroChem & Polymers Ltd,"Utility Steam Boiler, Thermic Heater, DG Set & Distillation",8801.0,625.8,0.0,54.4,62.0,0.2067,0.0517,24.0,FACTORY_OPERATIONAL_DATA,15.372,0.2826,11.504,3.8,25.0,1.27,5.356,6.626,0.1218,23,4,2024,1,0.866,-0.5,0.7818,0.6235,22.533,11.458,11.183,409.458,21.304,16.637,21.017,9.152,19.621,28.5
2024-04-24,22.4125,73.0944,32.9,35,0.0,1000.8,2.5,236,2.073,1.398,ERA5 Reanalysis (Open-Meteo Historical Archive),53.508,31.421,33.788,14.133,579.625,85.292,0.19,22.412,73.094,Copernicus S5P TROPOMI & CAMS Multi-Sensor Assimilation,0.18,0.85,0.1429,0.125,-0.2444,15.0,FAC_VAD_01,Apex PetroChem & Polymers Ltd,"Utility Steam Boiler, Thermic Heater, DG Set & Distillation",6502.0,483.6,0.0,43.3,49.4,0.1645,0.041100000000000005,24.0,FACTORY_OPERATIONAL_DATA,11.58,0.2674,11.169,3.8,25.0,0.982,3.957,4.939,0.1141,24,4,2024,2,0.866,-0.5,0.9749,-0.2225,24.008,13.733,12.192,424.0,25.287,19.502,21.044,10.138,21.918,36.4
2024-04-25,22.4125,73.0944,34.1,33,0.0,1001.2,4.81,246,4.39,1.955,ERA5 Reanalysis (Open-Meteo Historical Archive),40.758,24.517,17.537,10.938,386.083,92.208,0.323,22.412,73.094,Copernicus S5P TROPOMI & CAMS Multi-Sensor Assimilation,0.18,0.85,0.1429,0.125,-0.2444,15.0,FAC_VAD_01,Apex PetroChem & Polymers Ltd,"Utility Steam Boiler, Thermic Heater, DG Set & Distillation",8468.0,658.6,0.0,55.2,62.9,0.20980000000000001,0.0525,24.0,FACTORY_OPERATIONAL_DATA,15.383,0.2787,11.931,3.8,25.0,1.337,5.154,6.491,0.1176,25,4,2024,3,0.866,-0.5,0.4339,-0.901,33.788,14.075,14.133,579.625,31.421,19.996,20.451,10.521,23.269,24.5
2024-04-26,22.4125,73.0944,33.2,33,0.0,1001.7,3.72,278,3.686,-0.518,ERA5 Reanalysis (Open-Meteo Historical Archive),46.425,27.971,17.383,11.362,375.5,95.833,0.524,22.412,73.094,Copernicus S5P TROPOMI & CAMS Multi-Sensor Assimilation,0.18,0.85,0.1429,0.125,-0.2444,15.0,FAC_VAD_01,Apex PetroChem & Polymers Ltd,"Utility Steam Boiler, Thermic Heater, DG Set & Distillation",5362.0,441.7,0.0,38.9,44.3,0.14780000000000001,0.037,24.0,FACTORY_OPERATIONAL_DATA,10.0,0.2571,11.355,3.8,25.0,0.897,3.263,4.16,0.1069,26,4,2024,4,0.866,-0.5,-0.4339,-0.901,17.537,11.417,10.938,386.083,24.517,20.849,19.876,11.07,23.87,25.9
2024-04-27,22.4125,73.0944,34.0,27,0.0,1002.0,4.08,314,2.937,-2.837,ERA5 Reanalysis (Open-Meteo Historical Archive),69.638,32.512,23.0,10.888,463.333,81.458,0.429,22.412,73.094,Copernicus S5P TROPOMI & CAMS Multi-Sensor Assimilation,0.18,0.85,0.1429,0.125,-0.2444,15.0,FAC_VAD_01,Apex PetroChem & Polymers Ltd,"Utility Steam Boiler, Thermic Heater, DG Set & Distillation",8531.0,661.8,0.0,53.9,61.4,0.2048,0.0512,24.0,FACTORY_OPERATIONAL_DATA,15.48,0.2872,12.278,3.8,25.0,1.343,5.192,6.535,0.1212,27,4,2024,5,0.866,-0.5,-0.9749,-0.2225,17.383,11.962,11.362,375.5,27.971,22.425,19.675,11.407,26.219,29.6
2024-04-28,22.4125,73.0944,34.7,19,0.0,1002.3,4.28,318,2.862,-3.179,ERA5 Reanalysis (Open-Meteo Historical Archive),62.208,26.992,25.975,10.779,455.167,84.083,0.479,22.412,73.094,Copernicus S5P TROPOMI & CAMS Multi-Sensor Assimilation,0.18,0.85,0.1429,0.125,-0.2444,15.0,FAC_VAD_01,Apex PetroChem & Polymers Ltd,"Utility Steam Boiler, Thermic Heater, DG Set & Distillation",4737.0,362.6,1.0,34.0,38.1,0.12240000000000001,0.0343,18.0,FACTORY_OPERATIONAL_DATA,8.554,0.2516,10.665,3.6,28.0,0.739,2.883,3.622,0.1065,28,4,2024,6,0.866,-0.5,-0.7818,0.6235,23.0,18.729,10.888,463.333,32.512,23.461,19.511,11.639,27.143,28.9
2024-04-29,22.4125,73.0944,34.6,22,0.0,1002.9,4.42,293,4.066,-1.726,ERA5 Reanalysis (Open-Meteo Historical Archive),47.35,19.521,17.508,9.308,315.583,84.417,0.437,22.412,73.094,Copernicus S5P TROPOMI & CAMS Multi-Sensor Assimilation,0.18,0.85,0.1429,0.125,-0.2444,15.0,FAC_VAD_01,Apex PetroChem & Polymers Ltd,"Utility Steam Boiler, Thermic Heater, DG Set & Distillation",7380.0,573.2,0.0,45.8,52.2,0.174,0.0435,24.0,FACTORY_OPERATIONAL_DATA,13.399,0.2926,12.515,3.8,25.0,1.164,4.491,5.655,0.1235,29,4,2024,0,0.866,-0.5,0.0,1.0,25.975,22.533,10.779,455.167,26.992,22.743,19.196,11.371,26.889,21.5
2024-04-30,22.4125,73.0944,34.1,19,0.0,1001.4,5.03,294,4.593,-2.045,ERA5 Reanalysis (Open-Meteo Historical Archive),69.675,24.162,16.025,8.208,329.417,93.583,0.301,22.412,73.094,Copernicus S5P TROPOMI & CAMS Multi-Sensor Assimilation,0.18,0.85,0.1429,0.125,-0.2444,15.0,FAC_VAD_01,Apex PetroChem & Polymers Ltd,"Utility Steam Boiler, Thermic Heater, DG Set & Distillation",7507.0,539.1,0.0,47.2,53.8,0.1794,0.044899999999999995,24.0,FACTORY_OPERATIONAL_DATA,13.168,0.279,11.422,3.8,25.0,1.094,4.569,5.663,0.12,30,4,2024,1,0.866,-0.5,0.7818,0.6235,17.508,24.008,9.308,315.583,19.521,21.602,18.884,10.802,26.728,21.6
2024-05-01,22.4125,73.0944,33.4,21,0.0,999.2,4.5,279,4.445,-0.704,ERA5 Reanalysis (Open-Meteo Historical Archive),56.779,22.175,15.325,9.592,320.958,106.625,0.192,22.412,73.094,Copernicus S5P TROPOMI & CAMS Multi-Sensor Assimilation,0.18,0.85,0.1429,0.125,-0.2444,15.0,FAC_VAD_01,Apex PetroChem & Polymers Ltd,"Utility Steam Boiler, Thermic Heater, DG Set & Distillation",6221.0,465.9,0.0,42.1,48.0,0.16,0.04,24.0,FACTORY_OPERATIONAL_DATA,11.113,0.264,11.067,3.8,25.0,0.946,3.786,4.732,0.1124,1,5,2024,2,0.5,-0.866,0.9749,-0.2225,16.025,33.788,8.208,329.417,24.162,18.965,18.409,10.154,25.407,21.7
2024-05-02,22.4125,73.0944,32.2,27,0.0,999.8,3.11,256,3.019,0.753,ERA5 Reanalysis (Open-Meteo Historical Archive),65.888,31.746,27.442,11.987,541.083,107.25,0.192,22.412,73.094,Copernicus S5P TROPOMI & CAMS Multi-Sensor Assimilation,0.18,0.85,0.1429,0.125,-0.2444,15.0,FAC_VAD_01,Apex PetroChem & Polymers Ltd,"Utility Steam Boiler, Thermic Heater, DG Set & Distillation",8726.0,666.9,66.9,57.5,65.5,0.2185,0.0546,24.0,FACTORY_OPERATIONAL_DATA,16.397,0.2852,11.598,3.8,25.0,1.533,5.311,6.844,0.119,2,5,2024,3,0.5,-0.866,0.4339,-0.901,15.325,17.537,9.592,320.958,22.175,20.38,18.495,10.303,26.44,32.1
2024-05-03,22.4125,73.0944,33.3,27,0.0,1001.0,3.78,248,3.503,1.415,ERA5 Reanalysis (Open-Meteo Historical Archive),66.325,34.817,26.192,15.138,537.667,110.667,0.18,22.412,73.094,Copernicus S5P TROPOMI & CAMS Multi-Sensor Assimilation,0.18,0.85,0.1429,0.125,-0.2444,15.0,FAC_VAD_01,Apex PetroChem & Polymers Ltd,"Utility Steam Boiler, Thermic Heater, DG Set & Distillation",6552.0,496.6,3.0,42.3,48.2,0.16069999999999998,0.0402,24.0,FACTORY_OPERATIONAL_DATA,11.796,0.2789,11.74,3.8,25.0,1.016,3.988,5.004,0.1183,3,5,2024,4,0.5,-0.866,-0.4339,-0.901,27.442,17.383,11.987,541.083,31.746,21.638,18.312,10.843,27.418,35.0
2024-05-04,22.4125,73.0944,34.5,33,0.0,1001.9,5.25,305,4.301,-3.011,ERA5 Reanalysis (Open-Meteo Historical Archive),39.971,21.558,14.433,11.221,311.167,73.625,0.17,22.412,73.094,Copernicus S5P TROPOMI & CAMS Multi-Sensor Assimilation,0.18,0.85,0.1429,0.125,-0.2444,15.0,FAC_VAD_01,Apex PetroChem & Polymers Ltd,"Utility Steam Boiler, Thermic Heater, DG Set & Distillation",5919.0,492.5,0.0,42.5,48.4,0.1615,0.0404,24.0,FACTORY_OPERATIONAL_DATA,11.09,0.2609,11.588,3.8,25.0,1.0,3.602,4.602,0.1083,4,5,2024,5,0.5,-0.866,-0.9749,-0.2225,26.192,23.0,15.138,537.667,34.817,20.414,18.052,10.89,25.853,22.3
2024-05-05,22.4125,73.0944,35.1,34,0.0,1000.5,5.94,290,5.586,-2.033,ERA5 Reanalysis (Open-Meteo Historical Archive),42.525,18.479,14.583,8.521,270.542,70.5,0.174,22.412,73.094,Copernicus S5P TROPOMI & CAMS Multi-Sensor Assimilation,0.18,0.85,0.1429,0.125,-0.2444,15.0,FAC_VAD_01,Apex PetroChem & Polymers Ltd,"Utility Steam Boiler, Thermic Heater, DG Set & Distillation",4805.0,386.8,36.9,33.6,37.6,0.121,0.0339,18.0,FACTORY_OPERATIONAL_DATA,9.235,0.2749,11.512,3.6,28.0,0.884,2.924,3.808,0.1133,5,5,2024,6,0.5,-0.866,-0.7818,0.6235,14.433,25.975,11.221,311.167,21.558,18.787,17.873,10.568,24.637,19.2
2024-05-06,22.4125,73.0944,34.0,37,0.0,1000.7,4.42,275,4.4,-0.385,ERA5 Reanalysis (Open-Meteo Historical Archive),51.554,21.121,13.417,9.883,266.333,84.708,0.183,22.412,73.094,Copernicus S5P TROPOMI & CAMS Multi-Sensor Assimilation,0.18,0.85,0.1429,0.125,-0.2444,15.0,FAC_VAD_01,Apex PetroChem & Polymers Ltd,"Utility Steam Boiler, Thermic Heater, DG Set & Distillation",6284.0,438.4,76.6,40.3,45.9,0.15309999999999999,0.038299999999999994,24.0,FACTORY_OPERATIONAL_DATA,11.653,0.2892,10.878,3.8,25.0,1.095,3.824,4.919,0.1221,6,5,2024,0,0.5,-0.866,0.0,1.0,14.583,17.508,8.521,270.542,18.479,18.202,17.718,10.65,24.865,20.7
2024-05-07,22.4125,73.0944,34.0,50,0.0,1001.0,6.56,225,4.635,4.635,ERA5 Reanalysis (Open-Meteo Historical Archive),48.8,18.425,12.575,14.833,261.958,78.708,0.213,22.412,73.094,Copernicus S5P TROPOMI & CAMS Multi-Sensor Assimilation,0.18,0.85,0.1429,0.125,-0.2444,15.0,FAC_VAD_01,Apex PetroChem & Polymers Ltd,"Utility Steam Boiler, Thermic Heater, DG Set & Distillation",5821.0,485.4,0.0,37.8,43.1,0.1436,0.0359,24.0,FACTORY_OPERATIONAL_DATA,10.918,0.2888,12.841,3.8,25.0,0.985,3.543,4.528,0.1198,7,5,2024,1,0.5,-0.866,0.7818,0.6235,13.417,16.025,9.883,266.333,21.121,17.71,17.347,11.596,24.046,23.1
2024-05-08,22.4125,73.0944,34.2,48,0.0,1000.7,6.11,224,4.245,4.396,ERA5 Reanalysis (Open-Meteo Historical Archive),36.354,15.612,10.604,17.4,223.292,86.792,0.317,22.412,73.094,Copernicus S5P TROPOMI & CAMS Multi-Sensor Assimilation,0.18,0.85,0.1429,0.125,-0.2444,15.0,FAC_VAD_01,Apex PetroChem & Polymers Ltd,"Utility Steam Boiler, Thermic Heater, DG Set & Distillation",5692.0,446.6,39.8,39.0,44.5,0.1482,0.037,24.0,FACTORY_OPERATIONAL_DATA,10.779,0.2764,11.451,3.8,25.0,1.013,3.464,4.477,0.1148,8,5,2024,2,0.5,-0.866,0.9749,-0.2225,12.575,15.325,14.833,261.958,18.425,17.035,16.972,12.712,23.108,23.2
2024-05-09,22.4125,73.0944,34.7,41,0.0,1000.1,5.97,221,3.918,4.507,ERA5 Reanalysis (Open-Meteo Historical Archive),32.15,15.621,10.929,12.921,234.542,78.75,0.3,22.412,73.094,Copernicus S5P TROPOMI & CAMS Multi-Sensor Assimilation,0.18,0.85,0.1429,0.125,-0.2444,15.0,FAC_VAD_01,Apex PetroChem & Polymers Ltd,"Utility Steam Boiler, Thermic Heater, DG Set & Distillation",7049.0,480.3,0.0,44.9,51.2,0.1706,0.0426,24.0,FACTORY_OPERATIONAL_DATA,12.092,0.2693,10.697,3.8,25.0,0.975,4.29,5.265,0.1173,9,5,2024,3,0.5,-0.866,0.4339,-0.901,10.604,27.442,17.4,223.292,15.612,14.676,16.705,12.845,20.805,19.9
2024-05-10,22.4125,73.0944,34.6,41,0.0,1001.5,5.36,224,3.724,3.856,ERA5 Reanalysis (Open-Meteo Historical Archive),25.708,13.821,9.646,12.571,204.333,67.75,0.254,22.412,73.094,Copernicus S5P TROPOMI & CAMS Multi-Sensor Assimilation,0.18,0.85,0.1429,0.125,-0.2444,15.0,FAC_VAD_01,Apex PetroChem & Polymers Ltd,"Utility Steam Boiler, Thermic Heater, DG Set & Distillation",7098.0,528.1,0.0,47.1,53.7,0.179,0.0448,24.0,FACTORY_OPERATIONAL_DATA,12.643,0.2684,11.212,3.8,25.0,1.072,4.32,5.392,0.1145,10,5,2024,4,0.5,-0.866,-0.4339,-0.901,10.929,26.192,12.921,234.542,15.621,12.312,16.445,12.479,17.805,18.5
2024-05-11,22.4125,73.0944,35.1,42,0.0,1002.7,4.83,251,4.57,1.574,ERA5 Reanalysis (Open-Meteo Historical Archive),35.683,19.146,13.754,13.646,279.792,79.583,0.302,22.412,73.094,Copernicus S5P TROPOMI & CAMS Multi-Sensor Assimilation,0.18,0.85,0.1429,0.125,-0.2444,15.0,FAC_VAD_01,Apex PetroChem & Polymers Ltd,"Utility Steam Boiler, Thermic Heater, DG Set & Distillation",9662.0,732.0,0.0,59.7,68.1,0.22690000000000002,0.0567,24.0,FACTORY_OPERATIONAL_DATA,17.348,0.2906,12.261,3.8,25.0,1.486,5.88,7.366,0.1234,11,5,2024,5,0.5,-0.866,-0.9749,-0.2225,9.646,14.433,12.571,204.333,13.821,12.215,16.501,12.825,17.461,23.0
2024-05-12,22.4125,73.0944,34.8,42,0.6,1002.9,6.03,255,5.822,1.56,ERA5 Reanalysis (Open-Meteo Historical Archive),46.304,25.108,14.183,10.633,313.625,85.792,0.435,22.412,73.094,Copernicus S5P TROPOMI & CAMS Multi-Sensor Assimilation,0.18,0.85,0.1429,0.125,-0.2444,15.0,FAC_VAD_01,Apex PetroChem & Polymers Ltd,"Utility Steam Boiler, Thermic Heater, DG Set & Distillation",4808.0,352.7,31.3,33.2,37.2,0.1195,0.0335,18.0,FACTORY_OPERATIONAL_DATA,8.824,0.2658,10.623,3.6,28.0,0.8,2.926,3.726,0.1122,12,5,2024,6,0.5,-0.866,-0.7818,0.6235,13.754,14.583,13.646,279.792,19.146,12.158,16.553,13.127,18.408,23.0
2024-05-13,22.4125,73.0944,33.3,45,0.1,1003.2,9.75,270,9.75,0.0,ERA5 Reanalysis (Open-Meteo Historical Archive),45.383,25.45,11.704,11.517,288.625,99.333,0.522,22.412,73.094,Copernicus S5P TROPOMI & CAMS Multi-Sensor Assimilation,0.18,0.85,0.1429,0.125,-0.2444,15.0,FAC_VAD_01,Apex PetroChem & Polymers Ltd,"Utility Steam Boiler, Thermic Heater, DG Set & Distillation",7011.0,539.7,0.0,45.2,51.5,0.1718,0.043,24.0,FACTORY_OPERATIONAL_DATA,12.678,0.2805,11.94,3.8,25.0,1.096,4.267,5.363,0.1187,13,5,2024,0,0.5,-0.866,0.0,1.0,14.183,13.417,10.633,313.625,25.108,11.914,16.546,13.36,19.026,22.7
2024-05-14,22.4125,73.0944,34.1,37,0.2,1003.1,4.81,344,1.325,-4.619,ERA5 Reanalysis (Open-Meteo Historical Archive),58.183,33.396,18.192,9.775,408.0,98.75,0.452,22.412,73.094,Copernicus S5P TROPOMI & CAMS Multi-Sensor Assimilation,0.18,0.85,0.1429,0.125,-0.2444,15.0,FAC_VAD_01,Apex PetroChem & Polymers Ltd,"Utility Steam Boiler, Thermic Heater, DG Set & Distillation",6823.0,552.2,0.0,46.2,52.7,0.1756,0.0439,24.0,FACTORY_OPERATIONAL_DATA,12.621,0.2732,11.952,3.8,25.0,1.121,4.152,5.273,0.1141,14,5,2024,1,0.5,-0.866,0.7818,0.6235,11.704,12.575,11.517,288.625,25.45,12.716,16.73,12.638,21.165,27.0
2024-05-15,22.4125,73.0944,35.3,30,0.0,1002.8,4.31,110,-4.046,1.473,ERA5 Reanalysis (Open-Meteo Historical Archive),50.846,27.583,12.575,5.167,332.833,107.75,0.422,22.412,73.094,Copernicus S5P TROPOMI & CAMS Multi-Sensor Assimilation,0.18,0.85,0.1429,0.125,-0.2444,15.0,FAC_VAD_01,Apex PetroChem & Polymers Ltd,"Utility Steam Boiler, Thermic Heater, DG Set & Distillation",7956.0,627.7,0.0,52.4,59.7,0.1991,0.0498,24.0,FACTORY_OPERATIONAL_DATA,14.547,0.2776,11.979,3.8,25.0,1.274,4.842,6.116,0.1167,15,5,2024,2,0.5,-0.866,0.9749,-0.2225,18.192,10.604,9.775,408.0,33.396,12.998,16.823,10.89,22.875,19.0
2024-05-16,22.4125,73.0944,35.5,31,0.3,1002.7,5.19,277,5.156,-0.633,ERA5 Reanalysis (Open-Meteo Historical Archive),63.404,33.746,18.95,9.212,431.958,118.417,0.355,22.412,73.094,Copernicus S5P TROPOMI & CAMS Multi-Sensor Assimilation,0.18,0.85,0.1429,0.125,-0.2444,15.0,FAC_VAD_01,Apex PetroChem & Polymers Ltd,"Utility Steam Boiler, Thermic Heater, DG Set & Distillation",7059.0,607.9,136.3,49.3,56.2,0.18730000000000002,0.046799999999999994,24.0,FACTORY_OPERATIONAL_DATA,14.805,0.3003,12.331,3.8,25.0,1.599,4.296,5.895,0.1196,16,5,2024,3,0.5,-0.866,0.4339,-0.901,12.575,10.929,5.167,332.833,27.583,14.143,17.073,10.36,25.464,27.0
2024-05-17,22.4125,73.0944,36.8,29,0.0,1000.3,4.61,277,4.577,-0.562,ERA5 Reanalysis (Open-Meteo Historical Archive),60.962,35.925,22.067,13.879,471.0,112.75,0.423,22.412,73.094,Copernicus S5P TROPOMI & CAMS Multi-Sensor Assimilation,0.18,0.85,0.1429,0.125,-0.2444,15.0,FAC_VAD_01,Apex PetroChem & Polymers Ltd,"Utility Steam Boiler, Thermic Heater, DG Set & Distillation",5932.0,522.9,0.0,43.8,49.9,0.1664,0.0416,24.0,FACTORY_OPERATIONAL_DATA,11.422,0.2608,11.938,3.8,25.0,1.061,3.61,4.671,0.1066,17,5,2024,4,0.5,-0.866,-0.4339,-0.901,18.95,9.646,9.212,431.958,33.746,15.918,17.35,10.547,28.622,32.6
2024-05-18,22.4125,73.0944,37.0,34,0.0,998.5,3.83,273,3.828,-0.201,ERA5 Reanalysis (Open-Meteo Historical Archive),57.262,33.15,15.746,15.854,379.125,114.875,0.435,22.412,73.094,Copernicus S5P TROPOMI & CAMS Multi-Sensor Assimilation,0.18,0.85,0.1429,0.125,-0.2444,15.0,FAC_VAD_01,Apex PetroChem & Polymers Ltd,"Utility Steam Boiler, Thermic Heater, DG Set & Distillation",8085.0,634.5,0.0,53.3,60.8,0.2025,0.0506,24.0,FACTORY_OPERATIONAL_DATA,14.747,0.2767,11.904,3.8,25.0,1.288,4.921,6.209,0.1165,18,5,2024,5,0.5,-0.866,-0.9749,-0.2225,22.067,13.754,13.879,471.0,35.925,16.202,17.406,10.862,30.623,30.4
2024-05-19,22.4125,73.0944,38.2,24,0.0,996.3,4.61,280,4.541,-0.801,ERA5 Reanalysis (Open-Meteo Historical Archive),45.488,24.95,14.379,10.688,335.625,101.958,0.365,22.412,73.094,Copernicus S5P TROPOMI & CAMS Multi-Sensor Assimilation,0.18,0.85,0.1429,0.125,-0.2444,15.0,FAC_VAD_01,Apex PetroChem & Polymers Ltd,"Utility Steam Boiler, Thermic Heater, DG Set & Distillation",5533.0,410.5,125.0,36.1,40.4,0.13,0.0364,18.0,FACTORY_OPERATIONAL_DATA,11.093,0.3073,11.371,3.6,28.0,1.168,3.367,4.535,0.1256,19,5,2024,6,0.5,-0.866,-0.7818,0.6235,15.746,14.183,15.854,379.125,33.15,16.23,17.505,10.87,30.6,23.0
2024-05-20,22.4125,73.0944,38.0,25,0.0,996.8,5.19,301,4.453,-2.675,ERA5 Reanalysis (Open-Meteo Historical Archive),33.167,17.375,9.85,7.679,252.667,100.625,0.366,22.412,73.094,Copernicus S5P TROPOMI & CAMS Multi-Sensor Assimilation,0.18,0.85,0.1429,0.125,-0.2444,15.0,FAC_VAD_01,Apex PetroChem & Polymers Ltd,"Utility Steam Boiler, Thermic Heater, DG Set & Distillation",7086.0,550.8,0.0,47.0,53.6,0.17859999999999998,0.0446,24.0,FACTORY_OPERATIONAL_DATA,12.869,0.2738,11.719,3.8,25.0,1.118,4.313,5.431,0.1156,20,5,2024,0,0.5,-0.866,0.0,1.0,14.379,11.704,10.688,335.625,24.95,15.966,17.434,10.322,29.446,16.1
2024-05-21,22.4125,73.0944,38.0,26,0.0,997.1,4.25,306,3.438,-2.498,ERA5 Reanalysis (Open-Meteo Historical Archive),52.221,21.8,18.588,10.175,325.042,84.333,0.368,22.412,73.094,Copernicus S5P TROPOMI & CAMS Multi-Sensor Assimilation,0.18,0.85,0.1429,0.125,-0.2444,15.0,FAC_VAD_01,Apex PetroChem & Polymers Ltd,"Utility Steam Boiler, Thermic Heater, DG Set & Distillation",8463.0,630.3,0.0,53.7,61.2,0.2041,0.051,24.0,FACTORY_OPERATIONAL_DATA,15.081,0.2808,11.737,3.8,25.0,1.28,5.151,6.431,0.1198,21,5,2024,1,0.5,-0.866,0.7818,0.6235,9.85,18.192,7.679,252.667,17.375,16.022,17.43,10.379,27.79,23.4
2024-05-22,22.4125,73.0944,38.2,30,0.0,996.3,4.53,269,4.527,0.079,ERA5 Reanalysis (Open-Meteo Historical Archive),59.65,26.192,18.688,10.621,357.292,90.917,0.355,22.412,73.094,Copernicus S5P TROPOMI & CAMS Multi-Sensor Assimilation,0.18,0.85,0.1429,0.125,-0.2444,15.0,FAC_VAD_01,Apex PetroChem & Polymers Ltd,"Utility Steam Boiler, Thermic Heater, DG Set & Distillation",7792.0,610.2,0.0,51.3,58.5,0.19490000000000002,0.0487,24.0,FACTORY_OPERATIONAL_DATA,14.199,0.2768,11.895,3.8,25.0,1.239,4.742,5.981,0.1166,22,5,2024,2,0.5,-0.866,0.9749,-0.2225,18.588,12.575,10.175,325.042,21.8,16.895,17.302,11.158,27.591,25.3
2024-05-23,22.4125,73.0944,37.8,32,0.0,994.8,5.94,265,5.922,0.518,ERA5 Reanalysis (Open-Meteo Historical Archive),40.288,19.088,11.342,10.192,259.542,89.875,0.286,22.412,73.094,Copernicus S5P TROPOMI & CAMS Multi-Sensor Assimilation,0.18,0.85,0.1429,0.125,-0.2444,15.0,FAC_VAD_01,Apex PetroChem & Polymers Ltd,"Utility Steam Boiler, Thermic Heater, DG Set & Distillation",7338.0,567.8,33.8,46.1,52.6,0.1752,0.0438,24.0,FACTORY_OPERATIONAL_DATA,13.638,0.2958,12.317,3.8,25.0,1.243,4.466,5.709,0.1238,23,5,2024,3,0.5,-0.866,0.4339,-0.901,18.688,18.95,10.621,357.292,26.192,15.809,16.879,11.298,25.497,19.3
2024-05-24,22.4125,73.0944,37.0,35,0.0,994.4,5.22,262,5.171,0.727,ERA5 Reanalysis (Open-Meteo Historical Archive),34.104,16.958,9.675,8.908,230.792,94.583,0.255,22.412,73.094,Copernicus S5P TROPOMI & CAMS Multi-Sensor Assimilation,0.18,0.85,0.1429,0.125,-0.2444,15.0,FAC_VAD_01,Apex PetroChem & Polymers Ltd,"Utility Steam Boiler, Thermic Heater, DG Set & Distillation",7894.0,620.4,0.0,53.7,61.2,0.2041,0.051,24.0,FACTORY_OPERATIONAL_DATA,14.408,0.2683,11.553,3.8,25.0,1.259,4.804,6.063,0.1129,24,5,2024,4,0.5,-0.866,-0.4339,-0.901,11.342,22.067,10.192,259.542,19.088,14.038,16.076,10.588,22.788,16.8
2024-05-25,22.4125,73.0944,36.0,45,0.0,995.4,5.86,255,5.661,1.517,ERA5 Reanalysis (Open-Meteo Historical Archive),35.196,17.783,9.475,11.571,193.417,94.292,0.302,22.412,73.094,Copernicus S5P TROPOMI & CAMS Multi-Sensor Assimilation,0.18,0.85,0.1429,0.125,-0.2444,15.0,FAC_VAD_01,Apex PetroChem & Polymers Ltd,"Utility Steam Boiler, Thermic Heater, DG Set & Distillation",6933.0,550.1,0.0,44.6,50.8,0.1695,0.0424,24.0,FACTORY_OPERATIONAL_DATA,12.709,0.285,12.334,3.8,25.0,1.117,4.219,5.336,0.1196,25,5,2024,5,0.5,-0.866,-0.9749,-0.2225,9.675,15.746,8.908,230.792,16.958,13.142,15.807,9.976,20.592,19.0
2024-05-26,22.4125,73.0944,35.4,52,0.0,996.2,5.61,234,4.539,3.298,ERA5 Reanalysis (Open-Meteo Historical Archive),38.425,19.583,9.933,12.875,193.708,83.375,0.39,22.412,73.094,Copernicus S5P TROPOMI & CAMS Multi-Sensor Assimilation,0.18,0.85,0.1429,0.125,-0.2444,15.0,FAC_VAD_01,Apex PetroChem & Polymers Ltd,"Utility Steam Boiler, Thermic Heater, DG Set & Distillation",5464.0,426.3,58.6,37.1,41.6,0.1336,0.037399999999999996,18.0,FACTORY_OPERATIONAL_DATA,10.526,0.2837,11.491,3.6,28.0,1.022,3.325,4.347,0.1172,26,5,2024,6,0.5,-0.866,-0.7818,0.6235,9.475,14.379,11.571,193.417,17.783,12.507,15.558,10.289,19.826,20.9
2024-05-27,22.4125,73.0944,34.1,58,0.0,995.5,7.39,224,5.133,5.315,ERA5 Reanalysis (Open-Meteo Historical Archive),35.283,18.779,8.162,11.608,172.25,73.583,0.388,22.412,73.094,Copernicus S5P TROPOMI & CAMS Multi-Sensor Assimilation,0.18,0.85,0.1429,0.125,-0.2444,15.0,FAC_VAD_01,Apex PetroChem & Polymers Ltd,"Utility Steam Boiler, Thermic Heater, DG Set & Distillation",7052.0,560.7,0.0,45.0,51.3,0.171,0.0428,24.0,FACTORY_OPERATIONAL_DATA,12.939,0.2875,12.46,3.8,25.0,1.138,4.292,5.43,0.1207,27,5,2024,0,0.5,-0.866,0.0,1.0,9.933,9.85,12.875,193.708,19.583,12.266,15.064,10.85,20.026,18.8
2024-05-28,22.4125,73.0944,33.6,58,0.0,995.7,7.56,221,4.957,5.702,ERA5 Reanalysis (Open-Meteo Historical Archive),37.383,17.271,5.729,7.483,146.042,67.583,0.4,22.412,73.094,Copernicus S5P TROPOMI & CAMS Multi-Sensor Assimilation,0.18,0.85,0.1429,0.125,-0.2444,15.0,FAC_VAD_01,Apex PetroChem & Polymers Ltd,"Utility Steam Boiler, Thermic Heater, DG Set & Distillation",6472.0,526.9,0.0,44.2,50.4,0.168,0.042,24.0,FACTORY_OPERATIONAL_DATA,12.004,0.2716,11.921,3.8,25.0,1.07,3.939,5.009,0.1133,28,5,2024,1,0.5,-0.866,0.7818,0.6235,8.162,18.588,11.608,172.25,18.779,10.429,14.389,10.465,19.379,14.2
2024-05-29,22.4125,73.0944,33.1,59,0.0,996.1,7.86,216,4.621,6.36,ERA5 Reanalysis (Open-Meteo Historical Archive),39.458,17.467,4.817,6.183,134.25,65.333,0.414,22.412,73.094,Copernicus S5P TROPOMI & CAMS Multi-Sensor Assimilation,0.18,0.85,0.1429,0.125,-0.2444,15.0,FAC_VAD_01,Apex PetroChem & Polymers Ltd,"Utility Steam Boiler, Thermic Heater, DG Set & Distillation",7237.0,548.3,0.0,47.9,54.6,0.182,0.0455,24.0,FACTORY_OPERATIONAL_DATA,12.994,0.2713,11.447,3.8,25.0,1.113,4.404,5.517,0.1152,29,5,2024,2,0.5,-0.866,0.9749,-0.2225,5.729,18.688,7.483,146.042,17.271,8.448,13.966,9.831,18.133,12.9
2024-05-30,22.4125,73.0944,33.5,55,0.0,997.9,6.81,221,4.465,5.136,ERA5 Reanalysis (Open-Meteo Historical Archive),44.092,15.308,5.087,6.812,126.625,64.333,0.405,22.412,73.094,Copernicus S5P TROPOMI & CAMS Multi-Sensor Assimilation,0.18,0.85,0.1429,0.125,-0.2444,15.0,FAC_VAD_01,Apex PetroChem & Polymers Ltd,"Utility Steam Boiler, Thermic Heater, DG Set & Distillation",7381.0,568.9,0.0,48.5,55.3,0.18430000000000002,0.0461,24.0,FACTORY_OPERATIONAL_DATA,13.354,0.2753,11.73,3.8,25.0,1.155,4.492,5.647,0.1164,30,5,2024,3,0.5,-0.866,0.4339,-0.901,4.817,11.342,6.183,134.25,17.467,7.554,13.601,9.349,17.593,12.7
2024-05-31,22.4125,73.0944,33.7,54,0.0,999.3,6.03,220,3.875,4.618,ERA5 Reanalysis (Open-Meteo Historical Archive),33.167,13.596,5.888,7.567,137.5,64.583,0.238,22.412,73.094,Copernicus S5P TROPOMI & CAMS Multi-Sensor Assimilation,0.18,0.85,0.1429,0.125,-0.2444,15.0,FAC_VAD_01,Apex PetroChem & Polymers Ltd,"Utility Steam Boiler, Thermic Heater, DG Set & Distillation",7507.0,601.8,0.0,51.0,58.1,0.1938,0.0485,24.0,FACTORY_OPERATIONAL_DATA,13.826,0.2711,11.8,3.8,25.0,1.222,4.569,5.791,0.1135,31,5,2024,4,0.5,-0.866,-0.4339,-0.901,5.087,9.675,6.812,126.625,15.308,7.013,13.287,9.157,17.112,13.0
2024-06-01,22.4125,73.0944,33.8,52,0.0,999.2,6.31,223,4.3,4.612,ERA5 Reanalysis (Open-Meteo Historical Archive),33.262,13.429,6.396,8.946,157.292,62.542,0.232,22.412,73.094,Copernicus S5P TROPOMI & CAMS Multi-Sensor Assimilation,0.18,0.85,0.1429,0.125,-0.2444,15.0,FAC_VAD_01,Apex PetroChem & Polymers Ltd,"Utility Steam Boiler, Thermic Heater, DG Set & Distillation",7111.0,557.8,0.0,47.1,53.7,0.179,0.0448,24.0,FACTORY_OPERATIONAL_DATA,12.968,0.2753,11.843,3.8,25.0,1.132,4.328,5.46,0.1159,1,6,2024,5,0.0,-1.0,-0.9749,-0.2225,5.888,9.475,7.567,137.5,13.596,6.573,12.585,8.782,16.49,14.2
2024-06-02,22.4125,73.0944,33.8,53,0.0,999.9,5.67,227,4.144,3.865,ERA5 Reanalysis (Open-Meteo Historical Archive),44.2,14.025,7.788,8.058,178.625,65.375,0.242,22.412,73.094,Copernicus S5P TROPOMI & CAMS Multi-Sensor Assimilation,0.18,0.85,0.1429,0.125,-0.2444,15.0,FAC_VAD_01,Apex PetroChem & Polymers Ltd,"Utility Steam Boiler, Thermic Heater, DG Set & Distillation",4481.0,349.1,65.1,32.2,36.1,0.1159,0.0325,18.0,FACTORY_OPERATIONAL_DATA,8.798,0.2732,10.842,3.6,28.0,0.883,2.727,3.61,0.1121,2,6,2024,6,0.0,-1.0,-0.7818,0.6235,6.396,9.933,8.946,157.292,13.429,6.267,11.972,8.094,15.696,14.4
2024-06-03,22.4125,73.0944,34.5,52,0.0,999.9,6.14,219,3.863,4.771,ERA5 Reanalysis (Open-Meteo Historical Archive),58.508,19.412,8.408,12.308,181.0,64.042,0.341,22.412,73.094,Copernicus S5P TROPOMI & CAMS Multi-Sensor Assimilation,0.18,0.85,0.1429,0.125,-0.2444,15.0,FAC_VAD_01,Apex PetroChem & Polymers Ltd,"Utility Steam Boiler, Thermic Heater, DG Set & Distillation",7091.0,574.5,0.0,47.2,53.8,0.1794,0.044899999999999995,24.0,FACTORY_OPERATIONAL_DATA,13.123,0.278,12.172,3.8,25.0,1.166,4.316,5.482,0.1161,3,6,2024,0,0.0,-1.0,0.0,1.0,7.788,8.162,8.058,178.625,14.025,6.302,11.771,8.194,15.787,19.7
2024-06-04,22.4125,73.0944,34.7,49,0.1,1000.0,6.25,220,4.017,4.788,ERA5 Reanalysis (Open-Meteo Historical Archive),49.854,17.621,7.65,10.446,166.333,63.083,0.283,22.412,73.094,Copernicus S5P TROPOMI & CAMS Multi-Sensor Assimilation,0.18,0.85,0.1429,0.125,-0.2444,15.0,FAC_VAD_01,Apex PetroChem & Polymers Ltd,"Utility Steam Boiler, Thermic Heater, DG Set & Distillation",7411.0,620.0,0.0,51.2,58.4,0.1946,0.048600000000000004,24.0,FACTORY_OPERATIONAL_DATA,13.921,0.2719,12.109,3.8,25.0,1.259,4.51,5.769,0.1127,4,6,2024,1,0.0,-1.0,0.7818,0.6235,8.408,5.729,12.308,181.0,19.412,6.576,11.54,8.617,15.837,17.3
2024-06-05,22.4125,73.0944,34.7,48,0.0,1000.3,6.14,238,5.206,3.253,ERA5 Reanalysis (Open-Meteo Historical Archive),42.225,16.254,7.946,9.317,155.708,57.833,0.246,22.412,73.094,Copernicus S5P TROPOMI & CAMS Multi-Sensor Assimilation,0.18,0.85,0.1429,0.125,-0.2444,15.0,FAC_VAD_01,Apex PetroChem & Polymers Ltd,"Utility Steam Boiler, Thermic Heater, DG Set & Distillation",5778.0,498.5,0.0,39.7,45.3,0.1509,0.037700000000000004,24.0,FACTORY_OPERATIONAL_DATA,11.012,0.2774,12.557,3.8,25.0,1.012,3.516,4.528,0.1141,5,6,2024,2,0.0,-1.0,0.9749,-0.2225,7.65,4.817,10.446,166.333,17.621,7.023,11.358,9.065,15.664,16.2
2024-06-06,22.4125,73.0944,35.3,45,0.0,1001.0,5.44,259,5.344,1.039,ERA5 Reanalysis (Open-Meteo Historical Archive),40.133,18.525,10.442,10.942,187.833,71.625,0.234,22.412,73.094,Copernicus S5P TROPOMI & CAMS Multi-Sensor Assimilation,0.18,0.85,0.1429,0.125,-0.2444,15.0,FAC_VAD_01,Apex PetroChem & Polymers Ltd,"Utility Steam Boiler, Thermic Heater, DG Set & Distillation",7610.0,511.0,0.0,49.7,56.7,0.1889,0.047200000000000006,24.0,FACTORY_OPERATIONAL_DATA,12.976,0.2611,10.282,3.8,25.0,1.037,4.631,5.668,0.114,6,6,2024,3,0.0,-1.0,0.4339,-0.901,7.946,5.087,9.317,155.708,16.254,7.788,11.286,9.655,16.123,19.3
2024-06-07,22.4125,73.0944,35.1,49,0.0,999.1,5.67,246,5.177,2.305,ERA5 Reanalysis (Open-Meteo Historical Archive),44.863,21.417,8.675,11.979,184.25,79.917,0.314,22.412,73.094,Copernicus S5P TROPOMI & CAMS Multi-Sensor Assimilation,0.18,0.85,0.1429,0.125,-0.2444,15.0,FAC_VAD_01,Apex PetroChem & Polymers Ltd,"Utility Steam Boiler, Thermic Heater, DG Set & Distillation",6478.0,533.4,0.0,44.8,51.1,0.1702,0.0425,24.0,FACTORY_OPERATIONAL_DATA,12.079,0.2696,11.906,3.8,25.0,1.083,3.943,5.026,0.1122,7,6,2024,4,0.0,-1.0,-0.4339,-0.901,10.442,5.888,10.942,187.833,18.525,8.186,11.222,10.285,17.24,20.3
2024-06-08,22.4125,73.0944,33.5,53,1.6,998.6,5.33,213,2.905,4.473,ERA5 Reanalysis (Open-Meteo Historical Archive),47.375,22.65,8.5,12.421,192.292,77.458,0.392,22.412,73.094,Copernicus S5P TROPOMI & CAMS Multi-Sensor Assimilation,0.18,0.85,0.1429,0.125,-0.2444,15.0,FAC_VAD_01,Apex PetroChem & Polymers Ltd,"Utility Steam Boiler, Thermic Heater, DG Set & Distillation",8040.0,624.3,0.0,51.9,59.2,0.1972,0.0493,24.0,FACTORY_OPERATIONAL_DATA,14.595,0.2812,12.029,3.8,25.0,1.267,4.893,6.16,0.1187,8,6,2024,5,0.0,-1.0,-0.9749,-0.2225,8.675,6.396,11.979,184.25,21.417,8.487,11.141,10.782,18.558,21.0
2024-06-09,22.4125,73.0944,33.9,57,0.5,997.8,6.61,219,4.161,5.138,ERA5 Reanalysis (Open-Meteo Historical Archive),50.579,22.671,9.65,16.287,191.75,77.958,0.397,22.412,73.094,Copernicus S5P TROPOMI & CAMS Multi-Sensor Assimilation,0.18,0.85,0.1429,0.125,-0.2444,15.0,FAC_VAD_01,Apex PetroChem & Polymers Ltd,"Utility Steam Boiler, Thermic Heater, DG Set & Distillation",4260.0,341.5,27.5,30.4,34.0,0.10940000000000001,0.030600000000000002,18.0,FACTORY_OPERATIONAL_DATA,8.121,0.2671,11.234,3.6,28.0,0.767,2.593,3.36,0.1105,9,6,2024,6,0.0,-1.0,-0.7818,0.6235,8.5,7.788,12.421,192.292,22.65,8.753,11.141,11.957,19.793,24.4
2024-06-10,22.4125,73.0944,33.1,58,0.3,999.0,4.81,210,2.403,4.162,ERA5 Reanalysis (Open-Meteo Historical Archive),58.417,23.921,9.567,15.033,179.708,72.208,0.455,22.412,73.094,Copernicus S5P TROPOMI & CAMS Multi-Sensor Assimilation,0.18,0.85,0.1429,0.125,-0.2444,15.0,FAC_VAD_01,Apex PetroChem & Polymers Ltd,"Utility Steam Boiler, Thermic Heater, DG Set & Distillation",7842.0,601.0,0.0,52.4,59.7,0.1991,0.0498,24.0,FACTORY_OPERATIONAL_DATA,14.152,0.2701,11.469,3.8,25.0,1.22,4.773,5.993,0.1144,10,6,2024,0,0.0,-1.0,0.0,1.0,9.65,8.408,16.287,191.75,22.671,8.919,11.002,12.346,20.437,23.8
2024-06-11,22.4125,73.0944,34.2,53,0.0,998.8,6.28,240,5.437,3.139,ERA5 Reanalysis (Open-Meteo Historical Archive),43.883,20.554,8.879,12.779,168.208,71.625,0.428,22.412,73.094,Copernicus S5P TROPOMI & CAMS Multi-Sensor Assimilation,0.18,0.85,0.1429,0.125,-0.2444,15.0,FAC_VAD_01,Apex PetroChem & Polymers Ltd,"Utility Steam Boiler, Thermic Heater, DG Set & Distillation",7111.0,530.2,173.7,44.9,51.2,0.1706,0.0426,24.0,FACTORY_OPERATIONAL_DATA,14.415,0.321,11.808,3.8,25.0,1.542,4.328,5.87,0.1307,11,6,2024,1,0.0,-1.0,0.7818,0.6235,9.567,7.65,15.033,179.708,23.921,9.094,10.825,12.68,20.856,20.7
2024-06-12,22.4125,73.0944,33.7,52,0.0,999.7,6.19,237,5.195,3.374,ERA5 Reanalysis (Open-Meteo Historical Archive),36.475,17.225,7.625,9.583,168.875,62.75,0.318,22.412,73.094,Copernicus S5P TROPOMI & CAMS Multi-Sensor Assimilation,0.18,0.85,0.1429,0.125,-0.2444,15.0,FAC_VAD_01,Apex PetroChem & Polymers Ltd,"Utility Steam Boiler, Thermic Heater, DG Set & Distillation",6843.0,483.6,42.4,42.8,48.8,0.1626,0.040600000000000004,24.0,FACTORY_OPERATIONAL_DATA,12.345,0.2884,11.299,3.8,25.0,1.095,4.165,5.26,0.1229,12,6,2024,2,0.0,-1.0,0.9749,-0.2225,8.879,7.946,12.779,168.208,20.554,9.048,10.689,12.718,20.995,16.6
2024-06-13,22.4125,73.0944,33.5,53,0.0,999.5,6.06,228,4.5,4.052,ERA5 Reanalysis (Open-Meteo Historical Archive),28.675,13.1,6.8,9.046,160.25,59.958,0.258,22.412,73.094,Copernicus S5P TROPOMI & CAMS Multi-Sensor Assimilation,0.18,0.85,0.1429,0.125,-0.2444,15.0,FAC_VAD_01,Apex PetroChem & Polymers Ltd,"Utility Steam Boiler, Thermic Heater, DG Set & Distillation",8151.0,596.7,0.0,51.6,58.8,0.1961,0.049,24.0,FACTORY_OPERATIONAL_DATA,14.416,0.2794,11.564,3.8,25.0,1.211,4.961,6.172,0.1196,13,6,2024,3,0.0,-1.0,0.4339,-0.901,7.625,10.442,9.583,168.875,17.225,8.528,10.309,12.447,20.22,14.3
2024-06-14,22.4125,73.0944,33.2,55,0.0,998.6,6.06,225,4.282,4.282,ERA5 Reanalysis (Open-Meteo Historical Archive),29.017,13.696,6.521,9.5,153.208,61.25,0.291,22.412,73.094,Copernicus S5P TROPOMI & CAMS Multi-Sensor Assimilation,0.18,0.85,0.1429,0.125,-0.2444,15.0,FAC_VAD_01,Apex PetroChem & Polymers Ltd,"Utility Steam Boiler, Thermic Heater, DG Set & Distillation",6753.0,548.7,0.0,44.7,51.0,0.1699,0.0425,24.0,FACTORY_OPERATIONAL_DATA,12.514,0.28,12.275,3.8,25.0,1.114,4.11,5.224,0.1169,14,6,2024,4,0.0,-1.0,-0.4339,-0.901,6.8,8.675,9.046,160.25,13.1,8.22,10.107,12.093,19.117,14.8
2024-06-15,22.4125,73.0944,33.1,55,0.0,998.3,5.36,225,3.791,3.791,ERA5 Reanalysis (Open-Meteo Historical Archive),40.521,16.842,6.896,10.242,154.333,60.875,0.369,22.412,73.094,Copernicus S5P TROPOMI & CAMS Multi-Sensor Assimilation,0.18,0.85,0.1429,0.125,-0.2444,15.0,FAC_VAD_01,Apex PetroChem & Polymers Ltd,"Utility Steam Boiler, Thermic Heater, DG Set & Distillation",7721.0,612.4,0.0,47.7,54.4,0.18130000000000002,0.0453,24.0,FACTORY_OPERATIONAL_DATA,14.151,0.2967,12.839,3.8,25.0,1.243,4.699,5.942,0.1246,15,6,2024,5,0.0,-1.0,-0.9749,-0.2225,6.521,8.5,9.5,153.208,13.696,7.991,9.706,11.781,18.287,16.6
2024-06-16,22.4125,73.0944,33.4,56,0.0,998.7,5.61,216,3.298,4.539,ERA5 Reanalysis (Open-Meteo Historical Archive),46.988,17.542,6.946,10.633,150.917,63.667,0.43,22.412,73.094,Copernicus S5P TROPOMI & CAMS Multi-Sensor Assimilation,0.18,0.85,0.1429,0.125,-0.2444,15.0,FAC_VAD_01,Apex PetroChem & Polymers Ltd,"Utility Steam Boiler, Thermic Heater, DG Set & Distillation",4554.0,347.1,135.3,29.7,33.3,0.10690000000000001,0.0299,18.0,FACTORY_OPERATIONAL_DATA,9.552,0.3216,11.687,3.6,28.0,1.067,2.772,3.839,0.1293,16,6,2024,6,0.0,-1.0,-0.7818,0.6235,6.896,9.65,10.242,154.333,16.842,7.605,9.202,10.974,17.554,17.2
2024-06-17,22.4125,73.0944,33.4,57,0.0,998.9,6.14,214,3.433,5.089,ERA5 Reanalysis (Open-Meteo Historical Archive),45.633,19.638,7.533,12.125,158.833,58.958,0.409,22.412,73.094,Copernicus S5P TROPOMI & CAMS Multi-Sensor Assimilation,0.18,0.85,0.1429,0.125,-0.2444,15.0,FAC_VAD_01,Apex PetroChem & Polymers Ltd,"Utility Steam Boiler, Thermic Heater, DG Set & Distillation",6551.0,530.3,0.0,42.7,48.7,0.1623,0.040600000000000004,24.0,FACTORY_OPERATIONAL_DATA,12.119,0.2838,12.419,3.8,25.0,1.077,3.987,5.064,0.1186,17,6,2024,0,0.0,-1.0,0.0,1.0,6.946,9.567,10.633,150.917,17.542,7.314,8.928,10.558,16.942,19.3
2024-06-18,22.4125,73.0944,32.3,63,1.2,998.3,6.75,214,3.775,5.596,ERA5 Reanalysis (Open-Meteo Historical Archive),33.688,15.575,7.029,11.342,157.0,60.667,0.362,22.412,73.094,Copernicus S5P TROPOMI & CAMS Multi-Sensor Assimilation,0.18,0.85,0.1429,0.125,-0.2444,15.0,FAC_VAD_01,Apex PetroChem & Polymers Ltd,"Utility Steam Boiler, Thermic Heater, DG Set & Distillation",6948.0,546.4,0.0,46.6,53.1,0.1771,0.0443,24.0,FACTORY_OPERATIONAL_DATA,12.685,0.2722,11.725,3.8,25.0,1.109,4.229,5.338,0.1145,18,6,2024,1,0.0,-1.0,0.7818,0.6235,7.533,8.879,12.125,158.833,19.638,7.05,8.683,10.353,16.231,17.0
2024-06-19,22.4125,73.0944,32.2,63,1.7,995.9,7.0,214,3.914,5.803,ERA5 Reanalysis (Open-Meteo Historical Archive),34.567,14.833,7.0,10.633,156.042,55.875,0.365,22.412,73.094,Copernicus S5P TROPOMI & CAMS Multi-Sensor Assimilation,0.18,0.85,0.1429,0.125,-0.2444,15.0,FAC_VAD_01,Apex PetroChem & Polymers Ltd,"Utility Steam Boiler, Thermic Heater, DG Set & Distillation",4705.0,399.3,0.0,33.8,38.5,0.12840000000000001,0.032100000000000004,24.0,FACTORY_OPERATIONAL_DATA,8.898,0.2633,11.814,3.8,25.0,0.811,2.863,3.674,0.1087,19,6,2024,2,0.0,-1.0,0.9749,-0.2225,7.029,7.625,11.342,157.0,15.575,6.961,8.588,10.503,15.889,16.2
2024-06-20,22.4125,73.0944,32.1,65,1.0,994.7,7.31,206,3.203,6.566,ERA5 Reanalysis (Open-Meteo Historical Archive),42.529,15.275,7.204,11.571,150.583,59.833,0.448,22.412,73.094,Copernicus S5P TROPOMI & CAMS Multi-Sensor Assimilation,0.18,0.85,0.1429,0.125,-0.2444,15.0,FAC_VAD_01,Apex PetroChem & Polymers Ltd,"Utility Steam Boiler, Thermic Heater, DG Set & Distillation",7100.0,541.9,0.0,47.0,53.6,0.17859999999999998,0.0446,24.0,FACTORY_OPERATIONAL_DATA,12.79,0.2721,11.53,3.8,25.0,1.1,4.321,5.421,0.1153,20,6,2024,3,0.0,-1.0,0.4339,-0.901,7.0,6.8,10.633,156.042,14.833,7.018,8.208,10.864,16.2,17.2
2024-06-21,22.4125,73.0944,32.7,64,0.9,995.6,6.61,215,3.792,5.416,ERA5 Reanalysis (Open-Meteo Historical Archive),52.354,17.004,6.754,9.725,144.208,54.708,0.795,22.412,73.094,Copernicus S5P TROPOMI & CAMS Multi-Sensor Assimilation,0.18,0.85,0.1429,0.125,-0.2444,15.0,FAC_VAD_01,Apex PetroChem & Polymers Ltd,"Utility Steam Boiler, Thermic Heater, DG Set & Distillation",8119.0,631.6,0.0,54.2,61.8,0.206,0.0515,24.0,FACTORY_OPERATIONAL_DATA,14.751,0.2722,11.653,3.8,25.0,1.282,4.941,6.223,0.1148,21,6,2024,4,0.0,-1.0,-0.4339,-0.901,7.204,6.521,11.571,150.583,15.275,7.052,7.811,10.896,16.673,16.2
2024-06-22,22.4125,73.0944,33.7,57,0.0,994.8,5.36,233,4.282,3.226,ERA5 Reanalysis (Open-Meteo Historical Archive),66.046,18.546,7.617,10.358,150.917,56.125,0.632,22.412,73.094,Copernicus S5P TROPOMI & CAMS Multi-Sensor Assimilation,0.18,0.85,0.1429,0.125,-0.2444,15.0,FAC_VAD_01,Apex PetroChem & Polymers Ltd,"Utility Steam Boiler, Thermic Heater, DG Set & Distillation",7638.0,620.7,107.6,50.4,57.5,0.1915,0.0479,24.0,FACTORY_OPERATIONAL_DATA,15.231,0.3022,12.315,3.8,25.0,1.548,4.648,6.196,0.1229,22,6,2024,5,0.0,-1.0,-0.9749,-0.2225,6.754,6.896,9.725,144.208,17.004,7.155,7.686,10.912,16.916,17.6
2024-06-23,22.4125,73.0944,32.5,67,2.6,994.3,4.81,201,1.722,4.486,ERA5 Reanalysis (Open-Meteo Historical Archive),75.117,27.521,11.492,16.508,199.0,60.042,0.631,22.412,73.094,Copernicus S5P TROPOMI & CAMS Multi-Sensor Assimilation,0.18,0.85,0.1429,0.125,-0.2444,15.0,FAC_VAD_01,Apex PetroChem & Polymers Ltd,"Utility Steam Boiler, Thermic Heater, DG Set & Distillation",4251.0,334.8,53.7,28.8,32.3,0.1037,0.029,18.0,FACTORY_OPERATIONAL_DATA,8.303,0.2883,11.625,3.6,28.0,0.824,2.587,3.411,0.1184,23,6,2024,6,0.0,-1.0,-0.7818,0.6235,7.617,6.946,10.358,150.917,18.546,7.804,7.747,11.752,18.342,27.0
2024-06-24,22.4125,73.0944,31.9,68,6.7,993.3,4.53,220,2.91,3.468,ERA5 Reanalysis (Open-Meteo Historical Archive),54.438,34.154,9.992,15.704,220.792,83.958,0.795,22.412,73.094,Copernicus S5P TROPOMI & CAMS Multi-Sensor Assimilation,0.18,0.85,0.1429,0.125,-0.2444,15.0,FAC_VAD_01,Apex PetroChem & Polymers Ltd,"Utility Steam Boiler, Thermic Heater, DG Set & Distillation",6201.0,540.2,0.0,43.5,49.6,0.1653,0.041299999999999996,24.0,FACTORY_OPERATIONAL_DATA,11.873,0.2729,12.418,3.8,25.0,1.097,3.774,4.871,0.112,24,6,2024,0,0.0,-1.0,0.0,1.0,11.492,7.533,16.508,199.0,27.521,8.155,7.764,12.263,20.415,28.1
2024-06-25,22.4125,73.0944,29.5,81,32.4,992.5,4.56,209,2.209,3.984,ERA5 Reanalysis (Open-Meteo Historical Archive),52.538,34.887,10.3,21.138,239.125,86.875,0.654,22.412,73.094,Copernicus S5P TROPOMI & CAMS Multi-Sensor Assimilation,0.18,0.85,0.1429,0.125,-0.2444,15.0,FAC_VAD_01,Apex PetroChem & Polymers Ltd,"Utility Steam Boiler, Thermic Heater, DG Set & Distillation",6513.0,529.3,0.0,43.5,49.6,0.1653,0.041299999999999996,24.0,FACTORY_OPERATIONAL_DATA,12.071,0.2775,12.168,3.8,25.0,1.074,3.964,5.038,0.1158,25,6,2024,1,0.0,-1.0,0.7818,0.6235,9.992,7.029,15.704,220.792,34.154,8.623,7.776,13.662,23.174,32.6
2024-06-26,22.4125,73.0944,31.6,73,2.1,991.8,3.58,189,0.561,3.539,ERA5 Reanalysis (Open-Meteo Historical Archive),36.958,24.283,10.971,18.121,221.625,75.958,0.498,22.412,73.094,Copernicus S5P TROPOMI & CAMS Multi-Sensor Assimilation,0.18,0.85,0.1429,0.125,-0.2444,15.0,FAC_VAD_01,Apex PetroChem & Polymers Ltd,"Utility Steam Boiler, Thermic Heater, DG Set & Distillation",7788.0,558.2,0.0,51.0,58.1,0.1938,0.0485,24.0,FACTORY_OPERATIONAL_DATA,13.649,0.2676,10.945,3.8,25.0,1.133,4.74,5.873,0.1152,26,6,2024,2,0.0,-1.0,0.9749,-0.2225,10.3,7.0,21.138,239.125,34.887,9.19,7.87,14.732,24.524,26.9
2024-06-27,22.4125,73.0944,30.6,73,2.7,993.5,5.28,177,-0.276,5.271,ERA5 Reanalysis (Open-Meteo Historical Archive),21.583,14.312,8.925,12.658,185.542,63.542,0.334,22.412,73.094,Copernicus S5P TROPOMI & CAMS Multi-Sensor Assimilation,0.18,0.85,0.1429,0.125,-0.2444,15.0,FAC_VAD_01,Apex PetroChem & Polymers Ltd,"Utility Steam Boiler, Thermic Heater, DG Set & Distillation",6360.0,528.6,0.0,46.9,53.5,0.1782,0.0445,24.0,FACTORY_OPERATIONAL_DATA,11.91,0.2539,11.271,3.8,25.0,1.073,3.871,4.944,0.1054,27,6,2024,3,0.0,-1.0,0.4339,-0.901,10.971,7.204,18.121,221.625,24.283,9.436,7.977,14.887,24.387,18.4
2024-06-28,22.4125,73.0944,28.2,84,21.9,994.7,6.08,180,-0.0,6.083,ERA5 Reanalysis (Open-Meteo Historical Archive),18.7,11.958,8.783,11.925,168.833,51.417,0.297,22.412,73.094,Copernicus S5P TROPOMI & CAMS Multi-Sensor Assimilation,0.18,0.85,0.3115,-0.0526,-0.4035,45.0,FAC_VAD_01,Apex PetroChem & Polymers Ltd,"Utility Steam Boiler, Thermic Heater, DG Set & Distillation",7149.0,552.7,0.0,47.0,53.6,0.17859999999999998,0.0446,24.0,FACTORY_OPERATIONAL_DATA,12.952,0.2756,11.76,3.8,25.0,1.122,4.351,5.473,0.1164,28,6,2024,4,0.0,-1.0,-0.4339,-0.901,8.925,6.754,12.658,185.542,14.312,9.726,8.109,15.202,23.666,17.0
2024-06-29,22.4125,73.0944,28.1,86,14.8,995.8,7.5,194,1.814,7.277,ERA5 Reanalysis (Open-Meteo Historical Archive),34.433,16.55,8.642,13.083,159.458,49.625,0.556,22.412,73.094,Copernicus S5P TROPOMI & CAMS Multi-Sensor Assimilation,0.18,0.85,0.3115,-0.0526,-0.4035,45.0,FAC_VAD_01,Apex PetroChem & Polymers Ltd,"Utility Steam Boiler, Thermic Heater, DG Set & Distillation",6957.0,581.3,0.0,48.1,54.8,0.18280000000000002,0.045700000000000005,24.0,FACTORY_OPERATIONAL_DATA,13.061,0.2715,12.085,3.8,25.0,1.18,4.234,5.414,0.1126,29,6,2024,5,0.0,-1.0,-0.9749,-0.2225,8.783,7.617,11.925,168.833,11.958,9.872,8.227,15.591,23.381,19.4
2024-06-30,22.4125,73.0944,27.2,91,45.1,995.9,6.78,196,1.868,6.515,ERA5 Reanalysis (Open-Meteo Historical Archive),25.367,13.771,10.496,14.379,168.792,42.583,0.47,22.412,73.094,Copernicus S5P TROPOMI & CAMS Multi-Sensor Assimilation,0.18,0.85,0.3115,-0.0526,-0.4035,45.0,FAC_VAD_01,Apex PetroChem & Polymers Ltd,"Utility Steam Boiler, Thermic Heater, DG Set & Distillation",6037.0,444.2,149.2,39.5,44.2,0.1422,0.039799999999999995,18.0,FACTORY_OPERATIONAL_DATA,12.193,0.3087,11.246,3.6,28.0,1.302,3.674,4.976,0.126,30,6,2024,6,0.0,-1.0,-0.7818,0.6235,8.642,11.492,13.083,159.458,16.55,9.73,8.381,15.287,21.416,20.2
2024-07-01,22.4125,73.0944,26.9,92,38.9,993.6,8.14,197,2.38,7.783,ERA5 Reanalysis (Open-Meteo Historical Archive),20.233,12.483,9.233,11.954,153.042,42.917,0.33,22.412,73.094,Copernicus S5P TROPOMI & CAMS Multi-Sensor Assimilation,0.18,0.85,0.3115,-0.0526,-0.4035,45.0,FAC_VAD_01,Apex PetroChem & Polymers Ltd,"Utility Steam Boiler, Thermic Heater, DG Set & Distillation",7707.0,621.3,33.0,51.4,58.6,0.1953,0.048799999999999996,24.0,FACTORY_OPERATIONAL_DATA,14.561,0.2833,12.088,3.8,25.0,1.35,4.69,6.04,0.1175,1,7,2024,0,-0.5,-0.866,0.0,1.0,10.496,9.992,14.379,168.792,13.771,9.621,8.475,14.751,18.321,17.4
2024-07-02,22.4125,73.0944,27.5,86,27.7,993.1,7.44,221,4.884,5.618,ERA5 Reanalysis (Open-Meteo Historical Archive),44.071,26.088,7.267,7.462,181.5,70.917,0.394,22.412,73.094,Copernicus S5P TROPOMI & CAMS Multi-Sensor Assimilation,0.18,0.85,0.3115,-0.0526,-0.4035,45.0,FAC_VAD_01,Apex PetroChem & Polymers Ltd,"Utility Steam Boiler, Thermic Heater, DG Set & Distillation",7320.0,534.7,0.0,45.1,51.4,0.1714,0.0429,24.0,FACTORY_OPERATIONAL_DATA,12.934,0.2868,11.856,3.8,25.0,1.085,4.455,5.54,0.1228,2,7,2024,1,-0.5,-0.866,0.7818,0.6235,9.233,10.3,11.954,153.042,12.483,9.188,8.458,12.797,17.064,17.9
2024-07-03,22.4125,73.0944,29.5,81,5.6,994.3,6.47,212,3.43,5.489,ERA5 Reanalysis (Open-Meteo Historical Archive),30.696,13.908,6.846,8.642,147.5,44.208,0.617,22.412,73.094,Copernicus S5P TROPOMI & CAMS Multi-Sensor Assimilation,0.18,0.85,0.3115,-0.0526,-0.4035,45.0,FAC_VAD_01,Apex PetroChem & Polymers Ltd,"Utility Steam Boiler, Thermic Heater, DG Set & Distillation",8242.0,590.4,0.0,52.9,60.3,0.201,0.0502,24.0,FACTORY_OPERATIONAL_DATA,14.441,0.273,11.161,3.8,25.0,1.199,5.016,6.215,0.1175,3,7,2024,2,-0.5,-0.866,0.9749,-0.2225,7.267,10.971,7.462,181.5,26.088,8.599,8.406,11.443,15.581,14.3
2024-07-04,22.4125,73.0944,28.9,83,5.1,996.1,5.11,204,2.079,4.669,ERA5 Reanalysis (Open-Meteo Historical Archive),34.425,13.242,7.721,9.388,150.5,42.708,0.711,22.412,73.094,Copernicus S5P TROPOMI & CAMS Multi-Sensor Assimilation,0.18,0.85,0.3115,-0.0526,-0.4035,45.0,FAC_VAD_01,Apex PetroChem & Polymers Ltd,"Utility Steam Boiler, Thermic Heater, DG Set & Distillation",7564.0,566.5,24.6,51.4,58.6,0.1953,0.048799999999999996,24.0,FACTORY_OPERATIONAL_DATA,13.758,0.2677,11.021,3.8,25.0,1.216,4.603,5.819,0.1132,4,7,2024,3,-0.5,-0.866,0.4339,-0.901,6.846,8.925,8.642,147.5,13.908,8.427,8.408,10.976,15.429,15.1
2024-07-05,22.4125,73.0944,27.7,88,10.1,994.5,4.92,209,2.384,4.3,ERA5 Reanalysis (Open-Meteo Historical Archive),36.233,15.954,10.517,13.283,161.625,35.875,0.6,22.412,73.094,Copernicus S5P TROPOMI & CAMS Multi-Sensor Assimilation,0.18,0.85,0.3115,-0.0526,-0.4035,45.0,FAC_VAD_01,Apex PetroChem & Polymers Ltd,"Utility Steam Boiler, Thermic Heater, DG Set & Distillation",7167.0,519.4,300.7,47.5,54.1,0.1805,0.0451,24.0,FACTORY_OPERATIONAL_DATA,15.628,0.329,10.935,3.8,25.0,1.86,4.362,6.222,0.131,5,7,2024,4,-0.5,-0.866,-0.4339,-0.901,7.721,8.783,9.388,150.5,13.242,8.675,8.494,11.17,15.999,20.1
2024-07-06,22.4125,73.0944,28.7,84,3.7,993.0,5.33,201,1.911,4.979,ERA5 Reanalysis (Open-Meteo Historical Archive),41.017,18.804,8.688,12.438,151.083,49.708,0.617,22.412,73.094,Copernicus S5P TROPOMI & CAMS Multi-Sensor Assimilation,0.18,0.85,0.3115,-0.0526,-0.4035,45.0,FAC_VAD_01,Apex PetroChem & Polymers Ltd,"Utility Steam Boiler, Thermic Heater, DG Set & Distillation",8627.0,664.9,0.0,56.3,64.2,0.2139,0.0535,24.0,FACTORY_OPERATIONAL_DATA,15.608,0.2772,11.81,3.8,25.0,1.35,5.25,6.6,0.1172,6,7,2024,5,-0.5,-0.866,-0.9749,-0.2225,10.517,8.642,13.283,161.625,15.954,8.681,8.436,11.078,16.321,19.7
2024-07-07,22.4125,73.0944,29.8,78,0.8,994.7,5.17,214,2.889,4.283,ERA5 Reanalysis (Open-Meteo Historical Archive),58.383,23.021,7.212,8.504,154.667,55.875,0.851,22.412,73.094,Copernicus S5P TROPOMI & CAMS Multi-Sensor Assimilation,0.18,0.85,0.3115,-0.0526,-0.4035,45.0,FAC_VAD_01,Apex PetroChem & Polymers Ltd,"Utility Steam Boiler, Thermic Heater, DG Set & Distillation",4827.0,373.3,6.1,34.2,38.3,0.1231,0.0345,18.0,FACTORY_OPERATIONAL_DATA,8.808,0.2575,10.915,3.6,28.0,0.774,2.938,3.712,0.1085,7,7,2024,6,-0.5,-0.866,-0.7818,0.6235,8.688,10.496,12.438,151.083,18.804,8.212,8.387,10.239,17.643,17.6
2024-07-08,22.4125,73.0944,29.1,82,2.3,995.8,4.31,209,2.087,3.766,ERA5 Reanalysis (Open-Meteo Historical Archive),60.946,22.729,10.396,9.029,196.167,53.333,0.811,22.412,73.094,Copernicus S5P TROPOMI & CAMS Multi-Sensor Assimilation,0.18,0.85,0.3115,-0.0526,-0.4035,45.0,FAC_VAD_01,Apex PetroChem & Polymers Ltd,"Utility Steam Boiler, Thermic Heater, DG Set & Distillation",7007.0,563.0,0.0,45.0,51.3,0.171,0.0428,24.0,FACTORY_OPERATIONAL_DATA,12.918,0.2871,12.511,3.8,25.0,1.143,4.264,5.407,0.1202,8,7,2024,0,-0.5,-0.866,0.0,1.0,7.212,9.233,8.504,154.667,23.021,8.378,8.45,9.821,19.107,19.3
2024-07-09,22.4125,73.0944,28.6,84,18.9,996.8,4.86,204,1.977,4.441,ERA5 Reanalysis (Open-Meteo Historical Archive),43.629,20.629,14.117,16.617,221.042,51.625,0.523,22.412,73.094,Copernicus S5P TROPOMI & CAMS Multi-Sensor Assimilation,0.18,0.85,0.3115,-0.0526,-0.4035,45.0,FAC_VAD_01,Apex PetroChem & Polymers Ltd,"Utility Steam Boiler, Thermic Heater, DG Set & Distillation",7150.0,576.0,0.0,49.6,56.5,0.1885,0.0471,24.0,FACTORY_OPERATIONAL_DATA,13.198,0.2661,11.613,3.8,25.0,1.169,4.351,5.52,0.1113,9,7,2024,1,-0.5,-0.866,0.7818,0.6235,10.396,7.267,9.029,196.167,22.729,9.357,8.599,11.129,18.327,25.9
2024-07-10,22.4125,73.0944,29.0,79,1.8,998.9,5.28,204,2.147,4.821,ERA5 Reanalysis (Open-Meteo Historical Archive),34.333,16.492,10.817,16.596,182.833,51.25,0.452,22.412,73.094,Copernicus S5P TROPOMI & CAMS Multi-Sensor Assimilation,0.18,0.85,0.3115,-0.0526,-0.4035,45.0,FAC_VAD_01,Apex PetroChem & Polymers Ltd,"Utility Steam Boiler, Thermic Heater, DG Set & Distillation",8120.0,639.3,0.0,55.9,63.7,0.2124,0.0531,24.0,FACTORY_OPERATIONAL_DATA,14.833,0.2653,11.436,3.8,25.0,1.298,4.942,6.24,0.1116,10,7,2024,2,-0.5,-0.866,0.9749,-0.2225,14.117,6.846,16.617,221.042,20.629,9.924,8.641,12.265,18.696,23.0
2024-07-11,22.4125,73.0944,28.9,80,6.4,998.0,5.14,223,3.505,3.758,ERA5 Reanalysis (Open-Meteo Historical Archive),36.304,16.229,9.304,11.092,176.0,43.208,0.589,22.412,73.094,Copernicus S5P TROPOMI & CAMS Multi-Sensor Assimilation,0.18,0.85,0.3115,-0.0526,-0.4035,45.0,FAC_VAD_01,Apex PetroChem & Polymers Ltd,"Utility Steam Boiler, Thermic Heater, DG Set & Distillation",7197.0,505.2,15.1,46.7,53.2,0.1775,0.0444,24.0,FACTORY_OPERATIONAL_DATA,12.653,0.2709,10.818,3.8,25.0,1.066,4.38,5.446,0.1166,11,7,2024,3,-0.5,-0.866,0.4339,-0.901,10.817,7.721,16.596,182.833,16.492,10.15,8.655,12.508,19.123,18.1
2024-07-12,22.4125,73.0944,28.7,81,9.0,995.7,5.53,232,4.356,3.403,ERA5 Reanalysis (Open-Meteo Historical Archive),26.992,14.225,7.6,6.163,165.583,37.458,0.611,22.412,73.094,Copernicus S5P TROPOMI & CAMS Multi-Sensor Assimilation,0.18,0.85,0.3115,-0.0526,-0.4035,45.0,FAC_VAD_01,Apex PetroChem & Polymers Ltd,"Utility Steam Boiler, Thermic Heater, DG Set & Distillation",7720.0,575.8,0.0,51.1,58.3,0.19419999999999998,0.0485,24.0,FACTORY_OPERATIONAL_DATA,13.766,0.2694,11.268,3.8,25.0,1.169,4.698,5.867,0.1148,12,7,2024,4,-0.5,-0.866,-0.4339,-0.901,9.304,10.517,11.092,176.0,16.229,9.733,8.654,11.491,18.876,12.9
2024-07-13,22.4125,73.0944,28.1,85,9.7,995.2,5.31,217,3.193,4.237,ERA5 Reanalysis (Open-Meteo Historical Archive),37.662,16.092,8.112,7.096,173.292,45.083,0.619,22.412,73.094,Copernicus S5P TROPOMI & CAMS Multi-Sensor Assimilation,0.18,0.85,0.3115,-0.0526,-0.4035,45.0,FAC_VAD_01,Apex PetroChem & Polymers Ltd,"Utility Steam Boiler, Thermic Heater, DG Set & Distillation",6687.0,476.6,30.5,40.0,45.6,0.152,0.038,24.0,FACTORY_OPERATIONAL_DATA,11.996,0.2999,11.915,3.8,25.0,1.049,4.07,5.119,0.128,13,7,2024,5,-0.5,-0.866,-0.9749,-0.2225,7.6,8.688,6.163,165.583,14.225,9.651,8.698,10.728,18.488,14.5
2024-07-14,22.4125,73.0944,28.5,84,2.6,994.3,4.67,212,2.473,3.958,ERA5 Reanalysis (Open-Meteo Historical Archive),51.825,20.625,8.796,7.808,190.25,56.375,0.711,22.412,73.094,Copernicus S5P TROPOMI & CAMS Multi-Sensor Assimilation,0.18,0.85,0.3115,-0.0526,-0.4035,45.0,FAC_VAD_01,Apex PetroChem & Polymers Ltd,"Utility Steam Boiler, Thermic Heater, DG Set & Distillation",5350.0,389.3,31.6,35.0,39.2,0.126,0.0353,18.0,FACTORY_OPERATIONAL_DATA,9.754,0.2787,11.123,3.6,28.0,0.875,3.256,4.131,0.118,14,7,2024,6,-0.5,-0.866,-0.7818,0.6235,8.112,7.212,7.096,173.292,16.092,9.877,8.774,10.629,18.146,16.9
2024-07-15,22.4125,73.0944,27.7,89,18.3,994.5,3.19,256,3.1,0.773,ERA5 Reanalysis (Open-Meteo Historical Archive),43.562,22.671,15.342,11.908,254.5,48.75,0.694,22.412,73.094,Copernicus S5P TROPOMI & CAMS Multi-Sensor Assimilation,0.18,0.85,0.3115,-0.0526,-0.4035,45.0,FAC_VAD_01,Apex PetroChem & Polymers Ltd,"Utility Steam Boiler, Thermic Heater, DG Set & Distillation",6810.0,531.3,4.9,45.2,51.5,0.1718,0.043,24.0,FACTORY_OPERATIONAL_DATA,12.438,0.2752,11.754,3.8,25.0,1.092,4.145,5.237,0.1159,15,7,2024,0,-0.5,-0.866,0.0,1.0,8.796,10.396,7.808,190.25,20.625,10.584,9.055,11.04,18.138,23.6
2024-07-16,22.4125,73.0944,28.4,86,14.5,993.7,4.69,204,1.909,4.289,ERA5 Reanalysis (Open-Meteo Historical Archive),46.417,26.258,13.208,11.658,246.417,68.667,0.678,22.412,73.094,Copernicus S5P TROPOMI & CAMS Multi-Sensor Assimilation,0.18,0.85,0.3115,-0.0526,-0.4035,45.0,FAC_VAD_01,Apex PetroChem & Polymers Ltd,"Utility Steam Boiler, Thermic Heater, DG Set & Distillation",6465.0,504.4,307.3,41.8,47.7,0.15880000000000002,0.039700000000000006,24.0,FACTORY_OPERATIONAL_DATA,14.834,0.3549,12.067,3.8,25.0,1.847,3.935,5.782,0.1383,16,7,2024,1,-0.5,-0.866,0.7818,0.6235,15.342,14.117,11.908,254.5,22.671,10.454,9.264,10.332,18.942,23.7
2024-07-17,22.4125,73.0944,28.7,80,1.2,994.8,5.0,201,1.792,4.668,ERA5 Reanalysis (Open-Meteo Historical Archive),26.058,15.442,12.292,19.479,197.917,52.625,0.329,22.412,73.094,Copernicus S5P TROPOMI & CAMS Multi-Sensor Assimilation,0.18,0.85,0.3115,-0.0526,-0.4035,45.0,FAC_VAD_01,Apex PetroChem & Polymers Ltd,"Utility Steam Boiler, Thermic Heater, DG Set & Distillation",7199.0,577.1,0.0,48.2,54.9,0.1832,0.0458,24.0,FACTORY_OPERATIONAL_DATA,13.259,0.2751,11.973,3.8,25.0,1.172,4.381,5.553,0.1152,17,7,2024,2,-0.5,-0.866,0.9749,-0.2225,13.208,10.817,11.658,246.417,26.258,10.665,9.422,10.743,18.792,25.4
2024-07-18,22.4125,73.0944,28.7,82,5.1,994.6,6.86,191,1.309,6.735,ERA5 Reanalysis (Open-Meteo Historical Archive),18.717,12.296,11.825,17.762,189.792,46.583,0.37,22.412,73.094,Copernicus S5P TROPOMI & CAMS Multi-Sensor Assimilation,0.18,0.85,0.3115,-0.0526,-0.4035,45.0,FAC_VAD_01,Apex PetroChem & Polymers Ltd,"Utility Steam Boiler, Thermic Heater, DG Set & Distillation",5866.0,475.6,0.0,39.9,45.5,0.15159999999999998,0.037899999999999996,24.0,FACTORY_OPERATIONAL_DATA,10.86,0.2722,11.92,3.8,25.0,0.965,3.57,4.535,0.1137,18,7,2024,3,-0.5,-0.866,0.4339,-0.901,12.292,9.304,19.479,197.917,15.442,11.025,9.582,11.696,18.23,22.8
2024-07-19,22.4125,73.0944,28.0,85,1.9,992.4,5.53,184,0.386,5.514,ERA5 Reanalysis (Open-Meteo Historical Archive),15.462,10.854,8.592,11.292,175.292,55.0,0.227,22.412,73.094,Copernicus S5P TROPOMI & CAMS Multi-Sensor Assimilation,0.18,0.85,0.3115,-0.0526,-0.4035,45.0,FAC_VAD_01,Apex PetroChem & Polymers Ltd,"Utility Steam Boiler, Thermic Heater, DG Set & Distillation",7714.0,583.7,0.0,50.7,57.8,0.19269999999999998,0.0482,24.0,FACTORY_OPERATIONAL_DATA,13.843,0.273,11.513,3.8,25.0,1.185,4.695,5.88,0.116,19,7,2024,4,-0.5,-0.866,-0.4339,-0.901,11.825,7.6,17.762,189.792,12.296,11.167,9.635,12.429,17.748,16.0
2024-07-20,22.4125,73.0944,28.5,82,1.9,993.4,6.53,184,0.455,6.512,ERA5 Reanalysis (Open-Meteo Historical Archive),20.021,13.483,9.042,13.104,177.792,55.75,0.263,22.412,73.094,Copernicus S5P TROPOMI & CAMS Multi-Sensor Assimilation,0.18,0.85,0.3115,-0.0526,-0.4035,45.0,FAC_VAD_01,Apex PetroChem & Polymers Ltd,"Utility Steam Boiler, Thermic Heater, DG Set & Distillation",7883.0,584.6,0.0,50.9,58.0,0.19340000000000002,0.0484,24.0,FACTORY_OPERATIONAL_DATA,14.021,0.2755,11.485,3.8,25.0,1.187,4.798,5.985,0.1176,20,7,2024,5,-0.5,-0.866,-0.9749,-0.2225,8.592,8.112,11.292,175.292,10.854,11.3,9.697,13.287,17.376,18.5
2024-07-21,22.4125,73.0944,28.1,86,4.5,994.0,5.03,193,1.131,4.899,ERA5 Reanalysis (Open-Meteo Historical Archive),25.567,17.354,8.108,11.4,183.333,62.875,0.351,22.412,73.094,Copernicus S5P TROPOMI & CAMS Multi-Sensor Assimilation,0.18,0.85,0.3115,-0.0526,-0.4035,45.0,FAC_VAD_01,Apex PetroChem & Polymers Ltd,"Utility Steam Boiler, Thermic Heater, DG Set & Distillation",4802.0,361.9,7.1,31.2,34.9,0.1123,0.0314,18.0,FACTORY_OPERATIONAL_DATA,8.673,0.278,11.599,3.6,28.0,0.754,2.922,3.676,0.1178,21,7,2024,6,-0.5,-0.866,-0.7818,0.6235,9.042,8.796,13.104,177.792,13.483,11.201,9.742,13.8,16.908,18.2
2024-07-22,22.4125,73.0944,27.3,90,14.3,995.1,5.78,214,3.231,4.79,ERA5 Reanalysis (Open-Meteo Historical Archive),27.633,20.912,9.729,11.104,193.958,49.667,0.312,22.412,73.094,Copernicus S5P TROPOMI & CAMS Multi-Sensor Assimilation,0.18,0.85,0.3115,-0.0526,-0.4035,45.0,FAC_VAD_01,Apex PetroChem & Polymers Ltd,"Utility Steam Boiler, Thermic Heater, DG Set & Distillation",8299.0,673.1,0.0,53.9,61.4,0.2048,0.0512,24.0,FACTORY_OPERATIONAL_DATA,15.367,0.2851,12.488,3.8,25.0,1.366,5.051,6.417,0.1191,22,7,2024,0,-0.5,-0.866,0.0,1.0,8.108,15.342,11.4,183.333,17.354,10.399,9.812,13.686,16.657,19.9
2024-07-23,22.4125,73.0944,27.6,87,25.5,995.5,6.36,222,4.256,4.727,ERA5 Reanalysis (Open-Meteo Historical Archive),35.204,19.892,7.608,7.925,168.25,52.708,0.339,22.412,73.094,Copernicus S5P TROPOMI & CAMS Multi-Sensor Assimilation,0.18,0.85,0.3115,-0.0526,-0.4035,45.0,FAC_VAD_01,Apex PetroChem & Polymers Ltd,"Utility Steam Boiler, Thermic Heater, DG Set & Distillation",7956.0,597.8,36.9,51.1,58.3,0.19419999999999998,0.0485,24.0,FACTORY_OPERATIONAL_DATA,14.602,0.2858,11.699,3.8,25.0,1.312,4.842,6.154,0.1204,23,7,2024,1,-0.5,-0.866,0.7818,0.6235,9.729,13.208,11.104,193.958,20.912,9.599,9.683,13.152,15.748,16.2
2024-07-24,22.4125,73.0944,26.5,93,54.3,993.1,5.5,230,4.213,3.535,ERA5 Reanalysis (Open-Meteo Historical Archive),23.463,17.588,6.917,3.517,177.125,52.167,0.248,22.412,73.094,Copernicus S5P TROPOMI & CAMS Multi-Sensor Assimilation,0.18,0.85,0.3115,-0.0526,-0.4035,45.0,FAC_VAD_01,Apex PetroChem & Polymers Ltd,"Utility Steam Boiler, Thermic Heater, DG Set & Distillation",6553.0,503.8,53.2,41.7,47.5,0.1585,0.0396,24.0,FACTORY_OPERATIONAL_DATA,12.375,0.2968,12.082,3.8,25.0,1.165,3.988,5.153,0.1236,24,7,2024,2,-0.5,-0.866,0.9749,-0.2225,7.608,12.292,7.925,168.25,19.892,8.832,9.58,10.872,16.054,11.8
2024-07-25,22.4125,73.0944,27.1,87,12.8,992.5,6.28,239,5.381,3.233,ERA5 Reanalysis (Open-Meteo Historical Archive),31.067,15.925,7.379,5.129,166.583,43.583,0.357,22.412,73.094,Copernicus S5P TROPOMI & CAMS Multi-Sensor Assimilation,0.18,0.85,0.3115,-0.0526,-0.4035,45.0,FAC_VAD_01,Apex PetroChem & Polymers Ltd,"Utility Steam Boiler, Thermic Heater, DG Set & Distillation",7042.0,553.1,0.0,47.9,54.6,0.182,0.0455,24.0,FACTORY_OPERATIONAL_DATA,12.85,0.2683,11.547,3.8,25.0,1.123,4.286,5.409,0.1129,25,7,2024,3,-0.5,-0.866,0.4339,-0.901,6.917,11.825,3.517,177.125,17.588,8.196,9.483,9.067,16.573,12.6
2024-07-26,22.4125,73.0944,28.2,83,2.1,993.7,6.0,240,5.196,3.0,ERA5 Reanalysis (Open-Meteo Historical Archive),35.546,14.317,5.454,4.442,145.375,48.25,0.57,22.412,73.094,Copernicus S5P TROPOMI & CAMS Multi-Sensor Assimilation,0.18,0.85,0.3115,-0.0526,-0.4035,45.0,FAC_VAD_01,Apex PetroChem & Polymers Ltd,"Utility Steam Boiler, Thermic Heater, DG Set & Distillation",7500.0,605.1,0.0,49.7,56.7,0.1889,0.047200000000000006,24.0,FACTORY_OPERATIONAL_DATA,13.854,0.2788,12.175,3.8,25.0,1.228,4.564,5.792,0.1165,26,7,2024,4,-0.5,-0.866,-0.4339,-0.901,7.379,8.592,5.129,166.583,15.925,7.748,9.299,8.089,17.067,10.7
2024-07-27,22.4125,73.0944,27.2,88,10.9,995.2,5.25,238,4.452,2.782,ERA5 Reanalysis (Open-Meteo Historical Archive),36.788,15.338,6.433,4.188,154.792,41.833,0.61,22.412,73.094,Copernicus S5P TROPOMI & CAMS Multi-Sensor Assimilation,0.18,0.85,0.3115,-0.0526,-0.4035,45.0,FAC_VAD_01,Apex PetroChem & Polymers Ltd,"Utility Steam Boiler, Thermic Heater, DG Set & Distillation",6352.0,447.3,0.0,41.3,47.1,0.1569,0.039200000000000006,24.0,FACTORY_OPERATIONAL_DATA,11.049,0.2675,10.831,3.8,25.0,0.908,3.866,4.774,0.1156,27,7,2024,5,-0.5,-0.866,-0.9749,-0.2225,5.454,9.042,4.442,145.375,14.317,7.375,9.216,6.815,17.332,11.3
2024-07-28,22.4125,73.0944,27.3,90,12.9,993.3,4.31,244,3.87,1.887,ERA5 Reanalysis (Open-Meteo Historical Archive),42.225,19.463,9.483,6.779,188.0,39.292,0.479,22.412,73.094,Copernicus S5P TROPOMI & CAMS Multi-Sensor Assimilation,0.18,0.85,0.3115,-0.0526,-0.4035,45.0,FAC_VAD_01,Apex PetroChem & Polymers Ltd,"Utility Steam Boiler, Thermic Heater, DG Set & Distillation",5364.0,370.7,62.0,35.6,39.9,0.12819999999999998,0.0359,18.0,FACTORY_OPERATIONAL_DATA,9.876,0.2774,10.413,3.6,28.0,0.919,3.265,4.184,0.1175,28,7,2024,6,-0.5,-0.866,-0.7818,0.6235,6.433,8.108,4.188,154.792,15.338,7.572,9.239,6.155,17.634,16.0
2024-07-29,22.4125,73.0944,26.7,93,51.2,991.5,6.94,223,4.736,5.079,ERA5 Reanalysis (Open-Meteo Historical Archive),30.375,19.5,11.325,9.038,216.833,37.875,0.331,22.412,73.094,Copernicus S5P TROPOMI & CAMS Multi-Sensor Assimilation,0.18,0.85,0.3115,-0.0526,-0.4035,45.0,FAC_VAD_01,Apex PetroChem & Polymers Ltd,"Utility Steam Boiler, Thermic Heater, DG Set & Distillation",8014.0,550.5,20.2,50.0,57.0,0.19,0.0475,24.0,FACTORY_OPERATIONAL_DATA,13.996,0.2799,11.01,3.8,25.0,1.172,4.877,6.049,0.121,29,7,2024,0,-0.5,-0.866,0.0,1.0,9.483,9.729,6.779,188.0,19.463,7.8,9.329,5.86,17.432,18.6
2024-07-30,22.4125,73.0944,28.0,85,5.6,995.1,5.58,211,2.876,4.786,ERA5 Reanalysis (Open-Meteo Historical Archive),33.708,15.458,9.142,10.567,178.333,44.083,0.511,22.412,73.094,Copernicus S5P TROPOMI & CAMS Multi-Sensor Assimilation,0.18,0.85,0.3115,-0.0526,-0.4035,45.0,FAC_VAD_01,Apex PetroChem & Polymers Ltd,"Utility Steam Boiler, Thermic Heater, DG Set & Distillation",6363.0,455.1,3.5,41.8,47.7,0.15880000000000002,0.039700000000000006,24.0,FACTORY_OPERATIONAL_DATA,11.177,0.2674,10.888,3.8,25.0,0.933,3.873,4.806,0.115,30,7,2024,1,-0.5,-0.866,0.7818,0.6235,11.325,7.608,9.038,216.833,19.5,8.019,9.284,6.237,16.798,17.3
2024-07-31,22.4125,73.0944,28.4,83,4.7,997.6,5.31,225,3.752,3.752,ERA5 Reanalysis (Open-Meteo Historical Archive),70.75,24.604,7.692,8.2,175.917,53.583,0.658,22.412,73.094,Copernicus S5P TROPOMI & CAMS Multi-Sensor Assimilation,0.18,0.85,0.3115,-0.0526,-0.4035,45.0,FAC_VAD_01,Apex PetroChem & Polymers Ltd,"Utility Steam Boiler, Thermic Heater, DG Set & Distillation",7001.0,574.6,0.0,49.1,56.0,0.1866,0.0466,24.0,FACTORY_OPERATIONAL_DATA,13.034,0.2655,11.703,3.8,25.0,1.166,4.261,5.427,0.1105,31,7,2024,2,-0.5,-0.866,0.9749,-0.2225,9.142,6.917,10.567,178.333,15.458,8.13,9.232,6.906,17.801,18.1
2024-08-01,22.4125,73.0944,27.5,87,16.0,997.0,5.69,226,4.096,3.956,ERA5 Reanalysis (Open-Meteo Historical Archive),28.921,11.838,7.163,6.067,164.375,42.792,0.558,22.412,73.094,Copernicus S5P TROPOMI & CAMS Multi-Sensor Assimilation,0.18,0.85,0.3115,-0.0526,-0.4035,45.0,FAC_VAD_01,Apex PetroChem & Polymers Ltd,"Utility Steam Boiler, Thermic Heater, DG Set & Distillation",8832.0,723.7,0.0,57.9,66.0,0.22,0.055,24.0,FACTORY_OPERATIONAL_DATA,16.431,0.2838,12.499,3.8,25.0,1.469,5.375,6.844,0.1182,1,8,2024,3,-0.866,-0.5,0.4339,-0.901,7.692,7.379,8.2,175.917,24.604,8.099,9.229,7.04,17.217,11.8
2024-08-02,22.4125,73.0944,26.8,88,4.9,996.1,6.0,226,4.316,4.168,ERA5 Reanalysis (Open-Meteo Historical Archive),17.638,8.829,6.058,5.025,148.417,43.375,0.41,22.412,73.094,Copernicus S5P TROPOMI & CAMS Multi-Sensor Assimilation,0.18,0.85,0.3115,-0.0526,-0.4035,45.0,FAC_VAD_01,Apex PetroChem & Polymers Ltd,"Utility Steam Boiler, Thermic Heater, DG Set & Distillation",8312.0,605.2,0.0,51.9,59.2,0.1972,0.0493,24.0,FACTORY_OPERATIONAL_DATA,14.667,0.2826,11.661,3.8,25.0,1.229,5.059,6.288,0.1212,2,8,2024,4,-0.866,-0.5,-0.4339,-0.901,7.163,5.454,6.067,164.375,11.838,8.185,9.202,7.123,16.433,9.5
2024-08-03,22.4125,73.0944,26.5,91,42.9,996.1,5.89,224,4.091,4.236,ERA5 Reanalysis (Open-Meteo Historical Archive),17.833,10.638,7.504,5.192,162.583,39.667,0.292,22.412,73.094,Copernicus S5P TROPOMI & CAMS Multi-Sensor Assimilation,0.18,0.85,0.3115,-0.0526,-0.4035,45.0,FAC_VAD_01,Apex PetroChem & Polymers Ltd,"Utility Steam Boiler, Thermic Heater, DG Set & Distillation",6988.0,506.5,0.0,46.0,52.4,0.1748,0.0437,24.0,FACTORY_OPERATIONAL_DATA,12.306,0.2675,11.011,3.8,25.0,1.028,4.253,5.281,0.1148,3,8,2024,5,-0.866,-0.5,-0.9749,-0.2225,6.058,6.433,5.025,148.417,8.829,8.338,9.195,7.267,15.761,10.9
2024-08-04,22.4125,73.0944,26.8,90,14.2,997.0,5.19,231,4.037,3.269,ERA5 Reanalysis (Open-Meteo Historical Archive),30.279,13.121,8.608,5.988,169.333,33.625,1.002,22.412,73.094,Copernicus S5P TROPOMI & CAMS Multi-Sensor Assimilation,0.18,0.85,0.3115,-0.0526,-0.4035,45.0,FAC_VAD_01,Apex PetroChem & Polymers Ltd,"Utility Steam Boiler, Thermic Heater, DG Set & Distillation",4683.0,352.0,3.0,32.8,36.7,0.1181,0.033100000000000004,18.0,FACTORY_OPERATIONAL_DATA,8.409,0.2564,10.732,3.6,28.0,0.723,2.85,3.573,0.1089,4,8,2024,6,-0.866,-0.5,-0.7818,0.6235,7.504,9.483,5.192,162.583,10.638,8.213,9.132,7.154,14.855,12.8
2024-08-05,22.4125,73.0944,27.1,87,4.3,998.4,6.36,223,4.338,4.652,ERA5 Reanalysis (Open-Meteo Historical Archive),44.838,16.362,7.696,7.425,160.792,40.417,1.063,22.412,73.094,Copernicus S5P TROPOMI & CAMS Multi-Sensor Assimilation,0.18,0.85,0.3115,-0.0526,-0.4035,45.0,FAC_VAD_01,Apex PetroChem & Polymers Ltd,"Utility Steam Boiler, Thermic Heater, DG Set & Distillation",7690.0,527.3,0.0,50.2,57.2,0.19080000000000003,0.047700000000000006,24.0,FACTORY_OPERATIONAL_DATA,13.227,0.2635,10.504,3.8,25.0,1.07,4.68,5.75,0.1145,5,8,2024,0,-0.866,-0.5,0.0,1.0,8.608,11.325,5.988,169.333,13.121,7.695,9.098,6.923,14.407,14.7
2024-08-06,22.4125,73.0944,27.5,85,6.6,998.7,5.83,225,4.125,4.125,ERA5 Reanalysis (Open-Meteo Historical Archive),34.988,12.942,6.429,6.258,149.25,45.458,0.679,22.412,73.094,Copernicus S5P TROPOMI & CAMS Multi-Sensor Assimilation,0.18,0.85,0.3115,-0.0526,-0.4035,45.0,FAC_VAD_01,Apex PetroChem & Polymers Ltd,"Utility Steam Boiler, Thermic Heater, DG Set & Distillation",7242.0,562.0,0.0,45.6,52.0,0.1733,0.0433,24.0,FACTORY_OPERATIONAL_DATA,13.143,0.2882,12.325,3.8,25.0,1.141,4.407,5.548,0.1217,6,8,2024,1,-0.866,-0.5,0.7818,0.6235,7.696,9.142,7.425,160.792,16.362,7.307,9.072,6.308,14.048,12.0
2024-08-07,22.4125,73.0944,27.9,81,1.0,999.2,5.08,235,4.164,2.916,ERA5 Reanalysis (Open-Meteo Historical Archive),32.387,12.263,6.571,5.392,155.75,45.917,0.664,22.412,73.094,Copernicus S5P TROPOMI & CAMS Multi-Sensor Assimilation,0.18,0.85,0.3115,-0.0526,-0.4035,45.0,FAC_VAD_01,Apex PetroChem & Polymers Ltd,"Utility Steam Boiler, Thermic Heater, DG Set & Distillation",7954.0,565.6,0.0,51.7,58.9,0.1965,0.049100000000000005,24.0,FACTORY_OPERATIONAL_DATA,13.893,0.2687,10.94,3.8,25.0,1.148,4.841,5.989,0.1158,7,8,2024,2,-0.866,-0.5,0.9749,-0.2225,6.429,7.692,6.258,149.25,12.942,7.147,8.945,5.907,12.285,11.2
2024-08-08,22.4125,73.0944,27.6,82,3.3,1000.4,4.92,235,4.027,2.82,ERA5 Reanalysis (Open-Meteo Historical Archive),24.312,11.138,7.45,6.379,167.833,46.333,0.542,22.412,73.094,Copernicus S5P TROPOMI & CAMS Multi-Sensor Assimilation,0.18,0.85,0.3115,-0.0526,-0.4035,45.0,FAC_VAD_01,Apex PetroChem & Polymers Ltd,"Utility Steam Boiler, Thermic Heater, DG Set & Distillation",7609.0,543.7,0.0,51.5,58.7,0.19569999999999999,0.0489,24.0,FACTORY_OPERATIONAL_DATA,13.318,0.2586,10.557,3.8,25.0,1.104,4.631,5.735,0.1114,8,8,2024,3,-0.866,-0.5,0.4339,-0.901,6.571,7.163,5.392,155.75,12.263,7.188,8.723,5.951,12.185,11.9
2024-08-09,22.4125,73.0944,26.9,88,16.7,1001.3,4.17,230,3.192,2.678,ERA5 Reanalysis (Open-Meteo Historical Archive),31.767,14.483,11.05,8.025,210.25,38.125,0.561,22.412,73.094,Copernicus S5P TROPOMI & CAMS Multi-Sensor Assimilation,0.18,0.85,0.3115,-0.0526,-0.4035,45.0,FAC_VAD_01,Apex PetroChem & Polymers Ltd,"Utility Steam Boiler, Thermic Heater, DG Set & Distillation",6176.0,523.2,0.0,42.9,48.9,0.163,0.040799999999999996,24.0,FACTORY_OPERATIONAL_DATA,11.67,0.272,12.196,3.8,25.0,1.062,3.759,4.821,0.1124,9,8,2024,4,-0.866,-0.5,-0.4339,-0.901,7.45,6.058,6.379,167.833,11.138,7.901,8.73,6.38,12.992,15.9
2024-08-10,22.4125,73.0944,26.6,91,36.5,1000.8,6.17,235,5.051,3.537,ERA5 Reanalysis (Open-Meteo Historical Archive),26.929,13.992,12.333,6.688,214.792,28.667,0.541,22.412,73.094,Copernicus S5P TROPOMI & CAMS Multi-Sensor Assimilation,0.18,0.85,0.3115,-0.0526,-0.4035,45.0,FAC_VAD_01,Apex PetroChem & Polymers Ltd,"Utility Steam Boiler, Thermic Heater, DG Set & Distillation",6780.0,579.4,0.0,46.7,53.2,0.1775,0.0444,24.0,FACTORY_OPERATIONAL_DATA,12.864,0.2755,12.407,3.8,25.0,1.176,4.126,5.302,0.1135,10,8,2024,5,-0.866,-0.5,-0.9749,-0.2225,11.05,7.504,8.025,210.25,14.483,8.591,8.831,6.594,13.472,15.3
2024-08-11,22.4125,73.0944,26.5,87,2.8,999.4,5.42,233,4.326,3.26,ERA5 Reanalysis (Open-Meteo Historical Archive),25.683,11.0,7.871,5.204,169.417,38.542,0.479,22.412,73.094,Copernicus S5P TROPOMI & CAMS Multi-Sensor Assimilation,0.18,0.85,0.3115,-0.0526,-0.4035,45.0,FAC_VAD_01,Apex PetroChem & Polymers Ltd,"Utility Steam Boiler, Thermic Heater, DG Set & Distillation",4471.0,331.3,18.5,30.2,33.8,0.1087,0.0304,18.0,FACTORY_OPERATIONAL_DATA,8.135,0.2694,10.97,3.6,28.0,0.722,2.721,3.443,0.114,11,8,2024,6,-0.866,-0.5,-0.7818,0.6235,12.333,8.608,6.688,214.792,13.992,8.486,8.84,6.482,13.169,11.2
2024-08-12,22.4125,73.0944,26.9,88,15.6,999.5,4.11,216,2.416,3.326,ERA5 Reanalysis (Open-Meteo Historical Archive),22.012,10.596,9.296,6.812,182.417,35.5,0.409,22.412,73.094,Copernicus S5P TROPOMI & CAMS Multi-Sensor Assimilation,0.18,0.85,0.3115,-0.0526,-0.4035,45.0,FAC_VAD_01,Apex PetroChem & Polymers Ltd,"Utility Steam Boiler, Thermic Heater, DG Set & Distillation",8226.0,609.5,0.0,55.3,63.0,0.21009999999999998,0.0525,24.0,FACTORY_OPERATIONAL_DATA,14.626,0.2645,11.022,3.8,25.0,1.237,5.006,6.243,0.1129,12,8,2024,0,-0.866,-0.5,0.0,1.0,7.871,7.696,5.204,169.417,11.0,8.714,8.88,6.394,12.345,12.9
2024-08-13,22.4125,73.0944,27.4,86,2.4,1000.5,3.75,219,2.36,2.914,ERA5 Reanalysis (Open-Meteo Historical Archive),37.017,15.079,11.017,10.112,203.5,37.083,0.489,22.412,73.094,Copernicus S5P TROPOMI & CAMS Multi-Sensor Assimilation,0.18,0.85,0.3115,-0.0526,-0.4035,45.0,FAC_VAD_01,Apex PetroChem & Polymers Ltd,"Utility Steam Boiler, Thermic Heater, DG Set & Distillation",7620.0,558.6,0.0,49.1,56.0,0.1866,0.0466,24.0,FACTORY_OPERATIONAL_DATA,13.485,0.2746,11.377,3.8,25.0,1.134,4.638,5.772,0.1176,13,8,2024,1,-0.866,-0.5,0.7818,0.6235,9.296,6.429,6.812,182.417,10.596,9.37,8.954,6.945,12.65,17.7
2024-08-14,22.4125,73.0944,28.0,84,1.6,1000.6,4.36,216,2.563,3.528,ERA5 Reanalysis (Open-Meteo Historical Archive),28.542,12.321,11.308,10.875,197.583,40.458,0.452,22.412,73.094,Copernicus S5P TROPOMI & CAMS Multi-Sensor Assimilation,0.18,0.85,0.3115,-0.0526,-0.4035,45.0,FAC_VAD_01,Apex PetroChem & Polymers Ltd,"Utility Steam Boiler, Thermic Heater, DG Set & Distillation",7245.0,602.1,0.0,50.8,57.9,0.193,0.0482,24.0,FACTORY_OPERATIONAL_DATA,13.567,0.2671,11.852,3.8,25.0,1.222,4.409,5.631,0.1108,14,8,2024,2,-0.866,-0.5,0.9749,-0.2225,11.017,6.571,10.112,203.5,15.079,10.046,8.819,7.728,12.658,17.4
2024-08-15,22.4125,73.0944,27.6,85,2.8,999.7,3.81,222,2.546,2.828,ERA5 Reanalysis (Open-Meteo Historical Archive),32.467,14.612,11.525,11.654,205.083,40.833,0.48,22.412,73.094,Copernicus S5P TROPOMI & CAMS Multi-Sensor Assimilation,0.18,0.85,0.3115,-0.0526,-0.4035,45.0,FAC_VAD_01,Apex PetroChem & Polymers Ltd,"Utility Steam Boiler, Thermic Heater, DG Set & Distillation",7979.0,604.0,0.0,52.0,59.3,0.1976,0.0494,24.0,FACTORY_OPERATIONAL_DATA,14.321,0.2754,11.615,3.8,25.0,1.226,4.856,6.082,0.117,15,8,2024,3,-0.866,-0.5,0.4339,-0.901,11.308,7.45,10.875,197.583,12.321,10.629,8.763,8.481,13.155,18.9
2024-08-16,22.4125,73.0944,28.0,82,2.5,998.6,5.61,219,3.531,4.361,ERA5 Reanalysis (Open-Meteo Historical Archive),30.854,14.275,9.904,10.725,192.417,40.75,0.461,22.412,73.094,Copernicus S5P TROPOMI & CAMS Multi-Sensor Assimilation,0.18,0.85,0.3115,-0.0526,-0.4035,45.0,FAC_VAD_01,Apex PetroChem & Polymers Ltd,"Utility Steam Boiler, Thermic Heater, DG Set & Distillation",5873.0,434.6,0.0,36.5,41.6,0.1387,0.0347,24.0,FACTORY_OPERATIONAL_DATA,10.436,0.2859,11.907,3.8,25.0,0.882,3.574,4.456,0.1221,16,8,2024,4,-0.866,-0.5,-0.4339,-0.901,11.525,11.05,11.654,205.083,14.612,10.465,8.684,8.867,13.125,17.4
2024-08-17,22.4125,73.0944,28.3,80,1.9,1000.1,4.11,211,2.117,3.524,ERA5 Reanalysis (Open-Meteo Historical Archive),28.108,13.917,10.717,12.112,198.375,43.917,0.41,22.412,73.094,Copernicus S5P TROPOMI & CAMS Multi-Sensor Assimilation,0.18,0.85,0.3115,-0.0526,-0.4035,45.0,FAC_VAD_01,Apex PetroChem & Polymers Ltd,"Utility Steam Boiler, Thermic Heater, DG Set & Distillation",8205.0,631.2,0.0,53.0,60.4,0.2014,0.0504,24.0,FACTORY_OPERATIONAL_DATA,14.833,0.2799,11.909,3.8,25.0,1.281,4.994,6.275,0.1184,17,8,2024,5,-0.866,-0.5,-0.9749,-0.2225,9.904,12.333,10.725,192.417,14.275,10.234,8.647,9.642,13.114,18.6
2024-08-18,22.4125,73.0944,28.6,80,1.7,1001.2,2.94,229,2.222,1.932,ERA5 Reanalysis (Open-Meteo Historical Archive),33.962,16.662,18.246,11.442,270.125,38.5,0.426,22.412,73.094,Copernicus S5P TROPOMI & CAMS Multi-Sensor Assimilation,0.18,0.85,0.3115,-0.0526,-0.4035,45.0,FAC_VAD_01,Apex PetroChem & Polymers Ltd,"Utility Steam Boiler, Thermic Heater, DG Set & Distillation",4721.0,383.1,16.9,33.3,37.3,0.1199,0.033600000000000005,18.0,FACTORY_OPERATIONAL_DATA,8.913,0.2677,11.505,3.6,28.0,0.823,2.873,3.696,0.111,18,8,2024,6,-0.866,-0.5,-0.7818,0.6235,10.717,7.871,12.112,198.375,13.917,11.716,8.969,10.533,13.923,22.4
2024-08-19,22.4125,73.0944,29.3,79,0.7,1000.4,3.03,265,3.016,0.264,ERA5 Reanalysis (Open-Meteo Historical Archive),39.183,21.488,16.517,11.133,292.167,56.833,0.477,22.412,73.094,Copernicus S5P TROPOMI & CAMS Multi-Sensor Assimilation,0.18,0.85,0.3115,-0.0526,-0.4035,45.0,FAC_VAD_01,Apex PetroChem & Polymers Ltd,"Utility Steam Boiler, Thermic Heater, DG Set & Distillation",7940.0,609.2,0.0,50.7,57.8,0.19269999999999998,0.0482,24.0,FACTORY_OPERATIONAL_DATA,14.337,0.2828,12.016,3.8,25.0,1.237,4.832,6.069,0.1197,19,8,2024,0,-0.866,-0.5,0.0,1.0,18.246,9.296,11.442,270.125,16.662,12.748,9.218,11.15,15.479,23.1
2024-08-20,22.4125,73.0944,28.5,83,2.6,1000.1,3.39,249,3.164,1.214,ERA5 Reanalysis (Open-Meteo Historical Archive),40.7,23.521,16.329,16.2,288.958,56.75,0.593,22.412,73.094,Copernicus S5P TROPOMI & CAMS Multi-Sensor Assimilation,0.18,0.85,0.3115,-0.0526,-0.4035,45.0,FAC_VAD_01,Apex PetroChem & Polymers Ltd,"Utility Steam Boiler, Thermic Heater, DG Set & Distillation",7065.0,606.4,146.6,51.2,58.4,0.1946,0.048600000000000004,24.0,FACTORY_OPERATIONAL_DATA,14.898,0.291,11.844,3.8,25.0,1.624,4.3,5.924,0.1157,20,8,2024,1,-0.866,-0.5,0.7818,0.6235,16.517,11.017,11.133,292.167,21.488,13.507,9.492,12.02,16.685,27.5
2024-08-21,22.4125,73.0944,27.7,89,15.9,1000.7,2.61,210,1.306,2.261,ERA5 Reanalysis (Open-Meteo Historical Archive),41.762,25.479,18.983,15.542,331.875,48.542,0.673,22.412,73.094,Copernicus S5P TROPOMI & CAMS Multi-Sensor Assimilation,0.18,0.85,0.3115,-0.0526,-0.4035,45.0,FAC_VAD_01,Apex PetroChem & Polymers Ltd,"Utility Steam Boiler, Thermic Heater, DG Set & Distillation",7669.0,543.9,173.5,47.6,54.3,0.1809,0.045200000000000004,24.0,FACTORY_OPERATIONAL_DATA,15.115,0.3175,11.426,3.8,25.0,1.569,4.667,6.236,0.131,21,8,2024,2,-0.866,-0.5,0.9749,-0.2225,16.329,11.308,16.2,288.958,23.521,14.603,9.8,12.687,18.565,28.9
2024-08-22,22.4125,73.0944,28.0,88,26.2,999.7,2.92,310,2.234,-1.875,ERA5 Reanalysis (Open-Meteo Historical Archive),51.404,32.217,17.9,11.1,358.208,66.542,0.72,22.412,73.094,Copernicus S5P TROPOMI & CAMS Multi-Sensor Assimilation,0.18,0.85,0.3115,-0.0526,-0.4035,45.0,FAC_VAD_01,Apex PetroChem & Polymers Ltd,"Utility Steam Boiler, Thermic Heater, DG Set & Distillation",7483.0,574.2,0.0,47.7,54.4,0.18130000000000002,0.0453,24.0,FACTORY_OPERATIONAL_DATA,13.512,0.2833,12.038,3.8,25.0,1.166,4.554,5.72,0.1199,22,8,2024,3,-0.866,-0.5,0.4339,-0.901,18.983,11.525,15.542,331.875,25.479,15.514,10.143,12.608,21.08,27.4
2024-08-23,22.4125,73.0944,27.1,93,28.4,1000.1,2.94,227,2.153,2.008,ERA5 Reanalysis (Open-Meteo Historical Archive),44.621,29.071,15.525,13.233,333.917,60.0,0.711,22.412,73.094,Copernicus S5P TROPOMI & CAMS Multi-Sensor Assimilation,0.18,0.85,0.3115,-0.0526,-0.4035,45.0,FAC_VAD_01,Apex PetroChem & Polymers Ltd,"Utility Steam Boiler, Thermic Heater, DG Set & Distillation",6551.0,519.9,66.8,43.0,49.0,0.16340000000000002,0.0409,24.0,FACTORY_OPERATIONAL_DATA,12.678,0.2948,12.091,3.8,25.0,1.234,3.987,5.221,0.1214,23,8,2024,4,-0.866,-0.5,-0.4339,-0.901,17.9,9.904,11.1,358.208,32.217,16.317,10.43,12.966,23.194,26.9
2024-08-24,22.4125,73.0944,25.5,95,59.7,999.4,4.11,259,4.036,0.784,ERA5 Reanalysis (Open-Meteo Historical Archive),23.213,15.421,11.467,8.121,229.583,40.458,0.411,22.412,73.094,Copernicus S5P TROPOMI & CAMS Multi-Sensor Assimilation,0.18,0.85,0.3115,-0.0526,-0.4035,45.0,FAC_VAD_01,Apex PetroChem & Polymers Ltd,"Utility Steam Boiler, Thermic Heater, DG Set & Distillation",7976.0,618.2,0.0,51.5,58.7,0.19569999999999999,0.0489,24.0,FACTORY_OPERATIONAL_DATA,14.467,0.2809,12.004,3.8,25.0,1.255,4.854,6.109,0.1186,24,8,2024,5,-0.866,-0.5,-0.9749,-0.2225,15.525,10.717,13.233,333.917,29.071,16.424,10.567,12.396,23.408,16.5
2024-08-25,22.4125,73.0944,25.9,93,35.0,995.9,6.75,272,6.746,-0.236,ERA5 Reanalysis (Open-Meteo Historical Archive),19.867,12.775,9.538,6.321,195.417,51.208,0.317,22.412,73.094,Copernicus S5P TROPOMI & CAMS Multi-Sensor Assimilation,0.18,0.85,0.3115,-0.0526,-0.4035,45.0,FAC_VAD_01,Apex PetroChem & Polymers Ltd,"Utility Steam Boiler, Thermic Heater, DG Set & Distillation",4715.0,353.5,80.2,32.9,36.8,0.1184,0.0332,18.0,FACTORY_OPERATIONAL_DATA,9.229,0.2805,10.745,3.6,28.0,0.933,2.87,3.803,0.1156,25,8,2024,6,-0.866,-0.5,-0.7818,0.6235,11.467,18.246,8.121,229.583,15.421,15.18,10.703,11.664,22.853,13.4
2024-08-26,22.4125,73.0944,25.2,93,226.0,992.1,10.39,231,8.074,6.538,ERA5 Reanalysis (Open-Meteo Historical Archive),11.108,8.529,5.904,3.742,151.0,44.167,0.107,22.412,73.094,Copernicus S5P TROPOMI & CAMS Multi-Sensor Assimilation,0.18,0.85,0.3115,-0.0526,-0.4035,45.0,FAC_VAD_01,Apex PetroChem & Polymers Ltd,"Utility Steam Boiler, Thermic Heater, DG Set & Distillation",7139.0,516.5,0.0,45.6,52.0,0.1733,0.0433,24.0,FACTORY_OPERATIONAL_DATA,12.562,0.2755,11.327,3.8,25.0,1.048,4.345,5.393,0.1183,26,8,2024,0,-0.866,-0.5,0.0,1.0,9.538,16.517,6.321,195.417,12.775,13.664,10.685,10.608,21.002,8.4
2024-08-27,22.4125,73.0944,26.2,88,25.1,994.9,10.47,193,2.356,10.204,ERA5 Reanalysis (Open-Meteo Historical Archive),25.183,15.433,8.142,9.737,156.75,38.417,0.39,22.412,73.094,Copernicus S5P TROPOMI & CAMS Multi-Sensor Assimilation,0.18,0.85,0.3115,-0.0526,-0.4035,45.0,FAC_VAD_01,Apex PetroChem & Polymers Ltd,"Utility Steam Boiler, Thermic Heater, DG Set & Distillation",7224.0,526.6,0.0,46.0,52.4,0.1748,0.0437,24.0,FACTORY_OPERATIONAL_DATA,12.753,0.2772,11.448,3.8,25.0,1.069,4.397,5.466,0.1188,27,8,2024,1,-0.866,-0.5,0.7818,0.6235,5.904,16.329,3.742,151.0,8.529,12.494,10.64,9.685,19.846,16.3
2024-08-28,22.4125,73.0944,26.4,88,11.3,996.2,8.28,186,0.865,8.232,ERA5 Reanalysis (Open-Meteo Historical Archive),19.296,10.321,7.146,8.958,148.875,41.333,0.235,22.412,73.094,Copernicus S5P TROPOMI & CAMS Multi-Sensor Assimilation,0.18,0.85,0.3115,-0.0526,-0.4035,45.0,FAC_VAD_01,Apex PetroChem & Polymers Ltd,"Utility Steam Boiler, Thermic Heater, DG Set & Distillation",8112.0,644.9,0.0,54.1,61.7,0.2056,0.0514,24.0,FACTORY_OPERATIONAL_DATA,14.883,0.2751,11.921,3.8,25.0,1.309,4.937,6.246,0.1155,28,8,2024,2,-0.866,-0.5,0.9749,-0.2225,8.142,18.983,9.737,156.75,15.433,10.803,10.501,8.745,17.681,13.5
2024-08-29,22.4125,73.0944,26.9,86,13.8,996.7,8.61,191,1.643,8.453,ERA5 Reanalysis (Open-Meteo Historical Archive),30.85,13.225,7.262,10.704,150.708,38.917,0.402,22.412,73.094,Copernicus S5P TROPOMI & CAMS Multi-Sensor Assimilation,0.18,0.85,0.3115,-0.0526,-0.4035,45.0,FAC_VAD_01,Apex PetroChem & Polymers Ltd,"Utility Steam Boiler, Thermic Heater, DG Set & Distillation",7072.0,549.6,0.0,48.7,55.5,0.1851,0.046299999999999994,24.0,FACTORY_OPERATIONAL_DATA,12.843,0.2637,11.285,3.8,25.0,1.116,4.304,5.42,0.1113,29,8,2024,3,-0.866,-0.5,0.4339,-0.901,7.146,17.9,8.958,148.875,10.321,9.283,10.438,8.688,14.968,15.8
2024-08-30,22.4125,73.0944,27.2,84,1.2,999.5,5.75,187,0.701,5.707,ERA5 Reanalysis (Open-Meteo Historical Archive),37.908,13.504,8.804,12.354,165.833,39.833,0.468,22.412,73.094,Copernicus S5P TROPOMI & CAMS Multi-Sensor Assimilation,0.18,0.85,0.3115,-0.0526,-0.4035,45.0,FAC_VAD_01,Apex PetroChem & Polymers Ltd,"Utility Steam Boiler, Thermic Heater, DG Set & Distillation",5952.0,504.5,145.5,40.4,46.1,0.1535,0.0384,24.0,FACTORY_OPERATIONAL_DATA,12.704,0.3145,12.488,3.8,25.0,1.414,3.622,5.036,0.1247,30,8,2024,4,-0.866,-0.5,-0.4339,-0.901,7.262,15.525,10.704,150.708,13.225,8.323,10.475,8.562,12.744,17.8
2024-08-31,22.4125,73.0944,27.6,82,1.1,1001.5,2.94,220,1.893,2.256,ERA5 Reanalysis (Open-Meteo Historical Archive),33.433,14.171,13.104,14.221,208.833,41.042,0.536,22.412,73.094,Copernicus S5P TROPOMI & CAMS Multi-Sensor Assimilation,0.18,0.85,0.3115,-0.0526,-0.4035,45.0,FAC_VAD_01,Apex PetroChem & Polymers Ltd,"Utility Steam Boiler, Thermic Heater, DG Set & Distillation",7954.0,643.9,0.0,55.7,63.5,0.2117,0.052899999999999996,24.0,FACTORY_OPERATIONAL_DATA,14.715,0.2642,11.56,3.8,25.0,1.307,4.841,6.148,0.1104,31,8,2024,5,-0.866,-0.5,-0.9749,-0.2225,8.804,11.467,12.354,165.833,13.504,8.557,10.673,9.434,12.565,21.4
2024-09-01,22.4125,73.0944,28.0,82,1.5,1000.8,3.61,249,3.371,1.294,ERA5 Reanalysis (Open-Meteo Historical Archive),37.488,15.021,15.058,10.979,249.417,48.083,0.526,22.412,73.094,Copernicus S5P TROPOMI & CAMS Multi-Sensor Assimilation,0.18,0.85,0.3115,-0.0526,-0.4035,45.0,FAC_VAD_01,Apex PetroChem & Polymers Ltd,"Utility Steam Boiler, Thermic Heater, DG Set & Distillation",4937.0,370.5,41.1,33.3,37.3,0.1199,0.033600000000000005,18.0,FACTORY_OPERATIONAL_DATA,9.238,0.2774,11.126,3.6,28.0,0.862,3.005,3.867,0.1161,1,9,2024,6,-1.0,-0.0,-0.7818,0.6235,13.104,9.538,14.221,208.833,14.171,9.346,10.973,10.099,12.886,20.1
2024-09-02,22.4125,73.0944,27.1,89,28.9,999.2,4.97,310,3.809,-3.196,ERA5 Reanalysis (Open-Meteo Historical Archive),37.067,18.267,17.804,11.825,290.625,45.208,0.631,22.412,73.094,Copernicus S5P TROPOMI & CAMS Multi-Sensor Assimilation,0.18,0.85,0.3115,-0.0526,-0.4035,45.0,FAC_VAD_01,Apex PetroChem & Polymers Ltd,"Utility Steam Boiler, Thermic Heater, DG Set & Distillation",7609.0,584.9,51.5,47.2,53.8,0.1794,0.044899999999999995,24.0,FACTORY_OPERATIONAL_DATA,14.265,0.3022,12.392,3.8,25.0,1.325,4.631,5.956,0.1262,2,9,2024,0,-1.0,-0.0,0.0,1.0,15.058,5.904,10.979,249.417,15.021,11.046,11.317,11.254,14.277,23.1
2024-09-03,22.4125,73.0944,26.5,90,28.3,999.4,4.61,276,4.586,-0.482,ERA5 Reanalysis (Open-Meteo Historical Archive),21.7,14.288,13.029,8.038,271.958,56.083,0.323,22.412,73.094,Copernicus S5P TROPOMI & CAMS Multi-Sensor Assimilation,0.18,0.85,0.3115,-0.0526,-0.4035,45.0,FAC_VAD_01,Apex PetroChem & Polymers Ltd,"Utility Steam Boiler, Thermic Heater, DG Set & Distillation",6688.0,548.1,0.0,45.9,52.3,0.1744,0.0436,24.0,FACTORY_OPERATIONAL_DATA,12.443,0.2711,11.941,3.8,25.0,1.113,4.07,5.183,0.1129,3,9,2024,1,-1.0,-0.0,0.7818,0.6235,17.804,8.142,11.825,290.625,18.267,11.744,11.464,11.011,14.114,16.7
2024-09-04,22.4125,73.0944,26.8,88,9.4,1000.2,5.08,244,4.569,2.228,ERA5 Reanalysis (Open-Meteo Historical Archive),33.775,16.267,11.388,7.871,231.333,46.958,0.368,22.412,73.094,Copernicus S5P TROPOMI & CAMS Multi-Sensor Assimilation,0.18,0.85,0.3115,-0.0526,-0.4035,45.0,FAC_VAD_01,Apex PetroChem & Polymers Ltd,"Utility Steam Boiler, Thermic Heater, DG Set & Distillation",6590.0,476.6,0.0,43.2,49.2,0.16419999999999998,0.041,24.0,FACTORY_OPERATIONAL_DATA,11.594,0.2684,11.032,3.8,25.0,0.967,4.011,4.978,0.1152,4,9,2024,2,-1.0,-0.0,0.9749,-0.2225,13.029,7.146,8.038,271.958,14.288,12.35,11.587,10.856,14.963,16.6
2024-09-05,22.4125,73.0944,26.6,89,12.0,998.5,5.58,245,5.06,2.36,ERA5 Reanalysis (Open-Meteo Historical Archive),25.358,14.638,9.704,6.0,212.125,41.458,0.384,22.412,73.094,Copernicus S5P TROPOMI & CAMS Multi-Sensor Assimilation,0.18,0.85,0.3115,-0.0526,-0.4035,45.0,FAC_VAD_01,Apex PetroChem & Polymers Ltd,"Utility Steam Boiler, Thermic Heater, DG Set & Distillation",7381.0,529.1,0.0,46.8,53.4,0.1778,0.0445,24.0,FACTORY_OPERATIONAL_DATA,12.937,0.2764,11.306,3.8,25.0,1.074,4.492,5.566,0.1189,5,9,2024,3,-1.0,-0.0,0.4339,-0.901,11.388,7.262,7.871,231.333,16.267,12.699,11.696,10.184,15.165,13.9
2024-09-06,22.4125,73.0944,25.9,92,45.2,999.7,4.94,254,4.753,1.363,ERA5 Reanalysis (Open-Meteo Historical Archive),28.308,16.512,11.492,6.379,219.0,39.375,0.469,22.412,73.094,Copernicus S5P TROPOMI & CAMS Multi-Sensor Assimilation,0.18,0.85,0.3115,-0.0526,-0.4035,45.0,FAC_VAD_01,Apex PetroChem & Polymers Ltd,"Utility Steam Boiler, Thermic Heater, DG Set & Distillation",7588.0,600.1,0.0,53.2,60.6,0.2022,0.0505,24.0,FACTORY_OPERATIONAL_DATA,13.889,0.2611,11.28,3.8,25.0,1.218,4.618,5.836,0.1097,6,9,2024,4,-1.0,-0.0,-0.4339,-0.901,9.704,8.804,6.0,212.125,14.638,13.083,11.86,9.33,15.595,15.6
2024-09-07,22.4125,73.0944,27.2,85,1.1,1000.8,3.47,250,3.263,1.188,ERA5 Reanalysis (Open-Meteo Historical Archive),37.788,18.296,9.562,7.688,216.667,53.917,0.526,22.412,73.094,Copernicus S5P TROPOMI & CAMS Multi-Sensor Assimilation,0.18,0.85,0.3115,-0.0526,-0.4035,15.0,FAC_VAD_01,Apex PetroChem & Polymers Ltd,"Utility Steam Boiler, Thermic Heater, DG Set & Distillation",6959.0,525.4,0.0,47.6,54.3,0.1809,0.045200000000000004,24.0,FACTORY_OPERATIONAL_DATA,12.476,0.2621,11.038,3.8,25.0,1.067,4.235,5.302,0.1114,7,9,2024,5,-1.0,-0.0,-0.9749,-0.2225,11.492,13.104,6.379,219.0,16.512,12.577,11.931,8.397,16.184,16.4
2024-09-08,22.4125,73.0944,27.3,86,2.5,1001.1,3.14,244,2.821,1.376,ERA5 Reanalysis (Open-Meteo Historical Archive),40.783,19.112,9.896,8.446,218.083,59.875,0.584,22.412,73.094,Copernicus S5P TROPOMI & CAMS Multi-Sensor Assimilation,0.18,0.85,0.3115,-0.0526,-0.4035,15.0,FAC_VAD_01,Apex PetroChem & Polymers Ltd,"Utility Steam Boiler, Thermic Heater, DG Set & Distillation",4574.0,348.5,3.2,31.0,34.7,0.11159999999999999,0.0312,18.0,FACTORY_OPERATIONAL_DATA,8.265,0.2666,11.242,3.6,28.0,0.716,2.784,3.5,0.1129,8,9,2024,6,-1.0,-0.0,-0.7818,0.6235,9.562,15.058,7.688,216.667,18.296,11.839,11.892,8.035,16.769,17.4
2024-09-09,22.4125,73.0944,27.8,84,3.0,998.6,3.89,261,3.841,0.608,ERA5 Reanalysis (Open-Meteo Historical Archive),35.475,18.871,10.688,8.504,219.417,60.375,0.712,22.412,73.094,Copernicus S5P TROPOMI & CAMS Multi-Sensor Assimilation,0.18,0.85,0.3115,-0.0526,-0.4035,15.0,FAC_VAD_01,Apex PetroChem & Polymers Ltd,"Utility Steam Boiler, Thermic Heater, DG Set & Distillation",7388.0,527.7,0.0,45.3,51.6,0.1721,0.043,24.0,FACTORY_OPERATIONAL_DATA,12.929,0.2854,11.649,3.8,25.0,1.071,4.496,5.567,0.1229,9,9,2024,0,-1.0,-0.0,0.0,1.0,9.896,17.804,8.446,218.083,19.112,10.823,11.838,7.561,16.855,17.7
2024-09-10,22.4125,73.0944,27.6,86,11.0,997.6,3.97,259,3.899,0.758,ERA5 Reanalysis (Open-Meteo Historical Archive),31.65,18.0,10.2,8.633,203.333,61.792,0.648,22.412,73.094,Copernicus S5P TROPOMI & CAMS Multi-Sensor Assimilation,0.18,0.85,0.3115,-0.0526,-0.4035,15.0,FAC_VAD_01,Apex PetroChem & Polymers Ltd,"Utility Steam Boiler, Thermic Heater, DG Set & Distillation",8619.0,675.2,0.0,54.7,62.4,0.2079,0.052,24.0,FACTORY_OPERATIONAL_DATA,15.709,0.2872,12.344,3.8,25.0,1.371,5.246,6.617,0.121,10,9,2024,1,-1.0,-0.0,0.7818,0.6235,10.688,13.029,8.504,219.417,18.871,10.419,11.915,7.646,17.385,17.2
2024-09-11,22.4125,73.0944,26.9,89,16.6,998.5,3.89,247,3.58,1.52,ERA5 Reanalysis (Open-Meteo Historical Archive),27.304,15.779,8.471,8.567,204.458,66.042,0.491,22.412,73.094,Copernicus S5P TROPOMI & CAMS Multi-Sensor Assimilation,0.18,0.85,0.3115,-0.0526,-0.4035,15.0,FAC_VAD_01,Apex PetroChem & Polymers Ltd,"Utility Steam Boiler, Thermic Heater, DG Set & Distillation",6750.0,477.4,0.0,42.4,48.3,0.1611,0.040299999999999996,24.0,FACTORY_OPERATIONAL_DATA,11.763,0.2774,11.259,3.8,25.0,0.969,4.108,5.077,0.1197,11,9,2024,2,-1.0,-0.0,0.9749,-0.2225,10.2,11.388,8.633,203.333,18.0,10.002,11.888,7.745,17.315,15.7
2024-09-12,22.4125,73.0944,27.9,80,0.1,999.9,4.92,232,3.874,3.027,ERA5 Reanalysis (Open-Meteo Historical Archive),56.167,21.808,7.729,8.292,196.25,56.75,0.515,22.412,73.094,Copernicus S5P TROPOMI & CAMS Multi-Sensor Assimilation,0.18,0.85,0.3115,-0.0526,-0.4035,15.0,FAC_VAD_01,Apex PetroChem & Polymers Ltd,"Utility Steam Boiler, Thermic Heater, DG Set & Distillation",7592.0,577.5,0.0,49.4,56.3,0.18769999999999998,0.0469,24.0,FACTORY_OPERATIONAL_DATA,13.656,0.2764,11.69,3.8,25.0,1.172,4.62,5.792,0.1172,12,9,2024,3,-1.0,-0.0,0.4339,-0.901,8.471,9.704,8.567,204.458,15.779,9.72,11.778,8.073,18.34,17.2
2024-09-13,22.4125,73.0944,27.1,79,0.8,1000.8,4.83,230,3.703,3.107,ERA5 Reanalysis (Open-Meteo Historical Archive),50.188,19.9,8.079,8.058,186.542,52.292,0.46,22.412,73.094,Copernicus S5P TROPOMI & CAMS Multi-Sensor Assimilation,0.18,0.85,0.3115,-0.0526,-0.4035,15.0,FAC_VAD_01,Apex PetroChem & Polymers Ltd,"Utility Steam Boiler, Thermic Heater, DG Set & Distillation",8018.0,657.0,0.0,53.2,60.6,0.2022,0.0505,24.0,FACTORY_OPERATIONAL_DATA,14.916,0.2804,12.35,3.8,25.0,1.334,4.88,6.214,0.1168,13,9,2024,4,-1.0,-0.0,-0.4339,-0.901,7.729,11.492,8.292,196.25,21.808,9.232,11.67,8.313,18.824,16.5
2024-09-14,22.4125,73.0944,26.1,84,1.3,1000.7,5.36,209,2.599,4.689,ERA5 Reanalysis (Open-Meteo Historical Archive),30.008,15.417,9.4,11.579,186.542,46.542,0.418,22.412,73.094,Copernicus S5P TROPOMI & CAMS Multi-Sensor Assimilation,0.18,0.85,0.3115,-0.0526,-0.4035,15.0,FAC_VAD_01,Apex PetroChem & Polymers Ltd,"Utility Steam Boiler, Thermic Heater, DG Set & Distillation",6779.0,555.9,0.0,47.8,54.5,0.18159999999999998,0.045399999999999996,24.0,FACTORY_OPERATIONAL_DATA,12.616,0.2639,11.63,3.8,25.0,1.128,4.126,5.254,0.1099,14,9,2024,5,-1.0,-0.0,-0.9749,-0.2225,8.079,9.562,8.058,186.542,19.9,9.209,11.6,8.868,18.412,18.2
2024-09-15,22.4125,73.0944,26.7,81,1.6,1001.4,3.36,232,2.649,2.069,ERA5 Reanalysis (Open-Meteo Historical Archive),44.867,18.617,12.017,9.362,222.208,49.958,0.461,22.412,73.094,Copernicus S5P TROPOMI & CAMS Multi-Sensor Assimilation,0.18,0.85,0.3115,-0.0526,-0.4035,15.0,FAC_VAD_01,Apex PetroChem & Polymers Ltd,"Utility Steam Boiler, Thermic Heater, DG Set & Distillation",5840.0,437.4,150.9,39.5,44.2,0.1422,0.039799999999999995,18.0,FACTORY_OPERATIONAL_DATA,11.942,0.3023,11.073,3.6,28.0,1.292,3.554,4.846,0.1227,15,9,2024,6,-1.0,-0.0,-0.7818,0.6235,9.4,9.896,11.579,186.542,15.417,9.512,11.67,8.999,18.342,18.8
2024-09-16,22.4125,73.0944,26.8,80,0.4,1002.7,3.83,256,3.719,0.927,ERA5 Reanalysis (Open-Meteo Historical Archive),50.692,22.838,20.675,12.217,348.917,51.292,0.383,22.412,73.094,Copernicus S5P TROPOMI & CAMS Multi-Sensor Assimilation,0.18,0.85,0.3115,-0.0526,-0.4035,15.0,FAC_VAD_01,Apex PetroChem & Polymers Ltd,"Utility Steam Boiler, Thermic Heater, DG Set & Distillation",6479.0,484.6,0.0,42.9,48.9,0.163,0.040799999999999996,24.0,FACTORY_OPERATIONAL_DATA,11.567,0.2696,11.296,3.8,25.0,0.984,3.943,4.927,0.1148,16,9,2024,0,-1.0,-0.0,0.0,1.0,12.017,10.688,9.362,222.208,18.617,10.939,12.002,9.53,18.908,26.2
2024-09-17,22.4125,73.0944,27.1,80,0.2,1002.9,2.89,270,2.889,0.0,ERA5 Reanalysis (Open-Meteo Historical Archive),61.117,29.287,24.292,12.567,415.083,56.5,0.443,22.412,73.094,Copernicus S5P TROPOMI & CAMS Multi-Sensor Assimilation,0.18,0.85,0.3115,-0.0526,-0.4035,15.0,FAC_VAD_01,Apex PetroChem & Polymers Ltd,"Utility Steam Boiler, Thermic Heater, DG Set & Distillation",7059.0,578.8,0.0,47.3,53.9,0.1797,0.044899999999999995,24.0,FACTORY_OPERATIONAL_DATA,13.136,0.2777,12.237,3.8,25.0,1.175,4.296,5.471,0.1157,17,9,2024,1,-1.0,-0.0,0.7818,0.6235,20.675,10.2,12.217,348.917,22.838,12.952,12.204,10.092,20.521,30.3
2024-09-18,22.4125,73.0944,27.8,78,0.0,1000.8,3.06,262,3.026,0.425,ERA5 Reanalysis (Open-Meteo Historical Archive),60.758,31.017,22.275,12.3,422.25,63.583,0.529,22.412,73.094,Copernicus S5P TROPOMI & CAMS Multi-Sensor Assimilation,0.18,0.85,0.3115,-0.0526,-0.4035,15.0,FAC_VAD_01,Apex PetroChem & Polymers Ltd,"Utility Steam Boiler, Thermic Heater, DG Set & Distillation",6054.0,472.4,0.0,40.0,45.6,0.152,0.038,24.0,FACTORY_OPERATIONAL_DATA,11.014,0.2754,11.81,3.8,25.0,0.959,3.684,4.643,0.1161,18,9,2024,2,-1.0,-0.0,0.9749,-0.2225,24.292,8.471,12.567,415.083,29.287,14.924,12.395,10.625,22.698,29.8
2024-09-19,22.4125,73.0944,28.2,80,0.0,1001.2,4.03,241,3.523,1.953,ERA5 Reanalysis (Open-Meteo Historical Archive),56.425,28.908,16.892,13.542,347.792,71.458,0.515,22.412,73.094,Copernicus S5P TROPOMI & CAMS Multi-Sensor Assimilation,0.18,0.85,0.3115,-0.0526,-0.4035,15.0,FAC_VAD_01,Apex PetroChem & Polymers Ltd,"Utility Steam Boiler, Thermic Heater, DG Set & Distillation",6157.0,506.9,199.4,41.5,47.3,0.15769999999999998,0.0394,24.0,FACTORY_OPERATIONAL_DATA,13.473,0.3247,12.214,3.8,25.0,1.563,3.747,5.31,0.128,19,9,2024,3,-1.0,-0.0,0.4339,-0.901,22.275,7.729,12.3,422.25,31.017,16.233,12.414,11.375,23.712,27.7
2024-09-20,22.4125,73.0944,28.5,78,0.2,1001.4,4.17,238,3.534,2.208,ERA5 Reanalysis (Open-Meteo Historical Archive),53.242,28.083,12.788,14.458,283.75,73.292,0.628,22.412,73.094,Copernicus S5P TROPOMI & CAMS Multi-Sensor Assimilation,0.18,0.85,0.3115,-0.0526,-0.4035,15.0,FAC_VAD_01,Apex PetroChem & Polymers Ltd,"Utility Steam Boiler, Thermic Heater, DG Set & Distillation",7286.0,562.1,0.0,49.3,56.2,0.18730000000000002,0.046799999999999994,24.0,FACTORY_OPERATIONAL_DATA,13.188,0.2675,11.402,3.8,25.0,1.141,4.434,5.575,0.1131,20,9,2024,4,-1.0,-0.0,-0.4339,-0.901,16.892,8.079,13.542,347.792,28.908,16.906,12.208,12.289,24.881,26.3
2024-09-21,22.4125,73.0944,28.3,81,0.4,1002.5,3.28,242,2.894,1.539,ERA5 Reanalysis (Open-Meteo Historical Archive),48.679,26.629,15.046,14.3,290.5,71.75,0.61,22.412,73.094,Copernicus S5P TROPOMI & CAMS Multi-Sensor Assimilation,0.18,0.85,0.3115,-0.0526,-0.4035,15.0,FAC_VAD_01,Apex PetroChem & Polymers Ltd,"Utility Steam Boiler, Thermic Heater, DG Set & Distillation",9072.0,659.2,287.5,56.5,64.4,0.2147,0.053700000000000005,24.0,FACTORY_OPERATIONAL_DATA,18.869,0.334,11.667,3.8,25.0,2.109,5.521,7.63,0.135,21,9,2024,5,-1.0,-0.0,-0.9749,-0.2225,12.788,9.4,14.458,283.75,28.083,17.712,12.113,12.678,26.483,26.6
2024-09-22,22.4125,73.0944,28.8,81,0.4,1002.0,3.44,278,3.411,-0.479,ERA5 Reanalysis (Open-Meteo Historical Archive),55.904,32.071,19.238,15.796,368.458,73.833,0.731,22.412,73.094,Copernicus S5P TROPOMI & CAMS Multi-Sensor Assimilation,0.18,0.85,0.3115,-0.0526,-0.4035,15.0,FAC_VAD_01,Apex PetroChem & Polymers Ltd,"Utility Steam Boiler, Thermic Heater, DG Set & Distillation",5746.0,442.9,69.3,39.0,43.7,0.1404,0.039299999999999995,18.0,FACTORY_OPERATIONAL_DATA,11.089,0.2843,11.356,3.6,28.0,1.085,3.497,4.582,0.1175,22,9,2024,6,-1.0,-0.0,-0.7818,0.6235,15.046,12.017,14.3,290.5,26.629,18.744,12.236,13.597,28.405,31.5
2024-09-23,22.4125,73.0944,29.0,82,0.8,1001.1,3.44,301,2.952,-1.774,ERA5 Reanalysis (Open-Meteo Historical Archive),54.596,33.004,19.129,14.229,406.125,78.167,0.679,22.412,73.094,Copernicus S5P TROPOMI & CAMS Multi-Sensor Assimilation,0.18,0.85,0.3115,-0.0526,-0.4035,15.0,FAC_VAD_01,Apex PetroChem & Polymers Ltd,"Utility Steam Boiler, Thermic Heater, DG Set & Distillation",7501.0,589.7,0.0,48.4,55.2,0.1839,0.046,24.0,FACTORY_OPERATIONAL_DATA,13.693,0.2829,12.184,3.8,25.0,1.197,4.565,5.762,0.119,23,9,2024,0,-1.0,-0.0,0.0,1.0,19.238,20.675,15.796,368.458,32.071,18.523,12.492,13.885,29.857,30.6
2024-09-24,22.4125,73.0944,28.4,86,6.5,999.5,2.89,316,2.007,-2.078,ERA5 Reanalysis (Open-Meteo Historical Archive),51.696,32.746,24.029,12.483,430.208,75.458,0.75,22.412,73.094,Copernicus S5P TROPOMI & CAMS Multi-Sensor Assimilation,0.18,0.85,0.3115,-0.0526,-0.4035,15.0,FAC_VAD_01,Apex PetroChem & Polymers Ltd,"Utility Steam Boiler, Thermic Heater, DG Set & Distillation",6867.0,497.1,44.1,41.8,47.7,0.15880000000000002,0.039700000000000006,24.0,FACTORY_OPERATIONAL_DATA,12.528,0.2997,11.892,3.8,25.0,1.127,4.179,5.306,0.1269,24,9,2024,1,-1.0,-0.0,0.7818,0.6235,19.129,24.292,14.229,406.125,33.004,18.485,12.975,13.873,30.351,31.3
2024-09-25,22.4125,73.0944,27.9,89,7.1,998.5,2.5,180,-0.0,2.5,ERA5 Reanalysis (Open-Meteo Historical Archive),44.962,29.146,14.425,11.058,344.333,80.833,0.972,22.412,73.094,Copernicus S5P TROPOMI & CAMS Multi-Sensor Assimilation,0.18,0.85,0.3115,-0.0526,-0.4035,15.0,FAC_VAD_01,Apex PetroChem & Polymers Ltd,"Utility Steam Boiler, Thermic Heater, DG Set & Distillation",6902.0,595.0,0.0,48.8,55.6,0.1854,0.0464,24.0,FACTORY_OPERATIONAL_DATA,13.15,0.2695,12.193,3.8,25.0,1.208,4.201,5.409,0.1108,25,9,2024,2,-1.0,-0.0,0.9749,-0.2225,24.029,22.275,12.483,430.208,32.746,17.364,13.259,13.695,30.084,24.8
2024-09-26,22.4125,73.0944,26.7,91,40.7,997.8,2.64,331,1.279,-2.308,ERA5 Reanalysis (Open-Meteo Historical Archive),36.279,24.525,15.075,10.917,332.875,74.625,1.013,22.412,73.094,Copernicus S5P TROPOMI & CAMS Multi-Sensor Assimilation,0.18,0.85,0.3115,-0.0526,-0.4035,15.0,FAC_VAD_01,Apex PetroChem & Polymers Ltd,"Utility Steam Boiler, Thermic Heater, DG Set & Distillation",7725.0,590.5,0.0,49.4,56.3,0.18769999999999998,0.0469,24.0,FACTORY_OPERATIONAL_DATA,13.925,0.2819,11.953,3.8,25.0,1.199,4.701,5.9,0.1194,26,9,2024,3,-1.0,-0.0,0.4339,-0.901,14.425,16.892,11.058,344.333,29.146,17.104,13.49,13.32,29.458,23.4
2024-09-27,22.4125,73.0944,26.3,94,54.9,998.2,2.36,312,1.755,-1.58,ERA5 Reanalysis (Open-Meteo Historical Archive),42.358,29.521,16.167,10.842,403.5,66.958,0.666,22.412,73.094,Copernicus S5P TROPOMI & CAMS Multi-Sensor Assimilation,0.18,0.85,0.3115,-0.0526,-0.4035,15.0,FAC_VAD_01,Apex PetroChem & Polymers Ltd,"Utility Steam Boiler, Thermic Heater, DG Set & Distillation",9172.0,673.9,0.0,58.7,66.9,0.2231,0.055799999999999995,24.0,FACTORY_OPERATIONAL_DATA,16.248,0.2768,11.48,3.8,25.0,1.368,5.582,6.95,0.1184,27,9,2024,4,-1.0,-0.0,-0.4339,-0.901,15.075,12.788,10.917,332.875,24.525,17.587,13.791,12.804,29.663,25.5
2024-09-28,22.4125,73.0944,25.6,94,46.3,1000.9,3.47,245,3.147,1.467,ERA5 Reanalysis (Open-Meteo Historical Archive),25.208,17.667,15.058,11.075,351.375,63.083,0.379,22.412,73.094,Copernicus S5P TROPOMI & CAMS Multi-Sensor Assimilation,0.18,0.85,0.3115,-0.0526,-0.4035,15.0,FAC_VAD_01,Apex PetroChem & Polymers Ltd,"Utility Steam Boiler, Thermic Heater, DG Set & Distillation",6291.0,556.0,0.0,42.9,48.9,0.163,0.040799999999999996,24.0,FACTORY_OPERATIONAL_DATA,12.129,0.2827,12.96,3.8,25.0,1.129,3.829,4.958,0.1156,28,9,2024,5,-1.0,-0.0,-0.9749,-0.2225,16.167,15.046,10.842,403.5,29.521,17.589,14.05,12.343,28.383,21.1
2024-09-29,22.4125,73.0944,26.2,91,8.6,1004.0,2.83,270,2.833,0.0,ERA5 Reanalysis (Open-Meteo Historical Archive),25.612,17.658,13.104,10.679,316.667,73.125,0.543,22.412,73.094,Copernicus S5P TROPOMI & CAMS Multi-Sensor Assimilation,0.18,0.85,0.3115,-0.0526,-0.4035,15.0,FAC_VAD_01,Apex PetroChem & Polymers Ltd,"Utility Steam Boiler, Thermic Heater, DG Set & Distillation",4661.0,344.1,27.0,33.1,37.1,0.1192,0.0334,18.0,FACTORY_OPERATIONAL_DATA,8.544,0.2581,10.396,3.6,28.0,0.771,2.837,3.608,0.109,29,9,2024,6,-1.0,-0.0,-0.7818,0.6235,15.058,19.238,11.075,351.375,17.667,16.712,14.194,11.612,26.324,19.9
2024-09-30,22.4125,73.0944,27.6,87,0.7,1004.9,2.92,283,2.842,-0.656,ERA5 Reanalysis (Open-Meteo Historical Archive),53.992,34.467,22.346,12.5,419.583,70.083,0.747,22.412,73.094,Copernicus S5P TROPOMI & CAMS Multi-Sensor Assimilation,0.18,0.85,0.3115,-0.0526,-0.4035,15.0,FAC_VAD_01,Apex PetroChem & Polymers Ltd,"Utility Steam Boiler, Thermic Heater, DG Set & Distillation",7729.0,554.1,0.0,48.0,54.7,0.1824,0.0456,24.0,FACTORY_OPERATIONAL_DATA,13.547,0.2822,11.544,3.8,25.0,1.125,4.704,5.829,0.1214,30,9,2024,0,-1.0,-0.0,0.0,1.0,13.104,19.129,10.679,316.667,17.658,17.172,14.502,11.365,26.533,31.2
2024-10-01,22.4125,73.0944,28.8,85,1.2,1003.1,2.72,280,2.681,-0.473,ERA5 Reanalysis (Open-Meteo Historical Archive),57.292,35.125,20.421,11.162,425.375,77.833,0.621,22.412,73.094,Copernicus S5P TROPOMI & CAMS Multi-Sensor Assimilation,0.18,0.85,0.3115,-0.0526,-0.4035,15.0,FAC_VAD_01,Apex PetroChem & Polymers Ltd,"Utility Steam Boiler, Thermic Heater, DG Set & Distillation",6927.0,512.8,0.0,44.5,50.7,0.1691,0.0423,24.0,FACTORY_OPERATIONAL_DATA,12.311,0.2767,11.524,3.8,25.0,1.041,4.216,5.257,0.1181,1,10,2024,1,-0.866,0.5,0.7818,0.6235,22.346,24.029,12.5,419.583,34.467,16.657,14.681,11.176,26.873,29.6
2024-10-02,22.4125,73.0944,29.3,81,0.0,1003.1,3.25,250,3.054,1.112,ERA5 Reanalysis (Open-Meteo Historical Archive),62.325,36.788,19.2,13.0,424.667,80.958,0.549,22.412,73.094,Copernicus S5P TROPOMI & CAMS Multi-Sensor Assimilation,0.18,0.85,0.3115,-0.0526,-0.4035,15.0,FAC_VAD_01,Apex PetroChem & Polymers Ltd,"Utility Steam Boiler, Thermic Heater, DG Set & Distillation",6796.0,519.3,32.4,42.8,48.8,0.1626,0.040600000000000004,24.0,FACTORY_OPERATIONAL_DATA,12.573,0.2938,12.133,3.8,25.0,1.141,4.136,5.277,0.1233,2,10,2024,2,-0.866,0.5,0.9749,-0.2225,20.421,14.425,11.162,425.375,35.125,17.339,14.727,11.454,27.964,31.0
2024-10-03,22.4125,73.0944,28.7,82,0.3,1003.1,3.75,235,3.072,2.151,ERA5 Reanalysis (Open-Meteo Historical Archive),44.062,27.95,12.546,14.729,314.292,81.5,0.517,22.412,73.094,Copernicus S5P TROPOMI & CAMS Multi-Sensor Assimilation,0.18,0.85,0.3115,-0.0526,-0.4035,15.0,FAC_VAD_01,Apex PetroChem & Polymers Ltd,"Utility Steam Boiler, Thermic Heater, DG Set & Distillation",7360.0,482.0,0.0,42.6,48.6,0.16190000000000002,0.0405,24.0,FACTORY_OPERATIONAL_DATA,12.421,0.2916,11.315,3.8,25.0,0.978,4.479,5.457,0.1281,3,10,2024,3,-0.866,0.5,0.4339,-0.901,19.2,15.075,13.0,424.667,36.788,16.977,14.711,11.998,28.454,26.3
2024-10-04,22.4125,73.0944,28.1,83,0.4,1003.2,3.17,237,2.656,1.725,ERA5 Reanalysis (Open-Meteo Historical Archive),36.383,22.975,14.962,12.483,289.625,56.417,0.428,22.412,73.094,Copernicus S5P TROPOMI & CAMS Multi-Sensor Assimilation,0.18,0.85,0.3115,-0.0526,-0.4035,15.0,FAC_VAD_01,Apex PetroChem & Polymers Ltd,"Utility Steam Boiler, Thermic Heater, DG Set & Distillation",8098.0,665.8,0.0,54.2,61.8,0.206,0.0515,24.0,FACTORY_OPERATIONAL_DATA,15.089,0.2784,12.284,3.8,25.0,1.352,4.928,6.28,0.1159,4,10,2024,4,-0.866,0.5,-0.4339,-0.901,12.546,16.167,14.729,314.292,27.95,16.805,14.83,12.233,27.519,23.9
2024-10-05,22.4125,73.0944,27.6,82,0.7,1004.3,2.69,248,2.498,1.009,ERA5 Reanalysis (Open-Meteo Historical Archive),51.804,31.525,24.062,14.992,402.75,55.0,0.447,22.412,73.094,Copernicus S5P TROPOMI & CAMS Multi-Sensor Assimilation,0.18,0.85,0.3115,-0.0526,-0.4035,15.0,FAC_VAD_01,Apex PetroChem & Polymers Ltd,"Utility Steam Boiler, Thermic Heater, DG Set & Distillation",7669.0,591.9,0.0,50.7,57.8,0.19269999999999998,0.0482,24.0,FACTORY_OPERATIONAL_DATA,13.884,0.2738,11.675,3.8,25.0,1.202,4.667,5.869,0.1158,5,10,2024,5,-0.866,0.5,-0.9749,-0.2225,14.962,15.058,12.483,289.625,22.975,18.092,15.309,12.792,29.498,32.8
2024-10-06,22.4125,73.0944,27.6,78,0.1,1005.5,2.64,12,-0.549,-2.581,ERA5 Reanalysis (Open-Meteo Historical Archive),80.1,48.121,27.7,12.308,562.292,66.542,0.506,22.412,73.094,Copernicus S5P TROPOMI & CAMS Multi-Sensor Assimilation,0.18,0.85,0.3115,-0.0526,-0.4035,15.0,FAC_VAD_01,Apex PetroChem & Polymers Ltd,"Utility Steam Boiler, Thermic Heater, DG Set & Distillation",5265.0,417.2,83.6,36.3,40.7,0.13069999999999998,0.0366,18.0,FACTORY_OPERATIONAL_DATA,10.482,0.2888,11.493,3.6,28.0,1.071,3.204,4.275,0.1178,6,10,2024,6,-0.866,0.5,-0.7818,0.6235,24.062,13.104,14.992,402.75,31.525,20.177,15.849,13.025,33.85,38.2
2024-10-07,22.4125,73.0944,28.7,65,0.0,1006.0,2.5,59,-2.143,-1.288,ERA5 Reanalysis (Open-Meteo Historical Archive),56.938,34.388,15.729,7.038,373.375,74.25,0.415,22.412,73.094,Copernicus S5P TROPOMI & CAMS Multi-Sensor Assimilation,0.18,0.85,0.3115,-0.0526,-0.4035,15.0,FAC_VAD_01,Apex PetroChem & Polymers Ltd,"Utility Steam Boiler, Thermic Heater, DG Set & Distillation",7181.0,532.1,186.0,46.9,53.5,0.1782,0.0445,24.0,FACTORY_OPERATIONAL_DATA,14.628,0.3119,11.345,3.8,25.0,1.579,4.37,5.949,0.1268,7,10,2024,0,-0.866,0.5,0.0,1.0,27.7,22.346,12.308,562.292,48.121,19.231,16.055,12.245,33.839,24.2
2024-10-08,22.4125,73.0944,28.8,65,0.0,1006.0,2.53,55,-2.071,-1.45,ERA5 Reanalysis (Open-Meteo Historical Archive),59.571,33.904,20.071,7.5,435.875,73.958,0.458,22.412,73.094,Copernicus S5P TROPOMI & CAMS Multi-Sensor Assimilation,0.18,0.85,0.3115,-0.0526,-0.4035,15.0,FAC_VAD_01,Apex PetroChem & Polymers Ltd,"Utility Steam Boiler, Thermic Heater, DG Set & Distillation",9706.0,765.3,0.0,62.9,71.7,0.239,0.0598,24.0,FACTORY_OPERATIONAL_DATA,17.742,0.2821,12.167,3.8,25.0,1.554,5.907,7.461,0.1186,8,10,2024,1,-0.866,0.5,0.7818,0.6235,15.729,20.421,7.038,373.375,34.388,19.181,16.394,11.721,33.664,26.3
2024-10-09,22.4125,73.0944,28.4,69,0.0,1004.2,3.81,76,-3.693,-0.921,ERA5 Reanalysis (Open-Meteo Historical Archive),66.812,39.921,26.612,8.629,544.375,73.958,0.627,22.412,73.094,Copernicus S5P TROPOMI & CAMS Multi-Sensor Assimilation,0.18,0.85,0.3115,-0.0526,-0.4035,15.0,FAC_VAD_01,Apex PetroChem & Polymers Ltd,"Utility Steam Boiler, Thermic Heater, DG Set & Distillation",6676.0,583.8,0.0,46.1,52.6,0.1752,0.0438,24.0,FACTORY_OPERATIONAL_DATA,12.806,0.2778,12.664,3.8,25.0,1.185,4.063,5.248,0.1138,9,10,2024,2,-0.866,0.5,0.9749,-0.2225,20.071,19.2,7.5,435.875,33.904,20.24,16.925,11.097,34.112,32.1
2024-10-10,22.4125,73.0944,26.9,82,17.5,1003.6,5.61,23,-2.192,-5.165,ERA5 Reanalysis (Open-Meteo Historical Archive),99.604,59.425,15.954,11.496,473.083,81.583,0.955,22.412,73.094,Copernicus S5P TROPOMI & CAMS Multi-Sensor Assimilation,0.18,0.85,0.3115,-0.0526,-0.4035,15.0,FAC_VAD_01,Apex PetroChem & Polymers Ltd,"Utility Steam Boiler, Thermic Heater, DG Set & Distillation",7294.0,601.5,11.9,49.8,56.8,0.18919999999999998,0.047299999999999995,24.0,FACTORY_OPERATIONAL_DATA,13.729,0.2757,12.078,3.8,25.0,1.253,4.439,5.692,0.1143,10,10,2024,3,-0.866,0.5,0.4339,-0.901,26.612,12.546,8.629,544.375,39.921,20.727,17.116,10.635,38.608,36.4
2024-10-11,22.4125,73.0944,27.0,83,3.9,1003.3,3.78,58,-3.204,-2.002,ERA5 Reanalysis (Open-Meteo Historical Archive),62.675,39.838,8.046,8.033,327.292,79.958,0.66,22.412,73.094,Copernicus S5P TROPOMI & CAMS Multi-Sensor Assimilation,0.18,0.85,0.3115,-0.0526,-0.4035,15.0,FAC_VAD_01,Apex PetroChem & Polymers Ltd,"Utility Steam Boiler, Thermic Heater, DG Set & Distillation",1200.0,80.0,450.0,5.0,6.0,0.1,0.01,8.0,FACTORY_OPERATIONAL_DATA,6.54,1.308,16.0,20.0,10.0,1.368,0.73,2.098,0.4196,11,10,2024,4,-0.866,0.5,-0.4339,-0.901,15.954,14.962,11.496,473.083,59.425,19.739,17.102,9.999,41.017,23.5
2024-10-12,22.4125,73.0944,26.5,87,10.2,1003.7,3.75,63,-3.341,-1.702,ERA5 Reanalysis (Open-Meteo Historical Archive),32.9,22.204,11.329,6.125,318.0,70.333,0.342,22.412,73.094,Copernicus S5P TROPOMI & CAMS Multi-Sensor Assimilation,0.18,0.85,0.3115,-0.0526,-0.4035,15.0,FAC_VAD_01,Apex PetroChem & Polymers Ltd,"Utility Steam Boiler, Thermic Heater, DG Set & Distillation",1200.0,80.0,450.0,5.0,6.0,0.1,0.01,8.0,FACTORY_OPERATIONAL_DATA,6.54,1.308,16.0,20.0,10.0,1.368,0.73,2.098,0.4196,12,10,2024,5,-0.866,0.5,-0.9749,-0.2225,8.046,24.062,8.033,327.292,39.838,17.92,17.222,8.733,39.686,17.3
2024-10-13,22.4125,73.0944,27.7,84,2.5,1004.2,3.64,64,-3.271,-1.595,ERA5 Reanalysis (Open-Meteo Historical Archive),28.117,19.433,12.508,7.0,315.0,68.458,0.464,22.412,73.094,Copernicus S5P TROPOMI & CAMS Multi-Sensor Assimilation,0.18,0.85,0.3115,-0.0526,-0.4035,15.0,FAC_VAD_01,Apex PetroChem & Polymers Ltd,"Utility Steam Boiler, Thermic Heater, DG Set & Distillation",1200.0,80.0,450.0,5.0,6.0,0.1,0.01,8.0,FACTORY_OPERATIONAL_DATA,6.54,1.308,16.0,20.0,10.0,1.368,0.73,2.098,0.4196,13,10,2024,6,-0.866,0.5,-0.7818,0.6235,11.329,27.7,6.125,318.0,22.204,15.75,17.37,7.974,35.588,17.5
2024-10-14,22.4125,73.0944,27.9,83,0.3,1004.9,3.14,56,-2.602,-1.755,ERA5 Reanalysis (Open-Meteo Historical Archive),25.267,17.537,12.717,5.754,309.5,64.083,0.336,22.412,73.094,Copernicus S5P TROPOMI & CAMS Multi-Sensor Assimilation,0.18,0.85,0.3115,-0.0526,-0.4035,15.0,FAC_VAD_01,Apex PetroChem & Polymers Ltd,"Utility Steam Boiler, Thermic Heater, DG Set & Distillation",1200.0,80.0,450.0,5.0,6.0,0.1,0.01,8.0,FACTORY_OPERATIONAL_DATA,6.54,1.308,16.0,20.0,10.0,1.368,0.73,2.098,0.4196,14,10,2024,0,-0.866,0.5,0.0,1.0,12.508,15.729,7.0,315.0,19.433,15.32,17.48,7.791,33.18,16.0
2024-10-15,22.4125,73.0944,28.3,82,0.8,1004.7,2.44,58,-2.073,-1.295,ERA5 Reanalysis (Open-Meteo Historical Archive),39.075,27.075,21.079,7.275,426.292,65.292,0.419,22.412,73.094,Copernicus S5P TROPOMI & CAMS Multi-Sensor Assimilation,0.18,0.85,0.3115,-0.0526,-0.4035,15.0,FAC_VAD_01,Apex PetroChem & Polymers Ltd,"Utility Steam Boiler, Thermic Heater, DG Set & Distillation",1200.0,80.0,450.0,5.0,6.0,0.1,0.01,8.0,FACTORY_OPERATIONAL_DATA,6.54,1.308,16.0,20.0,10.0,1.368,0.73,2.098,0.4196,15,10,2024,1,-0.866,0.5,0.7818,0.6235,12.717,20.071,5.754,309.5,17.537,15.464,17.782,7.759,32.205,24.2
2024-10-16,22.4125,73.0944,28.4,85,5.0,1004.0,2.17,89,-2.166,-0.038,ERA5 Reanalysis (Open-Meteo Historical Archive),52.867,36.404,28.908,8.142,552.75,61.458,0.53,22.412,73.094,Copernicus S5P TROPOMI & CAMS Multi-Sensor Assimilation,0.18,0.85,0.3115,-0.0526,-0.4035,15.0,FAC_VAD_01,Apex PetroChem & Polymers Ltd,"Utility Steam Boiler, Thermic Heater, DG Set & Distillation",1200.0,80.0,450.0,5.0,6.0,0.1,0.01,8.0,FACTORY_OPERATIONAL_DATA,6.54,1.308,16.0,20.0,10.0,1.368,0.73,2.098,0.4196,16,10,2024,2,-0.866,0.5,0.9749,-0.2225,21.079,26.612,7.275,426.292,27.075,15.792,18.057,7.689,31.702,31.5
2024-10-17,22.4125,73.0944,28.8,76,0.0,1003.4,2.58,33,-1.407,-2.167,ERA5 Reanalysis (Open-Meteo Historical Archive),71.312,46.729,31.917,9.908,677.708,74.208,0.565,22.412,73.094,Copernicus S5P TROPOMI & CAMS Multi-Sensor Assimilation,0.18,0.85,0.1429,0.125,-0.2444,15.0,FAC_VAD_01,Apex PetroChem & Polymers Ltd,"Utility Steam Boiler, Thermic Heater, DG Set & Distillation",1200.0,80.0,450.0,5.0,6.0,0.1,0.01,8.0,FACTORY_OPERATIONAL_DATA,6.54,1.308,16.0,20.0,10.0,1.368,0.73,2.098,0.4196,17,10,2024,3,-0.866,0.5,0.4339,-0.901,28.908,15.954,8.142,552.75,36.404,18.072,18.311,7.462,29.889,37.7
2024-10-18,22.4125,73.0944,29.0,76,5.3,1003.3,4.14,68,-3.838,-1.55,ERA5 Reanalysis (Open-Meteo Historical Archive),78.046,50.408,18.408,9.371,492.083,82.625,0.978,22.412,73.094,Copernicus S5P TROPOMI & CAMS Multi-Sensor Assimilation,0.18,0.85,0.1429,0.125,-0.2444,15.0,FAC_VAD_01,Apex PetroChem & Polymers Ltd,"Utility Steam Boiler, Thermic Heater, DG Set & Distillation",1200.0,80.0,450.0,5.0,6.0,0.1,0.01,8.0,FACTORY_OPERATIONAL_DATA,6.54,1.308,16.0,20.0,10.0,1.368,0.73,2.098,0.4196,18,10,2024,4,-0.866,0.5,-0.4339,-0.901,31.917,8.046,9.908,677.708,46.729,19.552,18.182,7.654,31.399,32.7
2024-10-19,22.4125,73.0944,27.3,88,36.7,1005.3,4.64,149,-2.389,3.976,ERA5 Reanalysis (Open-Meteo Historical Archive),61.321,41.758,15.371,10.242,440.25,89.708,0.86,22.412,73.094,Copernicus S5P TROPOMI & CAMS Multi-Sensor Assimilation,0.18,0.85,0.1429,0.125,-0.2444,15.0,FAC_VAD_01,Apex PetroChem & Polymers Ltd,"Utility Steam Boiler, Thermic Heater, DG Set & Distillation",1200.0,80.0,450.0,5.0,6.0,0.1,0.01,8.0,FACTORY_OPERATIONAL_DATA,6.54,1.308,16.0,20.0,10.0,1.368,0.73,2.098,0.4196,19,10,2024,5,-0.866,0.5,-0.9749,-0.2225,18.408,11.329,9.371,492.083,50.408,20.13,18.132,8.242,34.192,29.0
2024-10-20,22.4125,73.0944,27.5,82,1.3,1006.3,2.03,131,-1.53,1.33,ERA5 Reanalysis (Open-Meteo Historical Archive),50.733,34.721,18.488,15.033,474.792,85.25,0.688,22.412,73.094,Copernicus S5P TROPOMI & CAMS Multi-Sensor Assimilation,0.18,0.85,0.1429,0.125,-0.2444,15.0,FAC_VAD_01,Apex PetroChem & Polymers Ltd,"Utility Steam Boiler, Thermic Heater, DG Set & Distillation",1200.0,80.0,450.0,5.0,6.0,0.1,0.01,8.0,FACTORY_OPERATIONAL_DATA,6.54,1.308,16.0,20.0,10.0,1.368,0.73,2.098,0.4196,20,10,2024,6,-0.866,0.5,-0.7818,0.6235,15.371,12.508,10.242,440.25,41.758,20.984,18.322,9.389,36.376,31.5
2024-10-21,22.4125,73.0944,26.8,85,15.0,1006.5,5.39,128,-4.247,3.318,ERA5 Reanalysis (Open-Meteo Historical Archive),46.312,31.463,27.287,9.933,536.708,74.208,0.446,22.412,73.094,Copernicus S5P TROPOMI & CAMS Multi-Sensor Assimilation,0.18,0.85,0.1429,0.125,-0.2444,15.0,FAC_VAD_01,Apex PetroChem & Polymers Ltd,"Utility Steam Boiler, Thermic Heater, DG Set & Distillation",1200.0,80.0,450.0,5.0,6.0,0.1,0.01,8.0,FACTORY_OPERATIONAL_DATA,6.54,1.308,16.0,20.0,10.0,1.368,0.73,2.098,0.4196,21,10,2024,0,-0.866,0.5,0.0,1.0,18.488,12.717,15.033,474.792,34.721,23.065,18.73,9.986,38.365,30.4
2024-10-22,22.4125,73.0944,27.2,82,3.5,1006.5,4.64,21,-1.662,-4.331,ERA5 Reanalysis (Open-Meteo Historical Archive),54.363,36.754,30.421,11.271,638.083,83.75,0.474,22.412,73.094,Copernicus S5P TROPOMI & CAMS Multi-Sensor Assimilation,0.18,0.85,0.1429,0.125,-0.2444,15.0,FAC_VAD_01,Apex PetroChem & Polymers Ltd,"Utility Steam Boiler, Thermic Heater, DG Set & Distillation",7667.0,647.2,1.8,52.9,60.3,0.201,0.0502,24.0,FACTORY_OPERATIONAL_DATA,14.481,0.2737,12.234,3.8,25.0,1.319,4.666,5.985,0.1131,22,10,2024,1,-0.866,0.5,0.7818,0.6235,27.287,21.079,9.933,536.708,31.463,24.4,19.102,10.557,39.748,34.6
2024-10-23,22.4125,73.0944,27.9,75,0.1,1006.4,2.58,43,-1.762,-1.889,ERA5 Reanalysis (Open-Meteo Historical Archive),51.596,34.283,21.958,8.592,480.75,75.0,0.521,22.412,73.094,Copernicus S5P TROPOMI & CAMS Multi-Sensor Assimilation,0.18,0.85,0.1429,0.125,-0.2444,15.0,FAC_VAD_01,Apex PetroChem & Polymers Ltd,"Utility Steam Boiler, Thermic Heater, DG Set & Distillation",6964.0,552.2,23.9,48.3,55.1,0.1835,0.045899999999999996,24.0,FACTORY_OPERATIONAL_DATA,13.001,0.2692,11.433,3.8,25.0,1.185,4.238,5.423,0.1123,23,10,2024,2,-0.866,0.5,0.9749,-0.2225,30.421,28.908,11.271,638.083,36.754,23.407,19.197,10.621,39.445,28.0
2024-10-24,22.4125,73.0944,27.0,67,0.0,1006.0,2.75,22,-1.03,-2.55,ERA5 Reanalysis (Open-Meteo Historical Archive),73.621,45.375,18.104,8.858,496.542,81.708,0.577,22.412,73.094,Copernicus S5P TROPOMI & CAMS Multi-Sensor Assimilation,0.18,0.85,0.1429,0.125,-0.2444,15.0,FAC_VAD_01,Apex PetroChem & Polymers Ltd,"Utility Steam Boiler, Thermic Heater, DG Set & Distillation",8722.0,720.0,305.5,60.1,68.5,0.2284,0.0571,24.0,FACTORY_OPERATIONAL_DATA,19.337,0.3217,11.98,3.8,25.0,2.28,5.308,7.588,0.1263,24,10,2024,3,-0.866,0.5,0.4339,-0.901,21.958,31.917,8.592,480.75,34.283,21.434,18.999,10.471,39.252,30.4
2024-10-25,22.4125,73.0944,26.3,62,0.0,1005.8,3.75,27,-1.702,-3.341,ERA5 Reanalysis (Open-Meteo Historical Archive),82.392,48.658,23.375,12.504,612.292,84.75,0.386,22.412,73.094,Copernicus S5P TROPOMI & CAMS Multi-Sensor Assimilation,0.18,0.85,0.1429,0.125,-0.2444,15.0,FAC_VAD_01,Apex PetroChem & Polymers Ltd,"Utility Steam Boiler, Thermic Heater, DG Set & Distillation",7497.0,558.9,0.0,45.2,51.5,0.1718,0.043,24.0,FACTORY_OPERATIONAL_DATA,13.365,0.2957,12.365,3.8,25.0,1.135,4.563,5.698,0.1261,25,10,2024,4,-0.866,0.5,-0.4339,-0.901,18.104,18.408,8.858,496.542,45.375,22.143,19.297,10.919,39.002,36.6
2024-10-26,22.4125,73.0944,26.3,65,0.0,1005.7,2.33,346,0.564,-2.264,ERA5 Reanalysis (Open-Meteo Historical Archive),105.612,60.954,23.05,17.758,791.042,110.208,0.344,22.412,73.094,Copernicus S5P TROPOMI & CAMS Multi-Sensor Assimilation,0.18,0.85,0.1429,0.125,-0.2444,15.0,FAC_VAD_01,Apex PetroChem & Polymers Ltd,"Utility Steam Boiler, Thermic Heater, DG Set & Distillation",8640.0,587.2,65.9,54.7,62.4,0.2079,0.052,24.0,FACTORY_OPERATIONAL_DATA,15.465,0.2827,10.735,3.8,25.0,1.369,5.258,6.627,0.1212,26,10,2024,5,-0.866,0.5,-0.9749,-0.2225,23.375,15.371,12.504,612.292,48.658,23.24,19.563,11.993,41.744,44.7
2024-10-27,22.4125,73.0944,27.3,66,0.0,1004.1,3.19,323,1.922,-2.551,ERA5 Reanalysis (Open-Meteo Historical Archive),94.7,55.179,24.858,18.325,960.167,113.833,0.278,22.412,73.094,Copernicus S5P TROPOMI & CAMS Multi-Sensor Assimilation,0.18,0.85,0.1429,0.125,-0.2444,15.0,FAC_VAD_01,Apex PetroChem & Polymers Ltd,"Utility Steam Boiler, Thermic Heater, DG Set & Distillation",5636.0,454.3,39.9,39.2,43.9,0.1411,0.0395,18.0,FACTORY_OPERATIONAL_DATA,10.805,0.2756,11.589,3.6,28.0,1.029,3.43,4.459,0.1137,27,10,2024,6,-0.866,0.5,-0.7818,0.6235,23.05,18.488,17.758,791.042,60.954,24.15,19.853,12.463,44.667,43.9
2024-10-28,22.4125,73.0944,27.9,65,0.0,1002.3,2.69,331,1.306,-2.357,ERA5 Reanalysis (Open-Meteo Historical Archive),81.233,47.696,33.604,13.958,1218.083,86.208,0.295,22.412,73.094,Copernicus S5P TROPOMI & CAMS Multi-Sensor Assimilation,0.18,0.85,0.1429,0.125,-0.2444,15.0,FAC_VAD_01,Apex PetroChem & Polymers Ltd,"Utility Steam Boiler, Thermic Heater, DG Set & Distillation",6243.0,508.4,0.0,42.9,48.9,0.163,0.040799999999999996,24.0,FACTORY_OPERATIONAL_DATA,11.581,0.27,11.851,3.8,25.0,1.032,3.799,4.831,0.1126,28,10,2024,0,-0.866,0.5,0.0,1.0,24.858,27.287,18.325,960.167,55.179,25.053,20.471,13.038,46.986,41.9
2024-10-29,22.4125,73.0944,27.7,73,0.0,1003.5,3.06,339,1.095,-2.853,ERA5 Reanalysis (Open-Meteo Historical Archive),87.683,49.479,30.033,18.604,855.375,94.5,0.35,22.412,73.094,Copernicus S5P TROPOMI & CAMS Multi-Sensor Assimilation,0.18,0.85,0.1429,0.125,-0.2444,15.0,FAC_VAD_01,Apex PetroChem & Polymers Ltd,"Utility Steam Boiler, Thermic Heater, DG Set & Distillation",7252.0,592.6,47.2,49.3,56.2,0.18730000000000002,0.046799999999999994,24.0,FACTORY_OPERATIONAL_DATA,13.946,0.2829,12.02,3.8,25.0,1.329,4.414,5.743,0.1165,29,10,2024,1,-0.866,0.5,0.7818,0.6235,33.604,30.421,13.958,1218.083,47.696,24.997,21.035,14.086,48.803,44.4
2024-10-30,22.4125,73.0944,27.7,66,0.0,1005.1,2.86,327,1.558,-2.4,ERA5 Reanalysis (Open-Meteo Historical Archive),57.292,32.892,23.246,10.983,915.833,81.5,0.275,22.412,73.094,Copernicus S5P TROPOMI & CAMS Multi-Sensor Assimilation,0.18,0.85,0.1429,0.125,-0.2444,15.0,FAC_VAD_01,Apex PetroChem & Polymers Ltd,"Utility Steam Boiler, Thermic Heater, DG Set & Distillation",6384.0,562.6,149.5,47.3,53.9,0.1797,0.044899999999999995,24.0,FACTORY_OPERATIONAL_DATA,13.786,0.2915,11.894,3.8,25.0,1.543,3.885,5.428,0.1148,30,10,2024,2,-0.866,0.5,0.9749,-0.2225,30.033,21.958,18.604,855.375,49.479,25.181,21.065,14.427,48.605,29.9
2024-10-31,22.4125,73.0944,27.2,61,0.0,1006.4,2.61,13,-0.587,-2.544,ERA5 Reanalysis (Open-Meteo Historical Archive),49.425,30.054,22.296,8.879,743.375,76.417,0.242,22.412,73.094,Copernicus S5P TROPOMI & CAMS Multi-Sensor Assimilation,0.18,0.85,0.1429,0.125,-0.2444,15.0,FAC_VAD_01,Apex PetroChem & Polymers Ltd,"Utility Steam Boiler, Thermic Heater, DG Set & Distillation",7264.0,580.6,0.0,49.3,56.2,0.18730000000000002,0.046799999999999994,24.0,FACTORY_OPERATIONAL_DATA,13.36,0.271,11.777,3.8,25.0,1.179,4.421,5.6,0.1136,31,10,2024,3,-0.866,0.5,0.4339,-0.901,23.246,18.104,10.983,915.833,32.892,25.78,21.128,14.43,46.416,26.9
2024-11-01,22.4125,73.0944,27.1,56,0.0,1007.6,3.19,11,-0.61,-3.136,ERA5 Reanalysis (Open-Meteo Historical Archive),48.208,29.992,22.742,9.938,824.417,75.083,0.195,22.412,73.094,Copernicus S5P TROPOMI & CAMS Multi-Sensor Assimilation,0.18,0.85,0.1429,0.125,-0.2444,15.0,FAC_VAD_01,Apex PetroChem & Polymers Ltd,"Utility Steam Boiler, Thermic Heater, DG Set & Distillation",8490.0,677.5,0.0,55.3,63.0,0.21009999999999998,0.0525,24.0,FACTORY_OPERATIONAL_DATA,15.604,0.2822,12.251,3.8,25.0,1.375,5.167,6.542,0.1183,1,11,2024,4,-0.5,0.866,-0.4339,-0.901,22.296,23.375,8.879,743.375,30.054,25.69,21.246,14.064,43.749,27.9
2024-11-02,22.4125,73.0944,26.4,56,0.0,1007.9,2.75,357,0.144,-2.746,ERA5 Reanalysis (Open-Meteo Historical Archive),48.308,30.546,25.904,10.396,941.125,82.583,0.171,22.412,73.094,Copernicus S5P TROPOMI & CAMS Multi-Sensor Assimilation,0.18,0.85,0.1429,0.125,-0.2444,15.0,FAC_VAD_01,Apex PetroChem & Polymers Ltd,"Utility Steam Boiler, Thermic Heater, DG Set & Distillation",8735.0,679.3,0.0,56.8,64.8,0.21580000000000002,0.054,24.0,FACTORY_OPERATIONAL_DATA,15.868,0.2794,11.96,3.8,25.0,1.379,5.316,6.695,0.1179,2,11,2024,5,-0.5,0.866,-0.9749,-0.2225,22.742,23.05,9.938,824.417,29.992,26.098,21.691,13.012,39.405,29.8
2024-11-03,22.4125,73.0944,26.4,57,0.0,1007.8,2.61,11,-0.498,-2.563,ERA5 Reanalysis (Open-Meteo Historical Archive),51.758,32.65,22.096,10.592,758.25,79.667,0.278,22.412,73.094,Copernicus S5P TROPOMI & CAMS Multi-Sensor Assimilation,0.18,0.85,0.1429,0.125,-0.2444,15.0,FAC_VAD_01,Apex PetroChem & Polymers Ltd,"Utility Steam Boiler, Thermic Heater, DG Set & Distillation",5449.0,431.9,77.2,39.4,44.1,0.1418,0.039700000000000006,18.0,FACTORY_OPERATIONAL_DATA,10.756,0.273,10.962,3.6,28.0,1.084,3.316,4.4,0.1117,3,11,2024,6,-0.5,0.866,-0.7818,0.6235,25.904,24.858,10.396,941.125,30.546,25.703,21.929,11.907,36.187,29.0
2024-11-04,22.4125,73.0944,26.5,58,0.0,1006.8,2.75,360,0.0,-2.75,ERA5 Reanalysis (Open-Meteo Historical Archive),51.117,32.25,21.225,11.575,581.083,80.708,0.274,22.412,73.094,Copernicus S5P TROPOMI & CAMS Multi-Sensor Assimilation,0.18,0.85,0.1429,0.125,-0.2444,15.0,FAC_VAD_01,Apex PetroChem & Polymers Ltd,"Utility Steam Boiler, Thermic Heater, DG Set & Distillation",7451.0,552.3,46.6,47.0,53.6,0.17859999999999998,0.0446,24.0,FACTORY_OPERATIONAL_DATA,13.716,0.2918,11.751,3.8,25.0,1.246,4.535,5.781,0.123,4,11,2024,0,-0.5,0.866,0.0,1.0,22.096,33.604,10.592,758.25,32.65,23.935,21.835,11.567,33.98,29.3
2024-11-05,22.4125,73.0944,26.8,53,0.0,1007.5,3.14,24,-1.277,-2.868,ERA5 Reanalysis (Open-Meteo Historical Archive),53.688,32.733,16.733,9.067,599.208,80.375,0.286,22.412,73.094,Copernicus S5P TROPOMI & CAMS Multi-Sensor Assimilation,0.18,0.85,0.1429,0.125,-0.2444,15.0,FAC_VAD_01,Apex PetroChem & Polymers Ltd,"Utility Steam Boiler, Thermic Heater, DG Set & Distillation",7232.0,573.4,99.3,46.6,53.1,0.1771,0.0443,24.0,FACTORY_OPERATIONAL_DATA,14.246,0.3057,12.305,3.8,25.0,1.43,4.401,5.831,0.1251,5,11,2024,1,-0.5,0.866,0.7818,0.6235,21.225,30.033,11.575,581.083,32.25,22.035,21.469,10.204,31.588,25.6
2024-11-06,22.4125,73.0944,26.9,51,0.0,1008.7,3.5,27,-1.589,-3.119,ERA5 Reanalysis (Open-Meteo Historical Archive),74.229,44.317,13.958,8.579,589.375,87.375,0.462,22.412,73.094,Copernicus S5P TROPOMI & CAMS Multi-Sensor Assimilation,0.18,0.85,0.1429,0.125,-0.2444,15.0,FAC_VAD_01,Apex PetroChem & Polymers Ltd,"Utility Steam Boiler, Thermic Heater, DG Set & Distillation",7127.0,563.9,0.0,48.2,54.9,0.1832,0.0458,24.0,FACTORY_OPERATIONAL_DATA,13.048,0.2707,11.699,3.8,25.0,1.145,4.337,5.482,0.1137,6,11,2024,2,-0.5,0.866,0.9749,-0.2225,16.733,23.246,9.067,599.208,32.733,20.708,21.41,9.861,33.22,28.1
2024-11-07,22.4125,73.0944,26.8,58,0.0,1008.2,2.67,38,-1.642,-2.101,ERA5 Reanalysis (Open-Meteo Historical Archive),92.179,54.542,19.842,10.571,621.625,88.75,0.473,22.412,73.094,Copernicus S5P TROPOMI & CAMS Multi-Sensor Assimilation,0.18,0.85,0.1429,0.125,-0.2444,15.0,FAC_VAD_01,Apex PetroChem & Polymers Ltd,"Utility Steam Boiler, Thermic Heater, DG Set & Distillation",5677.0,471.0,0.0,38.6,44.0,0.1467,0.0367,24.0,FACTORY_OPERATIONAL_DATA,10.622,0.2752,12.202,3.8,25.0,0.956,3.455,4.411,0.1143,7,11,2024,3,-0.5,0.866,0.4339,-0.901,13.958,22.296,8.579,589.375,44.317,20.357,21.402,10.103,36.719,35.7
2024-11-08,22.4125,73.0944,26.7,61,0.0,1007.7,2.61,17,-0.763,-2.497,ERA5 Reanalysis (Open-Meteo Historical Archive),67.942,41.312,23.787,10.692,558.042,77.875,0.315,22.412,73.094,Copernicus S5P TROPOMI & CAMS Multi-Sensor Assimilation,0.18,0.85,0.1429,0.125,-0.2444,15.0,FAC_VAD_01,Apex PetroChem & Polymers Ltd,"Utility Steam Boiler, Thermic Heater, DG Set & Distillation",6214.0,492.1,0.0,42.1,48.0,0.16,0.04,24.0,FACTORY_OPERATIONAL_DATA,11.381,0.2703,11.689,3.8,25.0,0.999,3.782,4.781,0.1136,8,11,2024,4,-0.5,0.866,-0.4339,-0.901,19.842,22.742,10.571,621.625,54.542,20.506,21.308,10.21,38.336,32.9
2024-11-09,22.4125,73.0944,27.3,52,0.0,1007.9,2.89,45,-2.043,-2.043,ERA5 Reanalysis (Open-Meteo Historical Archive),67.367,42.183,29.942,10.671,569.292,72.333,0.397,22.412,73.094,Copernicus S5P TROPOMI & CAMS Multi-Sensor Assimilation,0.18,0.85,0.1429,0.125,-0.2444,15.0,FAC_VAD_01,Apex PetroChem & Polymers Ltd,"Utility Steam Boiler, Thermic Heater, DG Set & Distillation",8175.0,651.4,0.0,52.5,59.8,0.1995,0.0499,24.0,FACTORY_OPERATIONAL_DATA,15.015,0.286,12.408,3.8,25.0,1.322,4.975,6.297,0.1199,9,11,2024,5,-0.5,0.866,-0.9749,-0.2225,23.787,25.904,10.692,558.042,41.312,21.083,21.774,10.25,39.998,35.9
2024-11-10,22.4125,73.0944,26.5,49,0.0,1008.2,3.5,42,-2.342,-2.601,ERA5 Reanalysis (Open-Meteo Historical Archive),71.571,44.596,31.633,9.892,472.25,71.542,0.415,22.412,73.094,Copernicus S5P TROPOMI & CAMS Multi-Sensor Assimilation,0.18,0.85,0.1429,0.125,-0.2444,15.0,FAC_VAD_01,Apex PetroChem & Polymers Ltd,"Utility Steam Boiler, Thermic Heater, DG Set & Distillation",4711.0,344.5,2.8,30.4,34.0,0.10940000000000001,0.030600000000000002,18.0,FACTORY_OPERATIONAL_DATA,8.356,0.2749,11.332,3.6,28.0,0.707,2.867,3.574,0.1176,10,11,2024,6,-0.5,0.866,-0.7818,0.6235,29.942,22.096,10.671,569.292,42.183,22.446,22.561,10.15,41.705,36.9
2024-11-11,22.4125,73.0944,25.8,54,0.0,1008.1,2.92,23,-1.14,-2.685,ERA5 Reanalysis (Open-Meteo Historical Archive),65.354,40.296,25.283,8.171,701.208,69.375,0.424,22.412,73.094,Copernicus S5P TROPOMI & CAMS Multi-Sensor Assimilation,0.18,0.85,0.1429,0.125,-0.2444,15.0,FAC_VAD_01,Apex PetroChem & Polymers Ltd,"Utility Steam Boiler, Thermic Heater, DG Set & Distillation",7857.0,629.9,0.0,50.3,57.3,0.1911,0.047799999999999995,24.0,FACTORY_OPERATIONAL_DATA,14.471,0.2877,12.523,3.8,25.0,1.279,4.782,6.061,0.1205,11,11,2024,0,-0.5,0.866,0.0,1.0,31.633,21.225,9.892,472.25,44.596,23.025,23.026,9.663,42.854,31.3
2024-11-12,22.4125,73.0944,26.0,57,0.0,1007.5,2.56,51,-1.986,-1.608,ERA5 Reanalysis (Open-Meteo Historical Archive),77.279,54.825,42.404,10.342,731.25,61.125,0.493,22.412,73.094,Copernicus S5P TROPOMI & CAMS Multi-Sensor Assimilation,0.18,0.85,0.1429,0.125,-0.2444,15.0,FAC_VAD_01,Apex PetroChem & Polymers Ltd,"Utility Steam Boiler, Thermic Heater, DG Set & Distillation",7906.0,583.8,0.0,51.9,59.2,0.1972,0.0493,24.0,FACTORY_OPERATIONAL_DATA,14.036,0.2704,11.249,3.8,25.0,1.185,4.812,5.997,0.1155,12,11,2024,1,-0.5,0.866,0.7818,0.6235,25.283,16.733,8.171,701.208,40.296,26.693,24.022,9.845,46.01,45.5
2024-11-13,22.4125,73.0944,25.5,54,0.0,1006.4,3.19,84,-3.177,-0.334,ERA5 Reanalysis (Open-Meteo Historical Archive),67.25,61.779,44.171,9.562,655.875,63.583,0.526,22.412,73.094,Copernicus S5P TROPOMI & CAMS Multi-Sensor Assimilation,0.18,0.85,0.1429,0.125,-0.2444,15.0,FAC_VAD_01,Apex PetroChem & Polymers Ltd,"Utility Steam Boiler, Thermic Heater, DG Set & Distillation",8227.0,666.4,0.0,55.0,62.7,0.209,0.0522,24.0,FACTORY_OPERATIONAL_DATA,15.224,0.2768,12.116,3.8,25.0,1.353,5.007,6.36,0.1156,13,11,2024,2,-0.5,0.866,0.9749,-0.2225,42.404,13.958,10.342,731.25,54.825,31.009,25.071,9.986,48.505,48.1
2024-11-14,22.4125,73.0944,25.8,51,0.0,1007.4,2.72,95,-2.712,0.237,ERA5 Reanalysis (Open-Meteo Historical Archive),54.038,50.683,33.396,9.592,676.125,73.917,0.37,22.412,73.094,Copernicus S5P TROPOMI & CAMS Multi-Sensor Assimilation,0.18,0.85,0.1429,0.125,-0.2444,15.0,FAC_VAD_01,Apex PetroChem & Polymers Ltd,"Utility Steam Boiler, Thermic Heater, DG Set & Distillation",6997.0,547.0,0.0,45.6,52.0,0.1733,0.0433,24.0,FACTORY_OPERATIONAL_DATA,12.74,0.2794,11.996,3.8,25.0,1.11,4.258,5.368,0.1177,14,11,2024,3,-0.5,0.866,0.4339,-0.901,44.171,19.842,9.562,655.875,61.779,32.945,25.481,9.846,47.953,39.5
2024-11-15,22.4125,73.0944,24.9,56,0.0,1007.9,2.03,28,-0.952,-1.79,ERA5 Reanalysis (Open-Meteo Historical Archive),55.25,52.846,37.0,10.025,630.75,75.958,0.41,22.412,73.094,Copernicus S5P TROPOMI & CAMS Multi-Sensor Assimilation,0.18,0.85,0.1429,0.125,-0.2444,15.0,FAC_VAD_01,Apex PetroChem & Polymers Ltd,"Utility Steam Boiler, Thermic Heater, DG Set & Distillation",8645.0,693.5,0.0,56.5,64.4,0.2147,0.053700000000000005,24.0,FACTORY_OPERATIONAL_DATA,15.927,0.2819,12.274,3.8,25.0,1.408,5.261,6.669,0.118,15,11,2024,4,-0.5,0.866,-0.4339,-0.901,33.396,23.787,9.592,676.125,50.683,34.833,25.751,9.751,49.601,42.2
2024-11-16,22.4125,73.0944,24.9,59,0.0,1007.4,3.0,21,-1.075,-2.801,ERA5 Reanalysis (Open-Meteo Historical Archive),62.137,60.325,42.3,10.021,611.542,74.5,0.448,22.412,73.094,Copernicus S5P TROPOMI & CAMS Multi-Sensor Assimilation,0.18,0.85,0.1429,0.125,-0.2444,15.0,FAC_VAD_01,Apex PetroChem & Polymers Ltd,"Utility Steam Boiler, Thermic Heater, DG Set & Distillation",7645.0,619.6,0.0,52.7,60.1,0.2003,0.0501,24.0,FACTORY_OPERATIONAL_DATA,14.151,0.2685,11.757,3.8,25.0,1.258,4.653,5.911,0.1122,16,11,2024,5,-0.5,0.866,-0.9749,-0.2225,37.0,29.942,10.025,630.75,52.846,36.598,26.097,9.658,52.193,47.1
2024-11-17,22.4125,73.0944,25.2,51,0.0,1007.4,2.11,39,-1.329,-1.641,ERA5 Reanalysis (Open-Meteo Historical Archive),49.662,48.454,37.592,9.675,529.292,70.917,0.492,22.412,73.094,Copernicus S5P TROPOMI & CAMS Multi-Sensor Assimilation,0.18,0.85,0.1429,0.125,-0.2444,15.0,FAC_VAD_01,Apex PetroChem & Polymers Ltd,"Utility Steam Boiler, Thermic Heater, DG Set & Distillation",4364.0,344.1,9.7,31.6,35.4,0.1138,0.0319,18.0,FACTORY_OPERATIONAL_DATA,8.074,0.2555,10.889,3.6,28.0,0.725,2.656,3.381,0.107,17,11,2024,6,-0.5,0.866,-0.7818,0.6235,42.3,31.633,10.021,611.542,60.325,37.449,26.737,9.627,52.744,40.7
2024-11-18,22.4125,73.0944,24.7,51,0.0,1008.4,2.22,50,-1.702,-1.428,ERA5 Reanalysis (Open-Meteo Historical Archive),58.196,56.296,36.392,9.171,581.125,68.583,0.527,22.412,73.094,Copernicus S5P TROPOMI & CAMS Multi-Sensor Assimilation,0.18,0.85,0.1429,0.125,-0.2444,15.0,FAC_VAD_01,Apex PetroChem & Polymers Ltd,"Utility Steam Boiler, Thermic Heater, DG Set & Distillation",6656.0,541.6,0.0,44.1,50.3,0.1676,0.0419,24.0,FACTORY_OPERATIONAL_DATA,12.343,0.2799,12.281,3.8,25.0,1.099,4.051,5.15,0.1168,18,11,2024,0,-0.5,0.866,0.0,1.0,37.592,25.283,9.675,529.292,48.454,39.036,27.437,9.77,55.03,42.5
2024-11-19,22.4125,73.0944,24.1,53,0.0,1009.5,3.44,34,-1.926,-2.856,ERA5 Reanalysis (Open-Meteo Historical Archive),67.554,64.75,27.746,10.921,560.042,75.458,0.765,22.412,73.094,Copernicus S5P TROPOMI & CAMS Multi-Sensor Assimilation,0.18,0.85,0.1429,0.125,-0.2444,15.0,FAC_VAD_01,Apex PetroChem & Polymers Ltd,"Utility Steam Boiler, Thermic Heater, DG Set & Distillation",6765.0,551.3,0.0,43.5,49.6,0.1653,0.041299999999999996,24.0,FACTORY_OPERATIONAL_DATA,12.554,0.2886,12.674,3.8,25.0,1.119,4.117,5.236,0.1204,19,11,2024,1,-0.5,0.866,0.7818,0.6235,36.392,42.404,9.171,581.125,56.296,36.942,27.746,9.852,56.448,43.0
2024-11-20,22.4125,73.0944,23.8,50,0.0,1009.0,3.36,36,-1.976,-2.719,ERA5 Reanalysis (Open-Meteo Historical Archive),58.408,56.075,21.446,10.833,538.0,80.208,0.565,22.412,73.094,Copernicus S5P TROPOMI & CAMS Multi-Sensor Assimilation,0.18,0.85,0.1429,0.125,-0.2444,15.0,FAC_VAD_01,Apex PetroChem & Polymers Ltd,"Utility Steam Boiler, Thermic Heater, DG Set & Distillation",7757.0,650.9,0.0,53.2,60.6,0.2022,0.0505,24.0,FACTORY_OPERATIONAL_DATA,14.591,0.2743,12.235,3.8,25.0,1.321,4.721,6.042,0.1136,20,11,2024,2,-0.5,0.866,0.9749,-0.2225,27.746,44.171,10.921,560.042,64.75,33.696,27.551,10.034,55.633,37.1
2024-11-21,22.4125,73.0944,22.3,45,0.0,1008.7,3.11,25,-1.315,-2.82,ERA5 Reanalysis (Open-Meteo Historical Archive),49.021,46.846,24.483,10.487,473.333,78.25,0.332,22.412,73.094,Copernicus S5P TROPOMI & CAMS Multi-Sensor Assimilation,0.18,0.85,0.1429,0.125,-0.2444,15.0,FAC_VAD_01,Apex PetroChem & Polymers Ltd,"Utility Steam Boiler, Thermic Heater, DG Set & Distillation",7080.0,590.9,112.7,48.9,55.7,0.18580000000000002,0.0465,24.0,FACTORY_OPERATIONAL_DATA,14.411,0.2947,12.084,3.8,25.0,1.502,4.309,5.811,0.1188,21,11,2024,3,-0.5,0.866,0.4339,-0.901,21.446,33.396,10.833,538.0,56.075,32.423,27.353,10.162,55.085,35.0
2024-11-22,22.4125,73.0944,22.1,49,0.0,1008.1,3.11,30,-1.556,-2.694,ERA5 Reanalysis (Open-Meteo Historical Archive),64.587,62.025,27.3,11.125,502.292,75.875,0.481,22.412,73.094,Copernicus S5P TROPOMI & CAMS Multi-Sensor Assimilation,0.18,0.85,0.1429,0.125,-0.2444,15.0,FAC_VAD_01,Apex PetroChem & Polymers Ltd,"Utility Steam Boiler, Thermic Heater, DG Set & Distillation",6202.0,524.9,0.0,43.5,49.6,0.1653,0.041299999999999996,24.0,FACTORY_OPERATIONAL_DATA,11.713,0.2693,12.067,3.8,25.0,1.066,3.775,4.841,0.1113,22,11,2024,4,-0.5,0.866,-0.4339,-0.901,24.483,37.0,10.487,473.333,46.846,31.037,27.531,10.319,56.396,42.0
2024-11-23,22.4125,73.0944,22.5,54,0.0,1008.6,2.69,26,-1.181,-2.422,ERA5 Reanalysis (Open-Meteo Historical Archive),78.229,74.837,26.817,12.6,588.625,82.792,0.658,22.412,73.094,Copernicus S5P TROPOMI & CAMS Multi-Sensor Assimilation,0.18,0.85,0.1429,0.125,-0.2444,15.0,FAC_VAD_01,Apex PetroChem & Polymers Ltd,"Utility Steam Boiler, Thermic Heater, DG Set & Distillation",8300.0,641.2,8.8,53.2,60.6,0.2022,0.0505,24.0,FACTORY_OPERATIONAL_DATA,15.121,0.2842,12.053,3.8,25.0,1.325,5.051,6.376,0.1198,23,11,2024,5,-0.5,0.866,-0.9749,-0.2225,27.3,42.3,11.125,502.292,62.025,28.825,27.822,10.687,58.469,47.4
2024-11-24,22.4125,73.0944,22.9,54,0.0,1008.9,2.56,27,-1.16,-2.277,ERA5 Reanalysis (Open-Meteo Historical Archive),90.058,85.512,28.917,12.862,570.333,81.625,0.768,22.412,73.094,Copernicus S5P TROPOMI & CAMS Multi-Sensor Assimilation,0.18,0.85,0.1429,0.125,-0.2444,15.0,FAC_VAD_01,Apex PetroChem & Polymers Ltd,"Utility Steam Boiler, Thermic Heater, DG Set & Distillation",5797.0,411.4,22.6,38.0,42.6,0.1368,0.038299999999999994,18.0,FACTORY_OPERATIONAL_DATA,10.343,0.2722,10.826,3.6,28.0,0.896,3.528,4.424,0.1164,24,11,2024,6,-0.5,0.866,-0.7818,0.6235,26.817,37.592,12.6,588.625,74.837,27.586,28.007,11.143,63.763,52.2
2024-11-25,22.4125,73.0944,23.3,54,0.0,1009.2,3.25,60,-2.815,-1.625,ERA5 Reanalysis (Open-Meteo Historical Archive),73.925,66.538,27.917,8.812,567.083,68.167,0.62,22.412,73.094,Copernicus S5P TROPOMI & CAMS Multi-Sensor Assimilation,0.18,0.85,0.1429,0.125,-0.2444,15.0,FAC_VAD_01,Apex PetroChem & Polymers Ltd,"Utility Steam Boiler, Thermic Heater, DG Set & Distillation",7583.0,547.3,0.0,49.7,56.7,0.1889,0.047200000000000006,24.0,FACTORY_OPERATIONAL_DATA,13.33,0.2682,11.012,3.8,25.0,1.111,4.615,5.726,0.1152,25,11,2024,0,-0.5,0.866,0.0,1.0,28.917,36.392,12.862,570.333,85.512,26.375,28.169,11.091,65.226,42.1
2024-11-26,22.4125,73.0944,22.8,51,0.0,1009.3,2.64,51,-2.051,-1.661,ERA5 Reanalysis (Open-Meteo Historical Archive),48.408,44.0,28.512,9.05,559.417,64.875,0.355,22.412,73.094,Copernicus S5P TROPOMI & CAMS Multi-Sensor Assimilation,0.18,0.85,0.1429,0.125,-0.2444,15.0,FAC_VAD_01,Apex PetroChem & Polymers Ltd,"Utility Steam Boiler, Thermic Heater, DG Set & Distillation",7011.0,567.8,0.0,46.7,53.2,0.1775,0.0444,24.0,FACTORY_OPERATIONAL_DATA,12.973,0.2778,12.158,3.8,25.0,1.153,4.267,5.42,0.1161,26,11,2024,1,-0.5,0.866,0.7818,0.6235,27.917,27.746,8.812,567.083,66.538,26.485,28.291,10.824,62.262,34.7
2024-11-27,22.4125,73.0944,22.7,48,0.0,1008.5,3.14,68,-2.91,-1.176,ERA5 Reanalysis (Open-Meteo Historical Archive),36.667,33.196,32.617,9.946,617.792,68.042,0.24,22.412,73.094,Copernicus S5P TROPOMI & CAMS Multi-Sensor Assimilation,0.18,0.85,0.1429,0.125,-0.2444,15.0,FAC_VAD_01,Apex PetroChem & Polymers Ltd,"Utility Steam Boiler, Thermic Heater, DG Set & Distillation",7695.0,594.4,9.5,49.7,56.7,0.1889,0.047200000000000006,24.0,FACTORY_OPERATIONAL_DATA,14.031,0.2823,11.96,3.8,25.0,1.232,4.683,5.915,0.119,27,11,2024,2,-0.5,0.866,0.9749,-0.2225,28.512,21.446,9.05,559.417,44.0,28.08,28.258,10.697,58.993,33.3
2024-11-28,22.4125,73.0944,23.4,44,0.0,1008.6,3.19,75,-3.086,-0.827,ERA5 Reanalysis (Open-Meteo Historical Archive),39.892,35.412,29.317,8.362,491.917,63.625,0.311,22.412,73.094,Copernicus S5P TROPOMI & CAMS Multi-Sensor Assimilation,0.18,0.85,0.1429,0.125,-0.2444,15.0,FAC_VAD_01,Apex PetroChem & Polymers Ltd,"Utility Steam Boiler, Thermic Heater, DG Set & Distillation",6309.0,494.5,0.0,40.3,45.9,0.15309999999999999,0.038299999999999994,24.0,FACTORY_OPERATIONAL_DATA,11.501,0.2854,12.27,3.8,25.0,1.004,3.84,4.844,0.1202,28,11,2024,3,-0.5,0.866,0.4339,-0.901,32.617,24.483,9.946,617.792,33.196,28.771,28.234,10.394,57.36,31.5
2024-11-29,22.4125,73.0944,22.1,49,0.0,1009.2,3.97,59,-3.405,-2.046,ERA5 Reanalysis (Open-Meteo Historical Archive),37.046,34.875,14.933,8.504,507.333,83.458,0.305,22.412,73.094,Copernicus S5P TROPOMI & CAMS Multi-Sensor Assimilation,0.18,0.85,0.1429,0.125,-0.2444,15.0,FAC_VAD_01,Apex PetroChem & Polymers Ltd,"Utility Steam Boiler, Thermic Heater, DG Set & Distillation",7584.0,547.9,0.0,47.5,54.1,0.1805,0.0451,24.0,FACTORY_OPERATIONAL_DATA,13.337,0.2808,11.535,3.8,25.0,1.112,4.616,5.728,0.1206,29,11,2024,4,-0.5,0.866,-0.4339,-0.901,29.317,27.3,8.362,491.917,35.412,27.004,27.957,10.019,53.481,25.1
2024-11-30,22.4125,73.0944,21.6,44,0.0,1007.9,3.33,44,-2.316,-2.398,ERA5 Reanalysis (Open-Meteo Historical Archive),47.408,45.517,13.475,9.121,415.958,89.708,0.357,22.412,73.094,Copernicus S5P TROPOMI & CAMS Multi-Sensor Assimilation,0.18,0.85,0.1429,0.125,-0.2444,15.0,FAC_VAD_01,Apex PetroChem & Polymers Ltd,"Utility Steam Boiler, Thermic Heater, DG Set & Distillation",6446.0,558.0,1.4,45.0,51.3,0.171,0.0428,24.0,FACTORY_OPERATIONAL_DATA,12.319,0.2738,12.4,3.8,25.0,1.136,3.923,5.059,0.1124,30,11,2024,5,-0.5,0.866,-0.9749,-0.2225,14.933,26.817,8.504,507.333,34.875,25.098,27.663,9.522,49.293,28.7
2024-12-01,22.4125,73.0944,21.7,46,0.0,1005.9,3.06,35,-1.753,-2.503,ERA5 Reanalysis (Open-Meteo Historical Archive),57.658,54.725,16.071,10.304,448.125,90.917,0.427,22.412,73.094,Copernicus S5P TROPOMI & CAMS Multi-Sensor Assimilation,0.18,0.85,0.1429,0.125,-0.2444,15.0,FAC_VAD_01,Apex PetroChem & Polymers Ltd,"Utility Steam Boiler, Thermic Heater, DG Set & Distillation",5515.0,439.9,33.1,37.5,42.0,0.135,0.0378,18.0,FACTORY_OPERATIONAL_DATA,10.465,0.2791,11.731,3.6,28.0,0.982,3.356,4.338,0.1157,1,12,2024,6,-0.0,1.0,-0.7818,0.6235,13.475,28.917,9.121,415.958,45.517,23.263,27.44,9.157,44.895,33.9
2024-12-02,22.4125,73.0944,23.3,46,0.0,1005.4,3.64,41,-2.387,-2.746,ERA5 Reanalysis (Open-Meteo Historical Archive),50.083,48.088,15.579,10.046,449.417,86.833,0.47,22.412,73.094,Copernicus S5P TROPOMI & CAMS Multi-Sensor Assimilation,0.18,0.85,0.1429,0.125,-0.2444,15.0,FAC_VAD_01,Apex PetroChem & Polymers Ltd,"Utility Steam Boiler, Thermic Heater, DG Set & Distillation",8231.0,655.5,0.0,53.5,61.0,0.2033,0.0508,24.0,FACTORY_OPERATIONAL_DATA,15.114,0.2825,12.252,3.8,25.0,1.331,5.009,6.34,0.1185,2,12,2024,0,-0.0,1.0,0.0,1.0,16.071,27.917,10.304,448.125,54.725,21.501,27.096,9.333,42.259,31.2
2024-12-03,22.4125,73.0944,25.6,45,0.0,1007.0,4.11,37,-2.474,-3.283,ERA5 Reanalysis (Open-Meteo Historical Archive),37.179,36.008,12.812,9.729,419.375,85.583,0.516,22.412,73.094,Copernicus S5P TROPOMI & CAMS Multi-Sensor Assimilation,0.18,0.85,0.1429,0.125,-0.2444,15.0,FAC_VAD_01,Apex PetroChem & Polymers Ltd,"Utility Steam Boiler, Thermic Heater, DG Set & Distillation",7297.0,575.3,0.0,48.7,55.5,0.1851,0.046299999999999994,24.0,FACTORY_OPERATIONAL_DATA,13.338,0.2739,11.813,3.8,25.0,1.168,4.441,5.609,0.1152,3,12,2024,1,-0.0,1.0,0.7818,0.6235,15.579,28.512,10.046,449.417,48.088,19.258,26.787,9.43,41.117,25.5
2024-12-04,22.4125,73.0944,26.1,48,0.0,1007.6,3.81,32,-2.017,-3.227,ERA5 Reanalysis (Open-Meteo Historical Archive),40.171,38.942,11.962,10.721,433.667,88.042,0.539,22.412,73.094,Copernicus S5P TROPOMI & CAMS Multi-Sensor Assimilation,0.18,0.85,0.1429,0.125,-0.2444,15.0,FAC_VAD_01,Apex PetroChem & Polymers Ltd,"Utility Steam Boiler, Thermic Heater, DG Set & Distillation",8316.0,624.6,0.0,55.8,63.6,0.212,0.053,24.0,FACTORY_OPERATIONAL_DATA,14.874,0.2666,11.194,3.8,25.0,1.268,5.061,6.329,0.1134,4,12,2024,2,-0.0,1.0,0.9749,-0.2225,12.812,32.617,9.729,419.375,36.008,16.307,26.478,9.541,41.938,26.9
2024-12-05,22.4125,73.0944,26.2,49,0.0,1007.6,3.61,18,-1.116,-3.434,ERA5 Reanalysis (Open-Meteo Historical Archive),40.633,38.833,15.138,11.829,451.0,82.292,0.562,22.412,73.094,Copernicus S5P TROPOMI & CAMS Multi-Sensor Assimilation,0.18,0.85,0.1429,0.125,-0.2444,15.0,FAC_VAD_01,Apex PetroChem & Polymers Ltd,"Utility Steam Boiler, Thermic Heater, DG Set & Distillation",7757.0,535.1,0.0,49.8,56.8,0.18919999999999998,0.047299999999999995,24.0,FACTORY_OPERATIONAL_DATA,13.376,0.2686,10.745,3.8,25.0,1.086,4.721,5.807,0.1166,5,12,2024,3,-0.0,1.0,0.4339,-0.901,11.962,29.317,10.721,433.667,38.942,14.281,26.425,10.036,42.427,29.1
2024-12-06,22.4125,73.0944,24.1,49,0.0,1007.4,2.58,352,0.36,-2.558,ERA5 Reanalysis (Open-Meteo Historical Archive),31.771,30.617,20.783,12.058,551.542,75.125,0.243,22.412,73.094,Copernicus S5P TROPOMI & CAMS Multi-Sensor Assimilation,0.18,0.85,0.1429,0.125,-0.2444,15.0,FAC_VAD_01,Apex PetroChem & Polymers Ltd,"Utility Steam Boiler, Thermic Heater, DG Set & Distillation",7769.0,616.7,0.0,52.4,59.7,0.1991,0.0498,24.0,FACTORY_OPERATIONAL_DATA,14.244,0.2718,11.769,3.8,25.0,1.252,4.728,5.98,0.1141,6,12,2024,4,-0.0,1.0,-0.4339,-0.901,15.138,14.933,11.829,451.0,38.833,15.117,26.652,10.544,41.819,28.9
2024-12-07,22.4125,73.0944,21.4,50,0.0,1006.7,2.67,329,1.373,-2.286,ERA5 Reanalysis (Open-Meteo Historical Archive),33.325,31.921,32.271,12.2,718.25,62.375,0.144,22.412,73.094,Copernicus S5P TROPOMI & CAMS Multi-Sensor Assimilation,0.18,0.85,0.1429,0.125,-0.2444,15.0,FAC_VAD_01,Apex PetroChem & Polymers Ltd,"Utility Steam Boiler, Thermic Heater, DG Set & Distillation",7079.0,540.9,0.0,42.7,48.7,0.1623,0.040600000000000004,24.0,FACTORY_OPERATIONAL_DATA,12.758,0.2988,12.667,3.8,25.0,1.098,4.308,5.406,0.1266,7,12,2024,5,-0.0,1.0,-0.9749,-0.2225,20.783,13.475,12.058,551.542,30.617,17.802,27.067,10.984,39.876,34.4
2024-12-08,22.4125,73.0944,20.7,49,0.0,1007.2,3.0,334,1.315,-2.696,ERA5 Reanalysis (Open-Meteo Historical Archive),27.325,26.433,24.479,12.008,592.458,67.917,0.117,22.412,73.094,Copernicus S5P TROPOMI & CAMS Multi-Sensor Assimilation,0.18,0.85,0.1429,0.125,-0.2444,15.0,FAC_VAD_01,Apex PetroChem & Polymers Ltd,"Utility Steam Boiler, Thermic Heater, DG Set & Distillation",5249.0,372.3,6.8,35.0,39.2,0.126,0.0353,18.0,FACTORY_OPERATIONAL_DATA,9.226,0.2636,10.637,3.6,28.0,0.774,3.195,3.969,0.1134,8,12,2024,6,-0.0,1.0,-0.7818,0.6235,32.271,16.071,12.2,718.25,31.921,19.003,27.09,11.227,35.835,29.0
2024-12-09,22.4125,73.0944,18.9,28,0.0,1009.6,4.14,23,-1.617,-3.81,ERA5 Reanalysis (Open-Meteo Historical Archive),14.592,12.967,16.054,6.658,351.542,66.083,0.081,22.412,73.094,Copernicus S5P TROPOMI & CAMS Multi-Sensor Assimilation,0.18,0.85,0.1429,0.125,-0.2444,15.0,FAC_VAD_01,Apex PetroChem & Polymers Ltd,"Utility Steam Boiler, Thermic Heater, DG Set & Distillation",8407.0,681.7,0.0,54.2,61.8,0.206,0.0515,24.0,FACTORY_OPERATIONAL_DATA,15.565,0.2872,12.577,3.8,25.0,1.384,5.117,6.501,0.1199,9,12,2024,0,-0.0,1.0,0.0,1.0,24.479,15.579,12.008,592.458,26.433,19.071,26.627,10.743,30.817,16.6
2024-12-10,22.4125,73.0944,19.1,38,0.0,1009.9,3.47,47,-2.539,-2.368,ERA5 Reanalysis (Open-Meteo Historical Archive),22.675,22.088,11.867,11.446,412.875,82.083,0.178,22.412,73.094,Copernicus S5P TROPOMI & CAMS Multi-Sensor Assimilation,0.18,0.85,0.1429,0.125,-0.2444,15.0,FAC_VAD_01,Apex PetroChem & Polymers Ltd,"Utility Steam Boiler, Thermic Heater, DG Set & Distillation",6769.0,538.3,1.8,43.6,49.7,0.1657,0.0414,24.0,FACTORY_OPERATIONAL_DATA,12.439,0.2853,12.346,3.8,25.0,1.098,4.12,5.218,0.1197,10,12,2024,1,-0.0,1.0,0.7818,0.6235,16.054,12.812,6.658,351.542,12.967,18.936,25.968,10.989,28.829,21.5
2024-12-11,22.4125,73.0944,20.2,41,0.0,1009.2,3.64,35,-2.087,-2.981,ERA5 Reanalysis (Open-Meteo Historical Archive),20.912,20.512,13.562,9.438,417.458,82.167,0.156,22.412,73.094,Copernicus S5P TROPOMI & CAMS Multi-Sensor Assimilation,0.18,0.85,0.1429,0.125,-0.2444,15.0,FAC_VAD_01,Apex PetroChem & Polymers Ltd,"Utility Steam Boiler, Thermic Heater, DG Set & Distillation",7945.0,630.4,0.0,50.6,57.7,0.1923,0.048100000000000004,24.0,FACTORY_OPERATIONAL_DATA,14.564,0.2878,12.458,3.8,25.0,1.28,4.835,6.115,0.1208,11,12,2024,2,-0.0,1.0,0.9749,-0.2225,11.867,11.962,11.446,412.875,22.088,19.165,25.577,10.805,26.196,20.2
2024-12-12,22.4125,73.0944,20.0,46,0.0,1009.0,3.22,18,-0.996,-3.065,ERA5 Reanalysis (Open-Meteo Historical Archive),24.579,24.188,13.254,9.038,416.667,78.375,0.182,22.412,73.094,Copernicus S5P TROPOMI & CAMS Multi-Sensor Assimilation,0.18,0.85,0.1429,0.125,-0.2444,15.0,FAC_VAD_01,Apex PetroChem & Polymers Ltd,"Utility Steam Boiler, Thermic Heater, DG Set & Distillation",7843.0,597.0,0.0,50.5,57.6,0.19190000000000002,0.048,24.0,FACTORY_OPERATIONAL_DATA,14.112,0.2794,11.822,3.8,25.0,1.212,4.773,5.985,0.1185,12,12,2024,3,-0.0,1.0,0.4339,-0.901,13.562,15.138,9.438,417.458,20.512,18.896,24.605,10.407,24.104,21.0
2024-12-13,22.4125,73.0944,19.7,38,0.0,1010.8,3.94,49,-2.977,-2.588,ERA5 Reanalysis (Open-Meteo Historical Archive),27.921,27.467,9.704,15.692,366.958,91.333,0.191,22.412,73.094,Copernicus S5P TROPOMI & CAMS Multi-Sensor Assimilation,0.18,0.85,0.1429,0.125,-0.2444,15.0,FAC_VAD_01,Apex PetroChem & Polymers Ltd,"Utility Steam Boiler, Thermic Heater, DG Set & Distillation",5964.0,493.7,0.0,42.5,48.4,0.1615,0.0404,24.0,FACTORY_OPERATIONAL_DATA,11.148,0.2623,11.616,3.8,25.0,1.002,3.63,4.632,0.109,13,12,2024,4,-0.0,1.0,-0.4339,-0.901,13.254,20.783,9.038,416.667,24.188,17.313,23.457,10.926,23.654,25.6
2024-12-14,22.4125,73.0944,20.1,36,0.0,1011.1,3.89,68,-3.606,-1.457,ERA5 Reanalysis (Open-Meteo Historical Archive),23.967,22.633,11.504,10.796,432.208,90.625,0.147,22.412,73.094,Copernicus S5P TROPOMI & CAMS Multi-Sensor Assimilation,0.18,0.85,0.1429,0.125,-0.2444,15.0,FAC_VAD_01,Apex PetroChem & Polymers Ltd,"Utility Steam Boiler, Thermic Heater, DG Set & Distillation",8178.0,642.1,0.0,50.7,57.8,0.19269999999999998,0.0482,24.0,FACTORY_OPERATIONAL_DATA,14.92,0.2943,12.665,3.8,25.0,1.303,4.977,6.28,0.1239,14,12,2024,5,-0.0,1.0,-0.9749,-0.2225,9.704,32.271,15.692,366.958,27.467,14.346,22.727,10.725,22.327,21.1
2024-12-15,22.4125,73.0944,20.8,40,0.0,1011.0,3.31,61,-2.891,-1.603,ERA5 Reanalysis (Open-Meteo Historical Archive),19.463,19.362,16.138,10.208,442.292,82.25,0.104,22.412,73.094,Copernicus S5P TROPOMI & CAMS Multi-Sensor Assimilation,0.18,0.85,0.1429,0.125,-0.2444,15.0,FAC_VAD_01,Apex PetroChem & Polymers Ltd,"Utility Steam Boiler, Thermic Heater, DG Set & Distillation",4797.0,353.9,85.8,31.8,35.6,0.1145,0.032100000000000004,18.0,FACTORY_OPERATIONAL_DATA,9.371,0.2947,11.129,3.6,28.0,0.948,2.919,3.867,0.1216,15,12,2024,6,-0.0,1.0,-0.7818,0.6235,11.504,24.479,10.796,432.208,22.633,13.155,22.031,10.468,21.317,21.5
2024-12-16,22.4125,73.0944,20.6,43,0.0,1009.3,2.94,35,-1.689,-2.412,ERA5 Reanalysis (Open-Meteo Historical Archive),20.971,20.954,19.521,11.375,493.375,80.25,0.097,22.412,73.094,Copernicus S5P TROPOMI & CAMS Multi-Sensor Assimilation,0.18,0.85,0.1429,0.125,-0.2444,15.0,FAC_VAD_01,Apex PetroChem & Polymers Ltd,"Utility Steam Boiler, Thermic Heater, DG Set & Distillation",7680.0,553.5,0.0,49.3,56.2,0.18730000000000002,0.046799999999999994,24.0,FACTORY_OPERATIONAL_DATA,13.492,0.2737,11.227,3.8,25.0,1.124,4.674,5.798,0.1176,16,12,2024,0,-0.0,1.0,0.0,1.0,16.138,16.054,10.208,442.292,19.362,13.65,21.272,11.142,22.458,24.4
2024-12-17,22.4125,73.0944,19.8,55,0.0,1008.0,2.44,358,0.085,-2.443,ERA5 Reanalysis (Open-Meteo Historical Archive),38.146,38.054,30.233,16.717,718.75,74.667,0.185,22.412,73.094,Copernicus S5P TROPOMI & CAMS Multi-Sensor Assimilation,0.18,0.85,0.1429,0.125,-0.2444,15.0,FAC_VAD_01,Apex PetroChem & Polymers Ltd,"Utility Steam Boiler, Thermic Heater, DG Set & Distillation",6906.0,562.3,0.0,47.2,53.8,0.1794,0.044899999999999995,24.0,FACTORY_OPERATIONAL_DATA,12.81,0.2714,11.913,3.8,25.0,1.141,4.203,5.344,0.1132,17,12,2024,1,-0.0,1.0,0.7818,0.6235,19.521,11.867,11.375,493.375,20.954,16.274,21.027,11.895,24.739,39.1
2024-12-18,22.4125,73.0944,20.7,54,0.0,1006.9,2.11,18,-0.652,-2.008,ERA5 Reanalysis (Open-Meteo Historical Archive),49.462,48.742,31.167,16.742,656.417,80.25,0.272,22.412,73.094,Copernicus S5P TROPOMI & CAMS Multi-Sensor Assimilation,0.18,0.85,0.1429,0.125,-0.2444,15.0,FAC_VAD_01,Apex PetroChem & Polymers Ltd,"Utility Steam Boiler, Thermic Heater, DG Set & Distillation",8302.0,631.7,0.0,53.0,60.4,0.2014,0.0504,24.0,FACTORY_OPERATIONAL_DATA,14.935,0.2818,11.919,3.8,25.0,1.282,5.053,6.335,0.1195,18,12,2024,2,-0.0,1.0,0.9749,-0.2225,30.233,13.562,16.717,718.75,38.054,18.789,20.853,12.938,28.771,43.3
2024-12-19,22.4125,73.0944,21.2,59,0.0,1006.3,1.69,321,1.066,-1.317,ERA5 Reanalysis (Open-Meteo Historical Archive),64.75,63.838,35.079,20.329,744.958,78.917,0.426,22.412,73.094,Copernicus S5P TROPOMI & CAMS Multi-Sensor Assimilation,0.18,0.85,0.1429,0.125,-0.2444,15.0,FAC_VAD_01,Apex PetroChem & Polymers Ltd,"Utility Steam Boiler, Thermic Heater, DG Set & Distillation",8153.0,634.2,351.8,54.0,61.6,0.2052,0.0513,24.0,FACTORY_OPERATIONAL_DATA,18.33,0.3394,11.744,3.8,25.0,2.23,4.962,7.192,0.1332,19,12,2024,3,-0.0,1.0,0.4339,-0.901,31.167,13.254,16.742,656.417,48.742,21.907,21.097,14.551,34.436,52.9
2024-12-20,22.4125,73.0944,20.7,58,0.0,1006.6,2.78,340,0.95,-2.61,ERA5 Reanalysis (Open-Meteo Historical Archive),79.858,79.092,25.262,24.225,683.833,90.625,0.695,22.412,73.094,Copernicus S5P TROPOMI & CAMS Multi-Sensor Assimilation,0.18,0.85,0.1429,0.125,-0.2444,15.0,FAC_VAD_01,Apex PetroChem & Polymers Ltd,"Utility Steam Boiler, Thermic Heater, DG Set & Distillation",7024.0,546.7,0.0,45.6,52.0,0.1733,0.0433,24.0,FACTORY_OPERATIONAL_DATA,12.764,0.2799,11.989,3.8,25.0,1.11,4.275,5.385,0.1181,20,12,2024,4,-0.0,1.0,-0.4339,-0.901,35.079,9.704,20.329,744.958,63.838,24.129,21.224,15.77,41.811,56.9
2024-12-21,22.4125,73.0944,22.0,50,0.0,1006.6,2.44,47,-1.788,-1.667,ERA5 Reanalysis (Open-Meteo Historical Archive),71.838,71.196,28.562,14.237,672.625,78.417,0.72,22.412,73.094,Copernicus S5P TROPOMI & CAMS Multi-Sensor Assimilation,0.18,0.85,0.1429,0.125,-0.2444,15.0,FAC_VAD_01,Apex PetroChem & Polymers Ltd,"Utility Steam Boiler, Thermic Heater, DG Set & Distillation",7091.0,535.9,0.0,47.0,53.6,0.17859999999999998,0.0446,24.0,FACTORY_OPERATIONAL_DATA,12.718,0.2706,11.402,3.8,25.0,1.088,4.316,5.404,0.115,21,12,2024,5,-0.0,1.0,-0.9749,-0.2225,25.262,11.504,24.225,683.833,79.092,26.566,21.36,16.262,48.748,48.1
2024-12-22,22.4125,73.0944,23.0,59,0.0,1006.9,3.56,172,-0.495,3.521,ERA5 Reanalysis (Open-Meteo Historical Archive),92.617,91.379,26.058,25.3,551.083,82.417,1.244,22.412,73.094,Copernicus S5P TROPOMI & CAMS Multi-Sensor Assimilation,0.18,0.85,0.1429,0.125,-0.2444,15.0,FAC_VAD_01,Apex PetroChem & Polymers Ltd,"Utility Steam Boiler, Thermic Heater, DG Set & Distillation",4083.0,297.0,64.0,28.8,32.3,0.1037,0.029,18.0,FACTORY_OPERATIONAL_DATA,7.842,0.2723,10.312,3.6,28.0,0.774,2.485,3.259,0.1132,22,12,2024,6,-0.0,1.0,-0.7818,0.6235,28.562,16.138,14.237,672.625,71.196,27.983,21.319,18.418,59.036,62.4
2024-12-23,22.4125,73.0944,22.5,60,0.0,1007.6,3.61,288,3.434,-1.116,ERA5 Reanalysis (Open-Meteo Historical Archive),110.421,108.888,29.067,29.925,577.875,69.792,1.222,22.412,73.094,Copernicus S5P TROPOMI & CAMS Multi-Sensor Assimilation,0.18,0.85,0.1429,0.125,-0.2444,15.0,FAC_VAD_01,Apex PetroChem & Polymers Ltd,"Utility Steam Boiler, Thermic Heater, DG Set & Distillation",6238.0,469.5,0.0,42.0,47.9,0.1596,0.0399,24.0,FACTORY_OPERATIONAL_DATA,11.168,0.2659,11.179,3.8,25.0,0.953,3.796,4.749,0.1131,23,12,2024,0,-0.0,1.0,0.0,1.0,26.058,19.521,25.3,551.083,91.379,29.347,21.394,21.068,71.598,73.3
2024-12-24,22.4125,73.0944,20.2,47,0.0,1008.9,2.64,326,1.476,-2.188,ERA5 Reanalysis (Open-Meteo Historical Archive),78.158,75.929,18.171,16.067,703.375,81.833,0.711,22.412,73.094,Copernicus S5P TROPOMI & CAMS Multi-Sensor Assimilation,0.18,0.85,0.1429,0.125,-0.2444,15.0,FAC_VAD_01,Apex PetroChem & Polymers Ltd,"Utility Steam Boiler, Thermic Heater, DG Set & Distillation",6681.0,579.4,22.5,46.2,52.7,0.1756,0.0439,24.0,FACTORY_OPERATIONAL_DATA,12.99,0.2812,12.541,3.8,25.0,1.236,4.066,5.302,0.1148,24,12,2024,1,-0.0,1.0,0.7818,0.6235,29.067,30.233,29.925,577.875,108.888,27.624,21.036,20.975,77.009,46.6
2024-12-25,22.4125,73.0944,21.9,59,0.0,1009.4,3.31,21,-1.185,-3.086,ERA5 Reanalysis (Open-Meteo Historical Archive),92.883,91.538,17.629,11.171,565.0,71.542,0.945,22.412,73.094,Copernicus S5P TROPOMI & CAMS Multi-Sensor Assimilation,0.18,0.85,0.1429,0.125,-0.2444,15.0,FAC_VAD_01,Apex PetroChem & Polymers Ltd,"Utility Steam Boiler, Thermic Heater, DG Set & Distillation",7272.0,552.3,8.2,46.1,52.6,0.1752,0.0438,24.0,FACTORY_OPERATIONAL_DATA,13.153,0.2853,11.98,3.8,25.0,1.143,4.426,5.569,0.1208,25,12,2024,2,-0.0,1.0,0.9749,-0.2225,18.171,31.167,16.067,703.375,75.929,25.69,20.693,20.179,83.123,48.1
2024-12-26,22.4125,73.0944,24.4,67,0.3,1010.5,2.94,86,-2.937,-0.205,ERA5 Reanalysis (Open-Meteo Historical Archive),101.371,100.054,23.808,13.358,687.208,73.083,1.613,22.412,73.094,Copernicus S5P TROPOMI & CAMS Multi-Sensor Assimilation,0.18,0.85,0.1429,0.125,-0.2444,15.0,FAC_VAD_01,Apex PetroChem & Polymers Ltd,"Utility Steam Boiler, Thermic Heater, DG Set & Distillation",6962.0,496.0,0.0,46.1,52.6,0.1752,0.0438,24.0,FACTORY_OPERATIONAL_DATA,12.17,0.264,10.759,3.8,25.0,1.007,4.237,5.244,0.1138,26,12,2024,3,-0.0,1.0,0.4339,-0.901,17.629,35.079,11.171,565.0,91.538,24.08,20.536,19.183,88.297,55.5
2024-12-27,22.4125,73.0944,23.9,74,2.8,1010.3,2.83,339,1.015,-2.645,ERA5 Reanalysis (Open-Meteo Historical Archive),90.612,88.658,22.2,15.138,688.958,80.958,1.32,22.412,73.094,Copernicus S5P TROPOMI & CAMS Multi-Sensor Assimilation,0.18,0.85,0.1429,0.125,-0.2444,15.0,FAC_VAD_01,Apex PetroChem & Polymers Ltd,"Utility Steam Boiler, Thermic Heater, DG Set & Distillation",7078.0,552.7,92.9,46.2,52.7,0.1756,0.0439,24.0,FACTORY_OPERATIONAL_DATA,13.81,0.2989,11.963,3.8,25.0,1.371,4.308,5.679,0.1229,27,12,2024,4,-0.0,1.0,-0.4339,-0.901,23.808,25.262,13.358,687.208,100.054,23.642,20.189,17.885,89.663,52.1
2024-12-28,22.4125,73.0944,21.8,70,0.0,1011.2,2.64,336,1.073,-2.411,ERA5 Reanalysis (Open-Meteo Historical Archive),102.262,100.842,16.35,12.35,646.458,74.417,1.285,22.412,73.094,Copernicus S5P TROPOMI & CAMS Multi-Sensor Assimilation,0.18,0.85,0.1429,0.125,-0.2444,15.0,FAC_VAD_01,Apex PetroChem & Polymers Ltd,"Utility Steam Boiler, Thermic Heater, DG Set & Distillation",8815.0,723.3,58.5,61.5,70.1,0.2337,0.0584,24.0,FACTORY_OPERATIONAL_DATA,16.995,0.2763,11.761,3.8,25.0,1.625,5.365,6.99,0.1137,28,12,2024,5,-0.0,1.0,-0.9749,-0.2225,22.2,28.562,15.138,688.958,88.658,21.898,19.756,17.616,93.898,51.7
2024-12-29,22.4125,73.0944,21.6,70,0.0,1012.0,3.83,24,-1.559,-3.502,ERA5 Reanalysis (Open-Meteo Historical Archive),64.329,63.6,10.833,10.208,484.875,74.0,0.662,22.412,73.094,Copernicus S5P TROPOMI & CAMS Multi-Sensor Assimilation,0.18,0.85,0.1429,0.125,-0.2444,15.0,FAC_VAD_01,Apex PetroChem & Polymers Ltd,"Utility Steam Boiler, Thermic Heater, DG Set & Distillation",5588.0,425.2,24.5,38.7,43.3,0.1393,0.039,18.0,FACTORY_OPERATIONAL_DATA,10.298,0.2661,10.987,3.6,28.0,0.929,3.401,4.33,0.1119,29,12,2024,6,-0.0,1.0,-0.7818,0.6235,16.35,26.058,12.35,646.458,100.842,19.723,19.62,15.46,89.93,34.7
2024-12-30,22.4125,73.0944,21.3,69,0.0,1011.8,3.25,26,-1.425,-2.921,ERA5 Reanalysis (Open-Meteo Historical Archive),52.238,51.871,12.25,8.146,488.458,74.292,0.453,22.412,73.094,Copernicus S5P TROPOMI & CAMS Multi-Sensor Assimilation,0.18,0.85,0.1429,0.125,-0.2444,15.0,FAC_VAD_01,Apex PetroChem & Polymers Ltd,"Utility Steam Boiler, Thermic Heater, DG Set & Distillation",7302.0,542.2,0.0,44.8,51.1,0.1702,0.0425,24.0,FACTORY_OPERATIONAL_DATA,12.995,0.2901,12.103,3.8,25.0,1.101,4.444,5.545,0.1238,30,12,2024,0,-0.0,1.0,0.0,1.0,10.833,29.067,10.208,484.875,63.6,17.32,19.579,12.348,81.785,29.6
2024-12-31,22.4125,73.0944,21.4,74,0.0,1011.7,2.44,9,-0.382,-2.414,ERA5 Reanalysis (Open-Meteo Historical Archive),50.279,49.887,17.554,11.858,569.25,76.917,0.359,22.412,73.094,Copernicus S5P TROPOMI & CAMS Multi-Sensor Assimilation,0.18,0.85,0.1429,0.125,-0.2444,15.0,FAC_VAD_01,Apex PetroChem & Polymers Ltd,"Utility Steam Boiler, Thermic Heater, DG Set & Distillation",7779.0,603.9,0.0,50.4,57.5,0.1915,0.0479,24.0,FACTORY_OPERATIONAL_DATA,14.12,0.2802,11.982,3.8,25.0,1.226,4.734,5.96,0.1183,31,12,2024,1,-0.0,1.0,0.7818,0.6235,12.25,18.171,8.146,488.458,51.871,17.232,19.628,11.747,78.064,34.0
