date,pm10,pm25,no2,so2,co,o3,aerosol_index,latitude,longitude,source,cloud_fraction,qa_value
2023-01-01,70.913,48.779,23.912,11.538,456.958,80.458,0.324,22.412,73.094,Copernicus S5P TROPOMI & CAMS Multi-Sensor Assimilation,0.18,0.85
2023-01-02,82.688,57.429,21.688,9.138,476.833,83.958,0.371,22.412,73.094,Copernicus S5P TROPOMI & CAMS Multi-Sensor Assimilation,0.18,0.85
2023-01-03,67.692,47.275,14.917,7.879,403.792,85.417,0.366,22.412,73.094,Copernicus S5P TROPOMI & CAMS Multi-Sensor Assimilation,0.18,0.85
2023-01-04,56.242,39.137,10.892,12.225,343.25,95.708,0.337,22.412,73.094,Copernicus S5P TROPOMI & CAMS Multi-Sensor Assimilation,0.18,0.85
2023-01-05,83.046,58.054,12.408,14.013,456.875,94.375,1.191,22.412,73.094,Copernicus S5P TROPOMI & CAMS Multi-Sensor Assimilation,0.18,0.85
2023-01-06,120.308,83.967,12.588,22.625,531.583,87.167,1.497,22.412,73.094,Copernicus S5P TROPOMI & CAMS Multi-Sensor Assimilation,0.18,0.85
2023-01-07,91.158,63.538,12.521,18.921,467.167,87.25,0.907,22.412,73.094,Copernicus S5P TROPOMI & CAMS Multi-Sensor Assimilation,0.18,0.85
2023-01-08,66.95,46.608,12.525,11.312,373.583,80.5,0.474,22.412,73.094,Copernicus S5P TROPOMI & CAMS Multi-Sensor Assimilation,0.18,0.85
2023-01-09,63.354,44.062,23.463,9.379,437.208,63.625,0.278,22.412,73.094,Copernicus S5P TROPOMI & CAMS Multi-Sensor Assimilation,0.18,0.85
2023-01-10,66.558,46.392,34.762,7.475,525.125,53.625,0.23,22.412,73.094,Copernicus S5P TROPOMI & CAMS Multi-Sensor Assimilation,0.18,0.85
2023-01-11,85.475,59.217,41.896,17.579,632.5,56.458,0.301,22.412,73.094,Copernicus S5P TROPOMI & CAMS Multi-Sensor Assimilation,0.18,0.85
2023-01-12,71.25,46.246,50.617,23.542,701.333,35.208,0.312,22.412,73.094,Copernicus S5P TROPOMI & CAMS Multi-Sensor Assimilation,0.18,0.85
2023-01-13,61.167,40.033,43.729,25.242,517.792,44.083,0.28,22.412,73.094,Copernicus S5P TROPOMI & CAMS Multi-Sensor Assimilation,0.18,0.85
2023-01-14,63.887,43.988,35.6,12.2,587.333,59.5,0.259,22.412,73.094,Copernicus S5P TROPOMI & CAMS Multi-Sensor Assimilation,0.18,0.85
2023-01-15,61.038,42.367,24.004,12.442,567.083,76.625,0.278,22.412,73.094,Copernicus S5P TROPOMI & CAMS Multi-Sensor Assimilation,0.18,0.85
2023-01-16,59.896,41.646,19.412,11.562,501.958,88.0,0.307,22.412,73.094,Copernicus S5P TROPOMI & CAMS Multi-Sensor Assimilation,0.18,0.85
2023-01-17,58.292,40.613,15.942,11.75,423.25,93.542,0.292,22.412,73.094,Copernicus S5P TROPOMI & CAMS Multi-Sensor Assimilation,0.18,0.85
2023-01-18,64.55,45.042,19.604,8.958,409.458,88.5,0.285,22.412,73.094,Copernicus S5P TROPOMI & CAMS Multi-Sensor Assimilation,0.18,0.85
2023-01-19,75.979,53.058,33.504,10.7,538.25,78.792,0.353,22.412,73.094,Copernicus S5P TROPOMI & CAMS Multi-Sensor Assimilation,0.18,0.85
2023-01-20,102.483,71.579,53.488,19.721,781.208,61.792,0.363,22.412,73.094,Copernicus S5P TROPOMI & CAMS Multi-Sensor Assimilation,0.18,0.85
2023-01-21,82.9,57.404,40.962,18.417,548.708,62.333,0.346,22.412,73.094,Copernicus S5P TROPOMI & CAMS Multi-Sensor Assimilation,0.18,0.85
2023-01-22,80.408,54.854,39.642,22.975,574.417,65.333,0.317,22.412,73.094,Copernicus S5P TROPOMI & CAMS Multi-Sensor Assimilation,0.18,0.85
2023-01-23,95.833,66.183,45.004,26.825,612.5,58.375,0.38,22.412,73.094,Copernicus S5P TROPOMI & CAMS Multi-Sensor Assimilation,0.18,0.85
2023-01-24,128.275,87.742,41.9,31.025,707.708,69.583,0.689,22.412,73.094,Copernicus S5P TROPOMI & CAMS Multi-Sensor Assimilation,0.18,0.85
2023-01-25,117.654,81.242,28.483,21.479,677.708,75.375,0.697,22.412,73.094,Copernicus S5P TROPOMI & CAMS Multi-Sensor Assimilation,0.18,0.85
2023-01-26,92.188,63.767,15.296,12.737,486.917,84.083,0.885,22.412,73.094,Copernicus S5P TROPOMI & CAMS Multi-Sensor Assimilation,0.18,0.85
2023-01-27,95.646,66.229,11.121,11.092,465.083,95.458,0.815,22.412,73.094,Copernicus S5P TROPOMI & CAMS Multi-Sensor Assimilation,0.18,0.85
2023-01-28,96.942,66.992,19.779,10.308,491.375,81.0,1.007,22.412,73.094,Copernicus S5P TROPOMI & CAMS Multi-Sensor Assimilation,0.18,0.85
2023-01-29,127.35,87.479,39.779,23.8,762.583,79.125,1.233,22.412,73.094,Copernicus S5P TROPOMI & CAMS Multi-Sensor Assimilation,0.18,0.85
2023-01-30,114.283,78.704,45.538,12.925,765.833,72.292,0.99,22.412,73.094,Copernicus S5P TROPOMI & CAMS Multi-Sensor Assimilation,0.18,0.85
2023-01-31,73.567,50.604,16.529,6.954,372.208,72.625,0.444,22.412,73.094,Copernicus S5P TROPOMI & CAMS Multi-Sensor Assimilation,0.18,0.85
2023-02-01,54.504,37.683,12.013,8.279,356.583,89.292,0.413,22.412,73.094,Copernicus S5P TROPOMI & CAMS Multi-Sensor Assimilation,0.18,0.85
2023-02-02,40.421,28.067,20.688,6.625,352.75,76.125,0.256,22.412,73.094,Copernicus S5P TROPOMI & CAMS Multi-Sensor Assimilation,0.18,0.85
2023-02-03,45.562,31.725,27.142,6.175,412.25,73.958,0.259,22.412,73.094,Copernicus S5P TROPOMI & CAMS Multi-Sensor Assimilation,0.18,0.85
2023-02-04,45.629,31.846,28.104,6.392,450.542,73.375,0.195,22.412,73.094,Copernicus S5P TROPOMI & CAMS Multi-Sensor Assimilation,0.18,0.85
2023-02-05,51.758,36.137,38.438,9.483,558.875,68.708,0.151,22.412,73.094,Copernicus S5P TROPOMI & CAMS Multi-Sensor Assimilation,0.18,0.85
2023-02-06,83.988,55.25,54.171,22.071,857.458,48.833,0.225,22.412,73.094,Copernicus S5P TROPOMI & CAMS Multi-Sensor Assimilation,0.18,0.85
2023-02-07,58.733,36.654,39.183,10.483,556.375,49.417,0.177,22.412,73.094,Copernicus S5P TROPOMI & CAMS Multi-Sensor Assimilation,0.18,0.85
2023-02-08,46.688,32.229,36.412,6.504,541.042,60.875,0.114,22.412,73.094,Copernicus S5P TROPOMI & CAMS Multi-Sensor Assimilation,0.18,0.85
2023-02-09,60.758,42.379,46.887,14.983,669.458,69.875,0.137,22.412,73.094,Copernicus S5P TROPOMI & CAMS Multi-Sensor Assimilation,0.18,0.85
2023-02-10,98.2,68.038,70.325,33.346,1037.042,31.875,0.149,22.412,73.094,Copernicus S5P TROPOMI & CAMS Multi-Sensor Assimilation,0.18,0.85
2023-02-11,63.942,42.554,55.321,31.146,641.5,33.417,0.155,22.412,73.094,Copernicus S5P TROPOMI & CAMS Multi-Sensor Assimilation,0.18,0.85
2023-02-12,52.983,35.225,38.021,11.288,484.917,49.708,0.18,22.412,73.094,Copernicus S5P TROPOMI & CAMS Multi-Sensor Assimilation,0.18,0.85
2023-02-13,32.554,22.092,22.012,5.096,350.083,73.167,0.109,22.412,73.094,Copernicus S5P TROPOMI & CAMS Multi-Sensor Assimilation,0.18,0.85
2023-02-14,34.637,24.158,30.762,5.817,442.5,72.958,0.092,22.412,73.094,Copernicus S5P TROPOMI & CAMS Multi-Sensor Assimilation,0.18,0.85
2023-02-15,40.079,27.713,33.483,6.654,507.083,76.042,0.127,22.412,73.094,Copernicus S5P TROPOMI & CAMS Multi-Sensor Assimilation,0.18,0.85
2023-02-16,46.229,31.783,40.433,8.421,563.25,56.625,0.136,22.412,73.094,Copernicus S5P TROPOMI & CAMS Multi-Sensor Assimilation,0.18,0.85
2023-02-17,47.896,33.075,40.842,7.821,524.708,57.583,0.169,22.412,73.094,Copernicus S5P TROPOMI & CAMS Multi-Sensor Assimilation,0.18,0.85
2023-02-18,52.054,36.092,36.113,9.054,546.833,73.208,0.162,22.412,73.094,Copernicus S5P TROPOMI & CAMS Multi-Sensor Assimilation,0.18,0.85
2023-02-19,61.162,42.596,44.792,9.896,677.167,79.625,0.169,22.412,73.094,Copernicus S5P TROPOMI & CAMS Multi-Sensor Assimilation,0.18,0.85
2023-02-20,77.325,54.012,60.104,15.812,806.167,61.875,0.18,22.412,73.094,Copernicus S5P TROPOMI & CAMS Multi-Sensor Assimilation,0.18,0.85
2023-02-21,83.125,56.467,67.479,30.867,810.833,42.708,0.149,22.412,73.094,Copernicus S5P TROPOMI & CAMS Multi-Sensor Assimilation,0.18,0.85
2023-02-22,88.454,58.792,67.658,32.4,908.958,44.083,0.217,22.412,73.094,Copernicus S5P TROPOMI & CAMS Multi-Sensor Assimilation,0.18,0.85
2023-02-23,81.425,53.85,67.329,26.604,828.542,37.125,0.185,22.412,73.094,Copernicus S5P TROPOMI & CAMS Multi-Sensor Assimilation,0.18,0.85
2023-02-24,72.271,49.867,53.821,20.621,775.458,49.042,0.162,22.412,73.094,Copernicus S5P TROPOMI & CAMS Multi-Sensor Assimilation,0.18,0.85
2023-02-25,70.679,48.833,54.396,19.9,704.375,59.0,0.181,22.412,73.094,Copernicus S5P TROPOMI & CAMS Multi-Sensor Assimilation,0.18,0.85
2023-02-26,52.212,35.838,46.417,12.825,549.583,52.417,0.126,22.412,73.094,Copernicus S5P TROPOMI & CAMS Multi-Sensor Assimilation,0.18,0.85
2023-02-27,49.529,34.283,50.387,12.179,609.083,52.583,0.133,22.412,73.094,Copernicus S5P TROPOMI & CAMS Multi-Sensor Assimilation,0.18,0.85
2023-02-28,55.325,38.512,50.45,12.896,642.833,56.083,0.214,22.412,73.094,Copernicus S5P TROPOMI & CAMS Multi-Sensor Assimilation,0.18,0.85
2023-03-01,96.7,67.404,77.933,33.408,963.5,49.667,0.469,22.412,73.094,Copernicus S5P TROPOMI & CAMS Multi-Sensor Assimilation,0.18,0.85
2023-03-02,68.867,47.863,53.7,15.996,630.042,72.667,0.426,22.412,73.094,Copernicus S5P TROPOMI & CAMS Multi-Sensor Assimilation,0.18,0.85
2023-03-03,71.629,49.738,46.262,12.483,613.0,68.625,0.572,22.412,73.094,Copernicus S5P TROPOMI & CAMS Multi-Sensor Assimilation,0.18,0.85
2023-03-04,72.875,50.65,41.188,10.354,593.542,75.792,0.756,22.412,73.094,Copernicus S5P TROPOMI & CAMS Multi-Sensor Assimilation,0.18,0.85
2023-03-05,64.792,44.921,27.492,6.75,463.375,83.0,0.802,22.412,73.094,Copernicus S5P TROPOMI & CAMS Multi-Sensor Assimilation,0.18,0.85
2023-03-06,77.371,53.575,41.533,8.717,663.792,70.458,0.685,22.412,73.094,Copernicus S5P TROPOMI & CAMS Multi-Sensor Assimilation,0.18,0.85
2023-03-07,78.733,54.504,45.792,9.725,704.833,69.292,0.559,22.412,73.094,Copernicus S5P TROPOMI & CAMS Multi-Sensor Assimilation,0.18,0.85
2023-03-08,43.304,29.946,30.8,8.35,504.625,75.583,0.322,22.412,73.094,Copernicus S5P TROPOMI & CAMS Multi-Sensor Assimilation,0.18,0.85
2023-03-09,27.775,19.083,21.658,5.642,340.292,80.042,0.193,22.412,73.094,Copernicus S5P TROPOMI & CAMS Multi-Sensor Assimilation,0.18,0.85
2023-03-10,24.575,17.037,22.362,5.862,317.833,81.958,0.113,22.412,73.094,Copernicus S5P TROPOMI & CAMS Multi-Sensor Assimilation,0.18,0.85
2023-03-11,33.15,22.983,23.442,7.129,365.333,87.25,0.23,22.412,73.094,Copernicus S5P TROPOMI & CAMS Multi-Sensor Assimilation,0.18,0.85
2023-03-12,39.308,27.35,25.104,6.062,364.875,88.667,0.455,22.412,73.094,Copernicus S5P TROPOMI & CAMS Multi-Sensor Assimilation,0.18,0.85
2023-03-13,58.054,40.4,37.767,10.058,465.042,77.375,0.808,22.412,73.094,Copernicus S5P TROPOMI & CAMS Multi-Sensor Assimilation,0.18,0.85
2023-03-14,85.45,59.442,55.158,22.542,729.167,72.333,0.665,22.412,73.094,Copernicus S5P TROPOMI & CAMS Multi-Sensor Assimilation,0.18,0.85
2023-03-15,74.612,51.779,54.238,23.221,659.125,53.0,0.69,22.412,73.094,Copernicus S5P TROPOMI & CAMS Multi-Sensor Assimilation,0.18,0.85
2023-03-16,77.95,53.629,31.867,11.208,525.167,93.25,0.933,22.412,73.094,Copernicus S5P TROPOMI & CAMS Multi-Sensor Assimilation,0.18,0.85
2023-03-17,87.488,59.729,44.108,22.796,696.625,100.042,0.906,22.412,73.094,Copernicus S5P TROPOMI & CAMS Multi-Sensor Assimilation,0.18,0.85
2023-03-18,79.342,53.121,40.296,25.875,685.375,96.208,0.563,22.412,73.094,Copernicus S5P TROPOMI & CAMS Multi-Sensor Assimilation,0.18,0.85
2023-03-19,72.104,47.179,34.712,17.642,550.417,92.083,0.541,22.412,73.094,Copernicus S5P TROPOMI & CAMS Multi-Sensor Assimilation,0.18,0.85
2023-03-20,44.921,28.158,22.625,15.479,356.042,82.833,0.372,22.412,73.094,Copernicus S5P TROPOMI & CAMS Multi-Sensor Assimilation,0.18,0.85
2023-03-21,37.729,22.312,24.646,14.896,319.375,69.542,0.314,22.412,73.094,Copernicus S5P TROPOMI & CAMS Multi-Sensor Assimilation,0.18,0.85
2023-03-22,35.908,21.192,29.696,19.95,336.792,57.833,0.283,22.412,73.094,Copernicus S5P TROPOMI & CAMS Multi-Sensor Assimilation,0.18,0.85
2023-03-23,28.458,17.221,19.983,17.675,249.208,58.5,0.29,22.412,73.094,Copernicus S5P TROPOMI & CAMS Multi-Sensor Assimilation,0.18,0.85
2023-03-24,28.95,14.954,15.883,14.367,227.042,56.75,0.208,22.412,73.094,Copernicus S5P TROPOMI & CAMS Multi-Sensor Assimilation,0.18,0.85
2023-03-25,50.592,30.071,36.867,18.508,446.167,77.875,0.188,22.412,73.094,Copernicus S5P TROPOMI & CAMS Multi-Sensor Assimilation,0.18,0.85
2023-03-26,68.462,43.129,54.971,24.067,679.792,75.125,0.228,22.412,73.094,Copernicus S5P TROPOMI & CAMS Multi-Sensor Assimilation,0.18,0.85
2023-03-27,71.767,47.488,58.637,27.642,721.0,73.458,0.265,22.412,73.094,Copernicus S5P TROPOMI & CAMS Multi-Sensor Assimilation,0.18,0.85
2023-03-28,62.3,41.867,52.867,23.238,616.542,82.458,0.262,22.412,73.094,Copernicus S5P TROPOMI & CAMS Multi-Sensor Assimilation,0.18,0.85
2023-03-29,54.229,36.5,41.371,26.438,523.583,89.583,0.294,22.412,73.094,Copernicus S5P TROPOMI & CAMS Multi-Sensor Assimilation,0.18,0.85
2023-03-30,37.042,21.296,21.246,19.879,272.708,67.167,0.385,22.412,73.094,Copernicus S5P TROPOMI & CAMS Multi-Sensor Assimilation,0.18,0.85
2023-03-31,32.383,17.767,23.271,17.096,266.125,64.583,0.182,22.412,73.094,Copernicus S5P TROPOMI & CAMS Multi-Sensor Assimilation,0.18,0.85
2023-04-01,35.429,21.096,28.262,17.117,320.875,78.5,0.218,22.412,73.094,Copernicus S5P TROPOMI & CAMS Multi-Sensor Assimilation,0.18,0.85
2023-04-02,31.221,19.9,32.458,16.208,349.417,69.917,0.17,22.412,73.094,Copernicus S5P TROPOMI & CAMS Multi-Sensor Assimilation,0.18,0.85
2023-04-03,32.292,18.779,25.075,17.079,276.0,75.458,0.219,22.412,73.094,Copernicus S5P TROPOMI & CAMS Multi-Sensor Assimilation,0.18,0.85
2023-04-04,51.833,28.125,25.375,24.862,331.875,68.167,0.387,22.412,73.094,Copernicus S5P TROPOMI & CAMS Multi-Sensor Assimilation,0.18,0.85
2023-04-05,72.233,40.667,37.054,26.392,466.458,59.625,0.507,22.412,73.094,Copernicus S5P TROPOMI & CAMS Multi-Sensor Assimilation,0.18,0.85
2023-04-06,57.925,31.458,31.0,23.871,366.5,74.208,0.444,22.412,73.094,Copernicus S5P TROPOMI & CAMS Multi-Sensor Assimilation,0.18,0.85
2023-04-07,45.354,25.892,25.567,16.129,319.458,77.208,0.438,22.412,73.094,Copernicus S5P TROPOMI & CAMS Multi-Sensor Assimilation,0.18,0.85
2023-04-08,61.95,36.071,38.358,19.204,434.75,63.333,0.452,22.412,73.094,Copernicus S5P TROPOMI & CAMS Multi-Sensor Assimilation,0.18,0.85
2023-04-09,66.658,41.608,46.279,19.871,593.083,72.667,0.375,22.412,73.094,Copernicus S5P TROPOMI & CAMS Multi-Sensor Assimilation,0.18,0.85
2023-04-10,52.058,33.996,36.912,12.888,472.625,84.375,0.397,22.412,73.094,Copernicus S5P TROPOMI & CAMS Multi-Sensor Assimilation,0.18,0.85
2023-04-11,79.746,53.642,58.892,24.779,701.667,73.917,0.482,22.412,73.094,Copernicus S5P TROPOMI & CAMS Multi-Sensor Assimilation,0.18,0.85
2023-04-12,57.262,38.571,52.229,22.325,530.5,61.292,0.298,22.412,73.094,Copernicus S5P TROPOMI & CAMS Multi-Sensor Assimilation,0.18,0.85
2023-04-13,62.729,41.529,48.038,21.017,539.958,70.167,0.285,22.412,73.094,Copernicus S5P TROPOMI & CAMS Multi-Sensor Assimilation,0.18,0.85
2023-04-14,50.404,32.675,42.338,19.796,433.708,66.125,0.202,22.412,73.094,Copernicus S5P TROPOMI & CAMS Multi-Sensor Assimilation,0.18,0.85
2023-04-15,39.417,25.55,36.596,24.567,362.208,68.958,0.158,22.412,73.094,Copernicus S5P TROPOMI & CAMS Multi-Sensor Assimilation,0.18,0.85
2023-04-16,37.792,23.292,35.079,24.5,388.458,67.25,0.169,22.412,73.094,Copernicus S5P TROPOMI & CAMS Multi-Sensor Assimilation,0.18,0.85
2023-04-17,43.988,26.329,43.95,25.9,425.375,63.125,0.177,22.412,73.094,Copernicus S5P TROPOMI & CAMS Multi-Sensor Assimilation,0.18,0.85
2023-04-18,51.846,32.387,54.067,23.325,552.042,69.875,0.387,22.412,73.094,Copernicus S5P TROPOMI & CAMS Multi-Sensor Assimilation,0.18,0.85
2023-04-19,59.692,37.254,54.358,19.037,618.125,58.042,0.396,22.412,73.094,Copernicus S5P TROPOMI & CAMS Multi-Sensor Assimilation,0.18,0.85
2023-04-20,31.088,19.167,30.946,14.821,355.667,59.417,0.205,22.412,73.094,Copernicus S5P TROPOMI & CAMS Multi-Sensor Assimilation,0.18,0.85
2023-04-21,45.654,27.333,32.8,17.571,380.667,77.458,0.26,22.412,73.094,Copernicus S5P TROPOMI & CAMS Multi-Sensor Assimilation,0.18,0.85
2023-04-22,34.054,20.142,29.442,19.392,308.708,76.5,0.252,22.412,73.094,Copernicus S5P TROPOMI & CAMS Multi-Sensor Assimilation,0.18,0.85
2023-04-23,31.092,19.321,29.108,15.237,323.125,83.417,0.213,22.412,73.094,Copernicus S5P TROPOMI & CAMS Multi-Sensor Assimilation,0.18,0.85
2023-04-24,46.808,30.929,45.029,18.933,506.542,83.958,0.24,22.412,73.094,Copernicus S5P TROPOMI & CAMS Multi-Sensor Assimilation,0.18,0.85
2023-04-25,43.596,29.192,36.238,10.167,467.25,97.667,0.286,22.412,73.094,Copernicus S5P TROPOMI & CAMS Multi-Sensor Assimilation,0.18,0.85
2023-04-26,53.392,34.704,40.137,21.908,471.833,85.917,0.481,22.412,73.094,Copernicus S5P TROPOMI & CAMS Multi-Sensor Assimilation,0.18,0.85
2023-04-27,38.783,23.758,26.846,18.729,326.417,78.542,0.337,22.412,73.094,Copernicus S5P TROPOMI & CAMS Multi-Sensor Assimilation,0.18,0.85
2023-04-28,33.262,20.304,27.787,19.638,313.25,71.417,0.315,22.412,73.094,Copernicus S5P TROPOMI & CAMS Multi-Sensor Assimilation,0.18,0.85
2023-04-29,38.779,22.567,25.008,11.817,282.25,82.958,0.393,22.412,73.094,Copernicus S5P TROPOMI & CAMS Multi-Sensor Assimilation,0.18,0.85
2023-04-30,40.596,24.838,25.833,13.021,307.125,62.75,0.308,22.412,73.094,Copernicus S5P TROPOMI & CAMS Multi-Sensor Assimilation,0.18,0.85
2023-05-01,31.625,17.342,21.058,13.842,272.625,64.208,0.282,22.412,73.094,Copernicus S5P TROPOMI & CAMS Multi-Sensor Assimilation,0.18,0.85
2023-05-02,31.333,19.246,23.675,9.767,304.792,67.583,0.287,22.412,73.094,Copernicus S5P TROPOMI & CAMS Multi-Sensor Assimilation,0.18,0.85
2023-05-03,45.058,29.029,34.162,14.333,402.792,74.833,0.415,22.412,73.094,Copernicus S5P TROPOMI & CAMS Multi-Sensor Assimilation,0.18,0.85
2023-05-04,48.5,32.229,28.996,15.938,389.125,99.042,0.56,22.412,73.094,Copernicus S5P TROPOMI & CAMS Multi-Sensor Assimilation,0.18,0.85
2023-05-05,50.104,33.262,19.117,15.717,330.75,109.167,0.602,22.412,73.094,Copernicus S5P TROPOMI & CAMS Multi-Sensor Assimilation,0.18,0.85
2023-05-06,46.021,30.342,16.088,14.746,296.0,103.042,0.603,22.412,73.094,Copernicus S5P TROPOMI & CAMS Multi-Sensor Assimilation,0.18,0.85
2023-05-07,39.783,25.792,17.092,15.688,277.792,96.417,0.428,22.412,73.094,Copernicus S5P TROPOMI & CAMS Multi-Sensor Assimilation,0.18,0.85
2023-05-08,34.363,22.442,26.158,16.583,312.292,84.208,0.277,22.412,73.094,Copernicus S5P TROPOMI & CAMS Multi-Sensor Assimilation,0.18,0.85
2023-05-09,44.721,29.425,40.996,25.862,446.75,90.583,0.267,22.412,73.094,Copernicus S5P TROPOMI & CAMS Multi-Sensor Assimilation,0.18,0.85
2023-05-10,44.667,29.662,49.95,19.792,518.667,75.167,0.184,22.412,73.094,Copernicus S5P TROPOMI & CAMS Multi-Sensor Assimilation,0.18,0.85
2023-05-11,48.242,32.538,51.512,19.704,534.375,84.0,0.178,22.412,73.094,Copernicus S5P TROPOMI & CAMS Multi-Sensor Assimilation,0.18,0.85
2023-05-12,51.375,34.05,51.833,21.9,535.958,66.542,0.184,22.412,73.094,Copernicus S5P TROPOMI & CAMS Multi-Sensor Assimilation,0.18,0.85
2023-05-13,32.317,20.821,26.454,24.692,276.708,78.708,0.224,22.412,73.094,Copernicus S5P TROPOMI & CAMS Multi-Sensor Assimilation,0.18,0.85
2023-05-14,22.062,13.721,19.221,23.333,227.375,66.708,0.171,22.412,73.094,Copernicus S5P TROPOMI & CAMS Multi-Sensor Assimilation,0.18,0.85
2023-05-15,26.713,14.692,13.1,15.321,205.958,62.583,0.26,22.412,73.094,Copernicus S5P TROPOMI & CAMS Multi-Sensor Assimilation,0.18,0.85
2023-05-16,24.629,12.892,11.588,9.733,184.292,63.583,0.27,22.412,73.094,Copernicus S5P TROPOMI & CAMS Multi-Sensor Assimilation,0.18,0.85
2023-05-17,29.308,14.538,15.871,15.258,206.125,63.625,0.271,22.412,73.094,Copernicus S5P TROPOMI & CAMS Multi-Sensor Assimilation,0.18,0.85
2023-05-18,33.117,17.875,22.562,17.783,247.875,64.083,0.286,22.412,73.094,Copernicus S5P TROPOMI & CAMS Multi-Sensor Assimilation,0.18,0.85
2023-05-19,33.238,17.388,22.829,20.029,248.333,68.292,0.262,22.412,73.094,Copernicus S5P TROPOMI & CAMS Multi-Sensor Assimilation,0.18,0.85
2023-05-20,33.333,17.354,19.404,20.542,234.333,69.208,0.254,22.412,73.094,Copernicus S5P TROPOMI & CAMS Multi-Sensor Assimilation,0.18,0.85
2023-05-21,31.558,16.379,15.9,19.871,210.542,70.917,0.259,22.412,73.094,Copernicus S5P TROPOMI & CAMS Multi-Sensor Assimilation,0.18,0.85
2023-05-22,26.963,14.758,14.65,21.238,198.833,68.667,0.232,22.412,73.094,Copernicus S5P TROPOMI & CAMS Multi-Sensor Assimilation,0.18,0.85
2023-05-23,25.9,13.725,13.475,18.208,191.25,66.583,0.237,22.412,73.094,Copernicus S5P TROPOMI & CAMS Multi-Sensor Assimilation,0.18,0.85
2023-05-24,26.529,13.292,13.546,16.588,186.25,58.542,0.228,22.412,73.094,Copernicus S5P TROPOMI & CAMS Multi-Sensor Assimilation,0.18,0.85
2023-05-25,25.225,13.221,10.467,12.108,179.333,61.042,0.282,22.412,73.094,Copernicus S5P TROPOMI & CAMS Multi-Sensor Assimilation,0.18,0.85
2023-05-26,25.571,13.896,6.933,7.308,168.292,64.25,0.445,22.412,73.094,Copernicus S5P TROPOMI & CAMS Multi-Sensor Assimilation,0.18,0.85
2023-05-27,21.871,11.438,6.796,6.671,162.5,60.625,0.368,22.412,73.094,Copernicus S5P TROPOMI & CAMS Multi-Sensor Assimilation,0.18,0.85
2023-05-28,24.454,12.55,11.954,9.129,172.542,54.833,0.419,22.412,73.094,Copernicus S5P TROPOMI & CAMS Multi-Sensor Assimilation,0.18,0.85
2023-05-29,49.404,27.888,27.746,20.321,319.833,65.333,0.484,22.412,73.094,Copernicus S5P TROPOMI & CAMS Multi-Sensor Assimilation,0.18,0.85
2023-05-30,70.979,39.992,39.95,21.308,485.625,67.542,0.524,22.412,73.094,Copernicus S5P TROPOMI & CAMS Multi-Sensor Assimilation,0.18,0.85
2023-05-31,45.767,26.988,36.625,17.242,365.833,55.875,0.393,22.412,73.094,Copernicus S5P TROPOMI & CAMS Multi-Sensor Assimilation,0.18,0.85
2023-06-01,32.304,19.1,22.096,17.888,253.125,60.083,0.309,22.412,73.094,Copernicus S5P TROPOMI & CAMS Multi-Sensor Assimilation,0.18,0.85
2023-06-02,25.138,14.604,15.846,14.492,202.375,51.125,0.388,22.412,73.094,Copernicus S5P TROPOMI & CAMS Multi-Sensor Assimilation,0.18,0.85
2023-06-03,27.692,14.492,13.208,12.846,183.25,52.417,0.453,22.412,73.094,Copernicus S5P TROPOMI & CAMS Multi-Sensor Assimilation,0.18,0.85
2023-06-04,30.996,16.95,18.217,14.85,228.167,60.833,0.481,22.412,73.094,Copernicus S5P TROPOMI & CAMS Multi-Sensor Assimilation,0.18,0.85
2023-06-05,33.521,17.125,14.779,19.225,197.208,67.667,0.397,22.412,73.094,Copernicus S5P TROPOMI & CAMS Multi-Sensor Assimilation,0.18,0.85
2023-06-06,36.708,18.092,15.046,18.138,196.417,62.875,0.394,22.412,73.094,Copernicus S5P TROPOMI & CAMS Multi-Sensor Assimilation,0.18,0.85
2023-06-07,25.0,13.296,14.033,17.308,186.083,62.25,0.322,22.412,73.094,Copernicus S5P TROPOMI & CAMS Multi-Sensor Assimilation,0.18,0.85
2023-06-08,29.179,14.358,11.792,12.508,171.25,60.833,0.311,22.412,73.094,Copernicus S5P TROPOMI & CAMS Multi-Sensor Assimilation,0.18,0.85
2023-06-09,18.571,11.183,11.242,13.075,152.458,55.25,0.229,22.412,73.094,Copernicus S5P TROPOMI & CAMS Multi-Sensor Assimilation,0.18,0.85
2023-06-10,17.792,11.046,9.358,12.383,142.958,57.667,0.187,22.412,73.094,Copernicus S5P TROPOMI & CAMS Multi-Sensor Assimilation,0.18,0.85
2023-06-11,26.738,15.658,12.612,15.888,177.917,62.708,0.28,22.412,73.094,Copernicus S5P TROPOMI & CAMS Multi-Sensor Assimilation,0.18,0.85
2023-06-12,26.754,15.108,11.942,14.821,169.75,57.25,0.361,22.412,73.094,Copernicus S5P TROPOMI & CAMS Multi-Sensor Assimilation,0.18,0.85
2023-06-13,23.738,13.462,9.679,12.062,137.583,48.583,0.448,22.412,73.094,Copernicus S5P TROPOMI & CAMS Multi-Sensor Assimilation,0.18,0.85
2023-06-14,24.796,13.596,8.746,11.088,131.0,48.875,0.513,22.412,73.094,Copernicus S5P TROPOMI & CAMS Multi-Sensor Assimilation,0.18,0.85
2023-06-15,27.383,14.092,8.038,9.892,119.625,44.875,0.543,22.412,73.094,Copernicus S5P TROPOMI & CAMS Multi-Sensor Assimilation,0.18,0.85
2023-06-16,27.888,13.712,7.658,9.825,118.917,44.417,0.499,22.412,73.094,Copernicus S5P TROPOMI & CAMS Multi-Sensor Assimilation,0.18,0.85
2023-06-17,34.992,16.662,7.746,7.062,127.667,50.375,0.596,22.412,73.094,Copernicus S5P TROPOMI & CAMS Multi-Sensor Assimilation,0.18,0.85
2023-06-18,39.779,18.054,9.221,6.796,140.917,46.875,0.572,22.412,73.094,Copernicus S5P TROPOMI & CAMS Multi-Sensor Assimilation,0.18,0.85
2023-06-19,38.854,19.454,10.067,8.471,151.5,51.042,0.669,22.412,73.094,Copernicus S5P TROPOMI & CAMS Multi-Sensor Assimilation,0.18,0.85
2023-06-20,37.721,17.292,12.079,12.325,158.125,52.833,0.683,22.412,73.094,Copernicus S5P TROPOMI & CAMS Multi-Sensor Assimilation,0.18,0.85
2023-06-21,39.396,16.646,10.029,11.833,156.0,56.375,0.526,22.412,73.094,Copernicus S5P TROPOMI & CAMS Multi-Sensor Assimilation,0.18,0.85
2023-06-22,37.038,17.275,10.529,12.062,149.958,52.125,0.561,22.412,73.094,Copernicus S5P TROPOMI & CAMS Multi-Sensor Assimilation,0.18,0.85
2023-06-23,33.358,16.05,11.0,12.896,159.0,52.458,0.613,22.412,73.094,Copernicus S5P TROPOMI & CAMS Multi-Sensor Assimilation,0.18,0.85
2023-06-24,31.333,18.425,20.112,12.079,205.0,34.208,0.685,22.412,73.094,Copernicus S5P TROPOMI & CAMS Multi-Sensor Assimilation,0.18,0.85
2023-06-25,30.367,18.254,17.625,8.729,205.875,52.125,0.538,22.412,73.094,Copernicus S5P TROPOMI & CAMS Multi-Sensor Assimilation,0.18,0.85
2023-06-26,21.429,13.158,14.654,6.471,175.292,41.417,0.492,22.412,73.094,Copernicus S5P TROPOMI & CAMS Multi-Sensor Assimilation,0.18,0.85
2023-06-27,18.758,12.35,12.237,8.987,194.25,45.375,0.34,22.412,73.094,Copernicus S5P TROPOMI & CAMS Multi-Sensor Assimilation,0.18,0.85
2023-06-28,15.746,10.492,9.317,9.108,200.458,46.208,0.334,22.412,73.094,Copernicus S5P TROPOMI & CAMS Multi-Sensor Assimilation,0.18,0.85
2023-06-29,13.225,8.896,8.258,5.146,190.167,47.833,0.336,22.412,73.094,Copernicus S5P TROPOMI & CAMS Multi-Sensor Assimilation,0.18,0.85
2023-06-30,12.454,8.354,7.583,4.233,174.167,42.042,0.324,22.412,73.094,Copernicus S5P TROPOMI & CAMS Multi-Sensor Assimilation,0.18,0.85
2023-07-01,12.104,8.308,7.625,5.746,176.042,42.292,0.263,22.412,73.094,Copernicus S5P TROPOMI & CAMS Multi-Sensor Assimilation,0.18,0.85
2023-07-02,24.433,14.4,9.763,11.383,181.083,47.958,0.344,22.412,73.094,Copernicus S5P TROPOMI & CAMS Multi-Sensor Assimilation,0.18,0.85
2023-07-03,25.017,15.396,12.733,15.121,205.667,50.792,0.369,22.412,73.094,Copernicus S5P TROPOMI & CAMS Multi-Sensor Assimilation,0.18,0.85
2023-07-04,32.354,19.213,13.513,19.271,221.333,58.042,0.408,22.412,73.094,Copernicus S5P TROPOMI & CAMS Multi-Sensor Assimilation,0.18,0.85
2023-07-05,48.208,21.338,12.571,12.696,227.25,53.458,0.68,22.412,73.094,Copernicus S5P TROPOMI & CAMS Multi-Sensor Assimilation,0.18,0.85
2023-07-06,24.312,15.0,12.35,12.071,231.167,61.667,0.471,22.412,73.094,Copernicus S5P TROPOMI & CAMS Multi-Sensor Assimilation,0.18,0.85
2023-07-07,20.817,13.404,11.921,15.583,210.75,51.042,0.318,22.412,73.094,Copernicus S5P TROPOMI & CAMS Multi-Sensor Assimilation,0.18,0.85
2023-07-08,18.817,11.617,9.263,10.467,180.667,51.792,0.304,22.412,73.094,Copernicus S5P TROPOMI & CAMS Multi-Sensor Assimilation,0.18,0.85
2023-07-09,18.037,10.354,6.512,6.179,150.875,50.625,0.235,22.412,73.094,Copernicus S5P TROPOMI & CAMS Multi-Sensor Assimilation,0.18,0.85
2023-07-10,34.883,15.308,7.154,5.042,161.25,47.667,0.527,22.412,73.094,Copernicus S5P TROPOMI & CAMS Multi-Sensor Assimilation,0.18,0.85
2023-07-11,38.033,14.979,8.196,7.125,163.917,46.583,0.583,22.412,73.094,Copernicus S5P TROPOMI & CAMS Multi-Sensor Assimilation,0.18,0.85
2023-07-12,41.042,17.842,10.833,10.538,191.25,44.167,0.67,22.412,73.094,Copernicus S5P TROPOMI & CAMS Multi-Sensor Assimilation,0.18,0.85
2023-07-13,45.646,19.433,11.771,14.475,193.458,46.167,0.648,22.412,73.094,Copernicus S5P TROPOMI & CAMS Multi-Sensor Assimilation,0.18,0.85
2023-07-14,35.7,16.425,9.579,10.212,171.25,45.125,0.571,22.412,73.094,Copernicus S5P TROPOMI & CAMS Multi-Sensor Assimilation,0.18,0.85
2023-07-15,28.354,13.554,8.471,7.179,157.667,39.917,0.497,22.412,73.094,Copernicus S5P TROPOMI & CAMS Multi-Sensor Assimilation,0.18,0.85
2023-07-16,27.671,14.171,8.212,8.017,156.875,43.167,0.463,22.412,73.094,Copernicus S5P TROPOMI & CAMS Multi-Sensor Assimilation,0.18,0.85
2023-07-17,40.617,17.55,8.763,9.15,168.917,49.917,0.522,22.412,73.094,Copernicus S5P TROPOMI & CAMS Multi-Sensor Assimilation,0.18,0.85
2023-07-18,44.283,21.083,11.763,9.883,210.292,48.833,0.614,22.412,73.094,Copernicus S5P TROPOMI & CAMS Multi-Sensor Assimilation,0.18,0.85
2023-07-19,35.929,19.9,15.7,8.671,266.333,52.5,0.468,22.412,73.094,Copernicus S5P TROPOMI & CAMS Multi-Sensor Assimilation,0.18,0.85
2023-07-20,28.988,18.983,14.192,13.05,285.667,63.417,0.494,22.412,73.094,Copernicus S5P TROPOMI & CAMS Multi-Sensor Assimilation,0.18,0.85
2023-07-21,17.275,12.967,8.129,5.442,176.25,44.667,0.39,22.412,73.094,Copernicus S5P TROPOMI & CAMS Multi-Sensor Assimilation,0.18,0.85
2023-07-22,16.738,12.154,10.679,7.442,220.542,54.875,0.478,22.412,73.094,Copernicus S5P TROPOMI & CAMS Multi-Sensor Assimilation,0.18,0.85
2023-07-23,14.662,10.058,10.125,10.446,207.875,62.833,0.29,22.412,73.094,Copernicus S5P TROPOMI & CAMS Multi-Sensor Assimilation,0.18,0.85
2023-07-24,17.138,10.329,8.271,9.167,157.0,44.792,0.261,22.412,73.094,Copernicus S5P TROPOMI & CAMS Multi-Sensor Assimilation,0.18,0.85
2023-07-25,29.638,15.25,8.154,7.7,160.167,42.833,0.424,22.412,73.094,Copernicus S5P TROPOMI & CAMS Multi-Sensor Assimilation,0.18,0.85
2023-07-26,29.096,15.7,8.538,7.158,175.167,49.167,0.42,22.412,73.094,Copernicus S5P TROPOMI & CAMS Multi-Sensor Assimilation,0.18,0.85
2023-07-27,40.704,20.054,9.492,7.004,171.875,46.25,0.559,22.412,73.094,Copernicus S5P TROPOMI & CAMS Multi-Sensor Assimilation,0.18,0.85
2023-07-28,27.029,14.517,7.329,5.125,160.667,43.708,0.484,22.412,73.094,Copernicus S5P TROPOMI & CAMS Multi-Sensor Assimilation,0.18,0.85
2023-07-29,20.879,10.608,6.296,4.525,135.625,39.583,0.392,22.412,73.094,Copernicus S5P TROPOMI & CAMS Multi-Sensor Assimilation,0.18,0.85
2023-07-30,29.146,12.692,6.587,4.35,135.083,38.083,0.563,22.412,73.094,Copernicus S5P TROPOMI & CAMS Multi-Sensor Assimilation,0.18,0.85
2023-07-31,34.562,14.025,7.646,4.767,158.083,39.375,0.713,22.412,73.094,Copernicus S5P TROPOMI & CAMS Multi-Sensor Assimilation,0.18,0.85
2023-08-01,47.879,15.708,6.7,4.833,147.917,41.5,1.032,22.412,73.094,Copernicus S5P TROPOMI & CAMS Multi-Sensor Assimilation,0.18,0.85
2023-08-02,31.917,13.4,5.337,4.208,139.667,44.708,0.729,22.412,73.094,Copernicus S5P TROPOMI & CAMS Multi-Sensor Assimilation,0.18,0.85
2023-08-03,27.15,12.379,6.158,4.758,137.875,40.958,0.689,22.412,73.094,Copernicus S5P TROPOMI & CAMS Multi-Sensor Assimilation,0.18,0.85
2023-08-04,29.588,13.3,7.375,5.425,146.917,37.5,0.574,22.412,73.094,Copernicus S5P TROPOMI & CAMS Multi-Sensor Assimilation,0.18,0.85
2023-08-05,32.692,13.938,6.788,5.862,136.5,43.083,0.568,22.412,73.094,Copernicus S5P TROPOMI & CAMS Multi-Sensor Assimilation,0.18,0.85
2023-08-06,37.367,14.712,5.196,4.4,132.875,45.208,0.682,22.412,73.094,Copernicus S5P TROPOMI & CAMS Multi-Sensor Assimilation,0.18,0.85
2023-08-07,28.629,13.392,4.654,3.912,131.375,44.708,0.677,22.412,73.094,Copernicus S5P TROPOMI & CAMS Multi-Sensor Assimilation,0.18,0.85
2023-08-08,30.925,13.712,5.133,4.9,123.875,44.833,0.668,22.412,73.094,Copernicus S5P TROPOMI & CAMS Multi-Sensor Assimilation,0.18,0.85
2023-08-09,30.996,14.258,6.362,5.6,143.833,43.083,0.937,22.412,73.094,Copernicus S5P TROPOMI & CAMS Multi-Sensor Assimilation,0.18,0.85
2023-08-10,33.404,13.892,7.0,6.567,151.083,46.333,0.678,22.412,73.094,Copernicus S5P TROPOMI & CAMS Multi-Sensor Assimilation,0.18,0.85
2023-08-11,34.579,15.067,7.025,6.854,147.333,46.667,0.645,22.412,73.094,Copernicus S5P TROPOMI & CAMS Multi-Sensor Assimilation,0.18,0.85
2023-08-12,37.629,14.629,6.862,5.438,153.667,45.625,0.605,22.412,73.094,Copernicus S5P TROPOMI & CAMS Multi-Sensor Assimilation,0.18,0.85
2023-08-13,30.471,13.679,5.517,4.125,140.042,42.875,0.645,22.412,73.094,Copernicus S5P TROPOMI & CAMS Multi-Sensor Assimilation,0.18,0.85
2023-08-14,30.817,14.575,5.454,4.792,132.042,41.792,0.724,22.412,73.094,Copernicus S5P TROPOMI & CAMS Multi-Sensor Assimilation,0.18,0.85
2023-08-15,34.492,14.55,6.438,6.167,132.167,43.25,0.764,22.412,73.094,Copernicus S5P TROPOMI & CAMS Multi-Sensor Assimilation,0.18,0.85
2023-08-16,41.475,16.125,7.579,7.138,151.542,43.708,0.722,22.412,73.094,Copernicus S5P TROPOMI & CAMS Multi-Sensor Assimilation,0.18,0.85
2023-08-17,47.517,18.779,10.292,7.221,184.792,40.75,0.617,22.412,73.094,Copernicus S5P TROPOMI & CAMS Multi-Sensor Assimilation,0.18,0.85
2023-08-18,43.762,18.488,13.942,8.862,215.125,39.625,0.66,22.412,73.094,Copernicus S5P TROPOMI & CAMS Multi-Sensor Assimilation,0.18,0.85
2023-08-19,48.637,20.4,15.833,10.004,235.0,39.417,0.527,22.412,73.094,Copernicus S5P TROPOMI & CAMS Multi-Sensor Assimilation,0.18,0.85
2023-08-20,40.392,17.421,12.708,8.638,188.417,38.0,0.486,22.412,73.094,Copernicus S5P TROPOMI & CAMS Multi-Sensor Assimilation,0.18,0.85
2023-08-21,39.817,18.604,11.333,7.304,196.708,42.125,0.463,22.412,73.094,Copernicus S5P TROPOMI & CAMS Multi-Sensor Assimilation,0.18,0.85
2023-08-22,58.233,29.454,12.612,11.971,229.708,50.333,0.619,22.412,73.094,Copernicus S5P TROPOMI & CAMS Multi-Sensor Assimilation,0.18,0.85
2023-08-23,20.908,11.129,8.083,8.021,152.208,37.375,0.498,22.412,73.094,Copernicus S5P TROPOMI & CAMS Multi-Sensor Assimilation,0.18,0.85
2023-08-24,17.9,8.571,6.504,6.383,142.167,35.125,0.465,22.412,73.094,Copernicus S5P TROPOMI & CAMS Multi-Sensor Assimilation,0.18,0.85
2023-08-25,17.729,8.108,6.675,7.087,121.625,36.458,0.774,22.412,73.094,Copernicus S5P TROPOMI & CAMS Multi-Sensor Assimilation,0.18,0.85
2023-08-26,25.275,10.487,7.438,8.846,126.042,40.667,0.631,22.412,73.094,Copernicus S5P TROPOMI & CAMS Multi-Sensor Assimilation,0.18,0.85
2023-08-27,33.533,14.542,7.733,8.283,130.292,43.417,0.735,22.412,73.094,Copernicus S5P TROPOMI & CAMS Multi-Sensor Assimilation,0.18,0.85
2023-08-28,49.575,16.704,7.442,8.179,134.625,46.667,0.682,22.412,73.094,Copernicus S5P TROPOMI & CAMS Multi-Sensor Assimilation,0.18,0.85
2023-08-29,47.792,18.908,9.429,9.229,162.917,47.042,0.555,22.412,73.094,Copernicus S5P TROPOMI & CAMS Multi-Sensor Assimilation,0.18,0.85
2023-08-30,55.012,22.092,15.067,11.896,224.333,45.583,0.499,22.412,73.094,Copernicus S5P TROPOMI & CAMS Multi-Sensor Assimilation,0.18,0.85
2023-08-31,59.038,26.2,22.292,16.646,314.5,56.083,0.558,22.412,73.094,Copernicus S5P TROPOMI & CAMS Multi-Sensor Assimilation,0.18,0.85
2023-09-01,64.946,30.938,25.383,18.121,388.792,66.083,0.479,22.412,73.094,Copernicus S5P TROPOMI & CAMS Multi-Sensor Assimilation,0.18,0.85
2023-09-02,60.021,30.733,24.454,17.592,387.292,64.917,0.495,22.412,73.094,Copernicus S5P TROPOMI & CAMS Multi-Sensor Assimilation,0.18,0.85
2023-09-03,43.887,23.262,18.012,15.5,264.75,58.417,0.496,22.412,73.094,Copernicus S5P TROPOMI & CAMS Multi-Sensor Assimilation,0.18,0.85
2023-09-04,44.996,22.404,17.842,13.792,273.333,53.917,0.398,22.412,73.094,Copernicus S5P TROPOMI & CAMS Multi-Sensor Assimilation,0.18,0.85
2023-09-05,45.15,24.583,16.1,13.167,267.833,61.042,0.401,22.412,73.094,Copernicus S5P TROPOMI & CAMS Multi-Sensor Assimilation,0.18,0.85
2023-09-06,42.558,23.083,14.638,10.513,265.625,64.792,0.436,22.412,73.094,Copernicus S5P TROPOMI & CAMS Multi-Sensor Assimilation,0.18,0.85
2023-09-07,34.45,20.871,11.167,9.821,258.5,75.458,0.481,22.412,73.094,Copernicus S5P TROPOMI & CAMS Multi-Sensor Assimilation,0.18,0.85
2023-09-08,34.929,22.1,14.758,14.475,256.292,50.625,0.476,22.412,73.094,Copernicus S5P TROPOMI & CAMS Multi-Sensor Assimilation,0.18,0.85
2023-09-09,30.858,18.208,12.154,12.375,212.708,53.083,0.382,22.412,73.094,Copernicus S5P TROPOMI & CAMS Multi-Sensor Assimilation,0.18,0.85
2023-09-10,27.375,14.7,10.779,11.179,198.75,47.958,0.327,22.412,73.094,Copernicus S5P TROPOMI & CAMS Multi-Sensor Assimilation,0.18,0.85
2023-09-11,26.838,14.471,11.008,9.3,200.708,47.75,0.342,22.412,73.094,Copernicus S5P TROPOMI & CAMS Multi-Sensor Assimilation,0.18,0.85
2023-09-12,24.421,13.675,8.492,8.2,171.583,45.5,0.38,22.412,73.094,Copernicus S5P TROPOMI & CAMS Multi-Sensor Assimilation,0.18,0.85
2023-09-13,19.012,10.908,9.612,9.112,159.292,39.875,0.396,22.412,73.094,Copernicus S5P TROPOMI & CAMS Multi-Sensor Assimilation,0.18,0.85
2023-09-14,24.992,13.933,11.546,12.792,201.75,48.917,0.492,22.412,73.094,Copernicus S5P TROPOMI & CAMS Multi-Sensor Assimilation,0.18,0.85
2023-09-15,31.929,18.242,13.9,12.1,245.0,50.417,0.45,22.412,73.094,Copernicus S5P TROPOMI & CAMS Multi-Sensor Assimilation,0.18,0.85
2023-09-16,21.596,13.367,11.608,8.246,223.875,38.5,0.386,22.412,73.094,Copernicus S5P TROPOMI & CAMS Multi-Sensor Assimilation,0.18,0.85
2023-09-17,12.354,8.558,6.104,3.833,155.125,38.417,0.344,22.412,73.094,Copernicus S5P TROPOMI & CAMS Multi-Sensor Assimilation,0.18,0.85
2023-09-18,12.154,8.042,7.867,7.017,172.5,39.833,0.245,22.412,73.094,Copernicus S5P TROPOMI & CAMS Multi-Sensor Assimilation,0.18,0.85
2023-09-19,12.917,8.242,8.862,11.475,182.25,46.417,0.36,22.412,73.094,Copernicus S5P TROPOMI & CAMS Multi-Sensor Assimilation,0.18,0.85
2023-09-20,19.825,12.221,11.4,15.396,216.625,52.708,0.477,22.412,73.094,Copernicus S5P TROPOMI & CAMS Multi-Sensor Assimilation,0.18,0.85
2023-09-21,26.117,15.912,11.938,15.692,236.458,55.167,0.475,22.412,73.094,Copernicus S5P TROPOMI & CAMS Multi-Sensor Assimilation,0.18,0.85
2023-09-22,25.392,15.092,12.479,14.846,233.583,48.625,0.442,22.412,73.094,Copernicus S5P TROPOMI & CAMS Multi-Sensor Assimilation,0.18,0.85
2023-09-23,32.508,18.221,11.846,12.046,224.5,54.792,0.497,22.412,73.094,Copernicus S5P TROPOMI & CAMS Multi-Sensor Assimilation,0.18,0.85
2023-09-24,32.842,18.046,12.612,11.35,240.375,50.375,0.511,22.412,73.094,Copernicus S5P TROPOMI & CAMS Multi-Sensor Assimilation,0.18,0.85
2023-09-25,25.475,15.275,11.779,9.121,248.417,62.625,0.463,22.412,73.094,Copernicus S5P TROPOMI & CAMS Multi-Sensor Assimilation,0.18,0.85
2023-09-26,45.979,27.508,13.725,12.433,302.667,73.958,0.831,22.412,73.094,Copernicus S5P TROPOMI & CAMS Multi-Sensor Assimilation,0.18,0.85
2023-09-27,57.25,35.621,16.692,13.55,393.25,88.583,0.845,22.412,73.094,Copernicus S5P TROPOMI & CAMS Multi-Sensor Assimilation,0.18,0.85
2023-09-28,57.029,38.092,20.012,11.112,448.5,90.708,0.795,22.412,73.094,Copernicus S5P TROPOMI & CAMS Multi-Sensor Assimilation,0.18,0.85
2023-09-29,75.158,46.246,25.35,12.671,556.5,85.958,0.697,22.412,73.094,Copernicus S5P TROPOMI & CAMS Multi-Sensor Assimilation,0.18,0.85
2023-09-30,61.475,36.604,20.029,9.054,457.458,82.875,0.382,22.412,73.094,Copernicus S5P TROPOMI & CAMS Multi-Sensor Assimilation,0.18,0.85
2023-10-01,63.908,37.279,22.675,10.483,541.083,84.333,0.348,22.412,73.094,Copernicus S5P TROPOMI & CAMS Multi-Sensor Assimilation,0.18,0.85
2023-10-02,78.917,42.417,22.529,14.183,555.417,105.208,0.431,22.412,73.094,Copernicus S5P TROPOMI & CAMS Multi-Sensor Assimilation,0.18,0.85
2023-10-03,76.821,37.863,20.521,19.883,448.5,97.208,0.345,22.412,73.094,Copernicus S5P TROPOMI & CAMS Multi-Sensor Assimilation,0.18,0.85
2023-10-04,71.104,35.796,23.042,20.146,458.917,91.125,0.33,22.412,73.094,Copernicus S5P TROPOMI & CAMS Multi-Sensor Assimilation,0.18,0.85
2023-10-05,75.9,40.3,30.688,16.433,581.083,83.333,0.252,22.412,73.094,Copernicus S5P TROPOMI & CAMS Multi-Sensor Assimilation,0.18,0.85
2023-10-06,79.163,45.646,34.392,15.033,641.667,81.667,0.304,22.412,73.094,Copernicus S5P TROPOMI & CAMS Multi-Sensor Assimilation,0.18,0.85
2023-10-07,80.875,48.558,30.012,17.792,568.667,83.792,0.375,22.412,73.094,Copernicus S5P TROPOMI & CAMS Multi-Sensor Assimilation,0.18,0.85
2023-10-08,103.096,61.137,38.021,19.154,730.083,92.708,0.409,22.412,73.094,Copernicus S5P TROPOMI & CAMS Multi-Sensor Assimilation,0.18,0.85
2023-10-09,91.038,54.95,35.008,17.638,699.75,88.833,0.355,22.412,73.094,Copernicus S5P TROPOMI & CAMS Multi-Sensor Assimilation,0.18,0.85
2023-10-10,55.012,35.679,32.946,13.8,586.167,64.75,0.224,22.412,73.094,Copernicus S5P TROPOMI & CAMS Multi-Sensor Assimilation,0.18,0.85
2023-10-11,62.704,40.417,30.271,17.9,623.708,99.833,0.319,22.412,73.094,Copernicus S5P TROPOMI & CAMS Multi-Sensor Assimilation,0.18,0.85
2023-10-12,62.712,38.271,19.846,12.088,471.333,97.125,0.405,22.412,73.094,Copernicus S5P TROPOMI & CAMS Multi-Sensor Assimilation,0.18,0.85
2023-10-13,68.329,41.558,22.208,9.2,485.458,89.583,0.548,22.412,73.094,Copernicus S5P TROPOMI & CAMS Multi-Sensor Assimilation,0.18,0.85
2023-10-14,73.029,44.858,21.762,9.071,490.917,84.875,0.665,22.412,73.094,Copernicus S5P TROPOMI & CAMS Multi-Sensor Assimilation,0.18,0.85
2023-10-15,115.0,69.925,37.371,18.312,748.667,84.833,0.93,22.412,73.094,Copernicus S5P TROPOMI & CAMS Multi-Sensor Assimilation,0.18,0.85
2023-10-16,87.383,54.962,34.954,15.354,703.917,79.417,0.631,22.412,73.094,Copernicus S5P TROPOMI & CAMS Multi-Sensor Assimilation,0.18,0.85
2023-10-17,82.879,52.404,31.033,16.492,621.417,80.958,0.61,22.412,73.094,Copernicus S5P TROPOMI & CAMS Multi-Sensor Assimilation,0.18,0.85
2023-10-18,57.625,35.262,22.867,8.712,468.0,62.875,0.292,22.412,73.094,Copernicus S5P TROPOMI & CAMS Multi-Sensor Assimilation,0.18,0.85
2023-10-19,55.471,33.154,22.779,7.629,479.958,69.458,0.287,22.412,73.094,Copernicus S5P TROPOMI & CAMS Multi-Sensor Assimilation,0.18,0.85
2023-10-20,60.3,36.371,17.296,7.029,409.833,78.542,0.447,22.412,73.094,Copernicus S5P TROPOMI & CAMS Multi-Sensor Assimilation,0.18,0.85
2023-10-21,68.667,40.412,18.796,7.208,453.667,78.25,0.532,22.412,73.094,Copernicus S5P TROPOMI & CAMS Multi-Sensor Assimilation,0.18,0.85
2023-10-22,70.146,40.25,21.579,7.663,489.292,82.292,0.467,22.412,73.094,Copernicus S5P TROPOMI & CAMS Multi-Sensor Assimilation,0.18,0.85
2023-10-23,59.65,34.546,17.292,7.462,450.542,81.833,0.418,22.412,73.094,Copernicus S5P TROPOMI & CAMS Multi-Sensor Assimilation,0.18,0.85
2023-10-24,59.038,31.875,15.858,6.429,401.333,77.417,0.392,22.412,73.094,Copernicus S5P TROPOMI & CAMS Multi-Sensor Assimilation,0.18,0.85
2023-10-25,55.217,31.138,16.417,7.783,414.25,81.333,0.303,22.412,73.094,Copernicus S5P TROPOMI & CAMS Multi-Sensor Assimilation,0.18,0.85
2023-10-26,68.75,39.129,21.133,12.942,515.542,89.583,0.323,22.412,73.094,Copernicus S5P TROPOMI & CAMS Multi-Sensor Assimilation,0.18,0.85
2023-10-27,54.146,32.629,23.312,11.533,530.167,81.0,0.188,22.412,73.094,Copernicus S5P TROPOMI & CAMS Multi-Sensor Assimilation,0.18,0.85
2023-10-28,46.629,29.667,22.275,7.708,522.167,84.833,0.251,22.412,73.094,Copernicus S5P TROPOMI & CAMS Multi-Sensor Assimilation,0.18,0.85
2023-10-29,60.054,36.979,26.196,9.05,583.083,83.083,0.34,22.412,73.094,Copernicus S5P TROPOMI & CAMS Multi-Sensor Assimilation,0.18,0.85
2023-10-30,66.65,39.783,23.342,8.896,544.875,75.667,0.359,22.412,73.094,Copernicus S5P TROPOMI & CAMS Multi-Sensor Assimilation,0.18,0.85
2023-10-31,67.525,40.012,24.229,9.542,536.25,70.917,0.379,22.412,73.094,Copernicus S5P TROPOMI & CAMS Multi-Sensor Assimilation,0.18,0.85
2023-11-01,67.429,40.117,26.558,8.596,558.833,69.75,0.431,22.412,73.094,Copernicus S5P TROPOMI & CAMS Multi-Sensor Assimilation,0.18,0.85
2023-11-02,70.979,42.725,19.787,8.154,524.583,82.833,0.458,22.412,73.094,Copernicus S5P TROPOMI & CAMS Multi-Sensor Assimilation,0.18,0.85
2023-11-03,69.333,40.846,14.817,8.154,474.917,89.583,0.491,22.412,73.094,Copernicus S5P TROPOMI & CAMS Multi-Sensor Assimilation,0.18,0.85
2023-11-04,71.612,43.046,19.917,7.367,520.208,79.458,0.522,22.412,73.094,Copernicus S5P TROPOMI & CAMS Multi-Sensor Assimilation,0.18,0.85
2023-11-05,73.512,44.088,25.1,7.279,581.583,68.708,0.535,22.412,73.094,Copernicus S5P TROPOMI & CAMS Multi-Sensor Assimilation,0.18,0.85
2023-11-06,71.846,43.179,27.146,8.779,586.333,70.917,0.531,22.412,73.094,Copernicus S5P TROPOMI & CAMS Multi-Sensor Assimilation,0.18,0.85
2023-11-07,82.225,48.975,30.096,9.417,637.375,69.25,0.576,22.412,73.094,Copernicus S5P TROPOMI & CAMS Multi-Sensor Assimilation,0.18,0.85
2023-11-08,86.821,51.512,26.588,8.771,642.75,77.75,0.585,22.412,73.094,Copernicus S5P TROPOMI & CAMS Multi-Sensor Assimilation,0.18,0.85
2023-11-09,86.933,52.042,27.492,8.896,646.375,77.792,0.593,22.412,73.094,Copernicus S5P TROPOMI & CAMS Multi-Sensor Assimilation,0.18,0.85
2023-11-10,97.6,57.742,21.142,11.225,599.0,86.042,0.597,22.412,73.094,Copernicus S5P TROPOMI & CAMS Multi-Sensor Assimilation,0.18,0.85
2023-11-11,57.667,34.542,11.896,6.888,399.333,80.958,0.269,22.412,73.094,Copernicus S5P TROPOMI & CAMS Multi-Sensor Assimilation,0.18,0.85
2023-11-12,24.821,16.512,11.321,5.679,325.667,74.0,0.102,22.412,73.094,Copernicus S5P TROPOMI & CAMS Multi-Sensor Assimilation,0.18,0.85
2023-11-13,41.938,27.463,16.713,6.625,436.792,72.875,0.207,22.412,73.094,Copernicus S5P TROPOMI & CAMS Multi-Sensor Assimilation,0.18,0.85
2023-11-14,50.146,32.637,14.912,6.546,440.125,78.042,0.288,22.412,73.094,Copernicus S5P TROPOMI & CAMS Multi-Sensor Assimilation,0.18,0.85
2023-11-15,51.475,33.496,12.175,6.517,413.792,82.542,0.385,22.412,73.094,Copernicus S5P TROPOMI & CAMS Multi-Sensor Assimilation,0.18,0.85
2023-11-16,65.233,42.521,11.942,7.354,439.542,86.75,0.513,22.412,73.094,Copernicus S5P TROPOMI & CAMS Multi-Sensor Assimilation,0.18,0.85
2023-11-17,91.496,57.175,15.15,8.838,499.625,84.292,0.637,22.412,73.094,Copernicus S5P TROPOMI & CAMS Multi-Sensor Assimilation,0.18,0.85
2023-11-18,115.679,70.658,16.158,11.671,552.917,92.667,0.81,22.412,73.094,Copernicus S5P TROPOMI & CAMS Multi-Sensor Assimilation,0.18,0.85
2023-11-19,108.346,66.75,16.938,11.504,566.958,90.5,0.851,22.412,73.094,Copernicus S5P TROPOMI & CAMS Multi-Sensor Assimilation,0.18,0.85
2023-11-20,94.083,59.012,14.454,10.354,520.125,90.208,0.771,22.412,73.094,Copernicus S5P TROPOMI & CAMS Multi-Sensor Assimilation,0.18,0.85
2023-11-21,92.688,59.321,11.733,8.783,461.125,84.583,0.716,22.412,73.094,Copernicus S5P TROPOMI & CAMS Multi-Sensor Assimilation,0.18,0.85
2023-11-22,85.212,55.467,13.383,8.342,465.125,78.667,0.598,22.412,73.094,Copernicus S5P TROPOMI & CAMS Multi-Sensor Assimilation,0.18,0.85
2023-11-23,72.729,48.079,21.992,8.575,568.792,68.167,0.416,22.412,73.094,Copernicus S5P TROPOMI & CAMS Multi-Sensor Assimilation,0.18,0.85
2023-11-24,72.883,48.512,15.712,7.75,494.25,71.792,0.745,22.412,73.094,Copernicus S5P TROPOMI & CAMS Multi-Sensor Assimilation,0.18,0.85
2023-11-25,80.996,53.613,11.571,9.683,453.542,82.125,0.873,22.412,73.094,Copernicus S5P TROPOMI & CAMS Multi-Sensor Assimilation,0.18,0.85
2023-11-26,88.092,58.221,8.025,11.142,407.125,83.125,1.121,22.412,73.094,Copernicus S5P TROPOMI & CAMS Multi-Sensor Assimilation,0.18,0.85
2023-11-27,62.146,42.738,13.671,10.221,419.375,81.875,0.499,22.412,73.094,Copernicus S5P TROPOMI & CAMS Multi-Sensor Assimilation,0.18,0.85
2023-11-28,40.721,27.554,14.879,6.329,446.208,62.375,0.382,22.412,73.094,Copernicus S5P TROPOMI & CAMS Multi-Sensor Assimilation,0.18,0.85
2023-11-29,47.9,32.058,12.446,6.308,399.875,62.083,0.436,22.412,73.094,Copernicus S5P TROPOMI & CAMS Multi-Sensor Assimilation,0.18,0.85
2023-11-30,61.233,41.3,12.288,6.154,404.625,59.667,0.661,22.412,73.094,Copernicus S5P TROPOMI & CAMS Multi-Sensor Assimilation,0.18,0.85
2023-12-01,59.783,40.617,8.746,5.617,351.375,68.0,0.687,22.412,73.094,Copernicus S5P TROPOMI & CAMS Multi-Sensor Assimilation,0.18,0.85
2023-12-02,43.596,29.754,6.821,6.521,328.958,73.458,0.592,22.412,73.094,Copernicus S5P TROPOMI & CAMS Multi-Sensor Assimilation,0.18,0.85
2023-12-03,51.867,36.0,7.092,9.562,384.875,83.75,1.018,22.412,73.094,Copernicus S5P TROPOMI & CAMS Multi-Sensor Assimilation,0.18,0.85
2023-12-04,49.917,34.717,7.125,10.446,410.0,85.042,0.735,22.412,73.094,Copernicus S5P TROPOMI & CAMS Multi-Sensor Assimilation,0.18,0.85
2023-12-05,41.575,28.633,6.5,10.525,369.792,83.083,0.605,22.412,73.094,Copernicus S5P TROPOMI & CAMS Multi-Sensor Assimilation,0.18,0.85
2023-12-06,57.75,39.65,7.454,7.846,363.75,71.5,0.901,22.412,73.094,Copernicus S5P TROPOMI & CAMS Multi-Sensor Assimilation,0.18,0.85
2023-12-07,57.833,39.617,8.033,9.013,381.833,69.917,0.724,22.412,73.094,Copernicus S5P TROPOMI & CAMS Multi-Sensor Assimilation,0.18,0.85
2023-12-08,63.288,43.296,10.604,7.688,407.208,62.792,0.535,22.412,73.094,Copernicus S5P TROPOMI & CAMS Multi-Sensor Assimilation,0.18,0.85
2023-12-09,45.946,31.475,11.725,6.083,394.625,60.458,0.357,22.412,73.094,Copernicus S5P TROPOMI & CAMS Multi-Sensor Assimilation,0.18,0.85
2023-12-10,44.742,30.692,12.225,5.929,380.708,64.333,0.289,22.412,73.094,Copernicus S5P TROPOMI & CAMS Multi-Sensor Assimilation,0.18,0.85
2023-12-11,45.917,31.654,15.067,7.392,422.375,70.375,0.257,22.412,73.094,Copernicus S5P TROPOMI & CAMS Multi-Sensor Assimilation,0.18,0.85
2023-12-12,46.887,32.308,14.471,7.429,436.708,70.292,0.268,22.412,73.094,Copernicus S5P TROPOMI & CAMS Multi-Sensor Assimilation,0.18,0.85
2023-12-13,44.317,31.217,10.717,7.388,369.417,75.0,0.342,22.412,73.094,Copernicus S5P TROPOMI & CAMS Multi-Sensor Assimilation,0.18,0.85
2023-12-14,50.45,31.708,11.2,7.754,356.042,78.708,0.452,22.412,73.094,Copernicus S5P TROPOMI & CAMS Multi-Sensor Assimilation,0.18,0.85
2023-12-15,61.367,36.833,10.812,8.658,366.667,83.667,0.672,22.412,73.094,Copernicus S5P TROPOMI & CAMS Multi-Sensor Assimilation,0.18,0.85
2023-12-16,71.325,48.633,14.079,8.083,423.458,74.792,0.707,22.412,73.094,Copernicus S5P TROPOMI & CAMS Multi-Sensor Assimilation,0.18,0.85
2023-12-17,62.192,42.221,11.962,7.221,404.5,67.125,0.616,22.412,73.094,Copernicus S5P TROPOMI & CAMS Multi-Sensor Assimilation,0.18,0.85
2023-12-18,38.079,25.638,8.112,6.933,294.917,78.792,0.341,22.412,73.094,Copernicus S5P TROPOMI & CAMS Multi-Sensor Assimilation,0.18,0.85
2023-12-19,48.542,31.575,7.942,8.737,344.458,84.958,0.293,22.412,73.094,Copernicus S5P TROPOMI & CAMS Multi-Sensor Assimilation,0.18,0.85
2023-12-20,46.317,30.817,8.812,8.642,391.375,84.0,0.268,22.412,73.094,Copernicus S5P TROPOMI & CAMS Multi-Sensor Assimilation,0.18,0.85
2023-12-21,41.825,28.142,13.504,8.154,422.25,72.75,0.241,22.412,73.094,Copernicus S5P TROPOMI & CAMS Multi-Sensor Assimilation,0.18,0.85
2023-12-22,43.271,29.275,17.246,11.5,474.417,75.458,0.319,22.412,73.094,Copernicus S5P TROPOMI & CAMS Multi-Sensor Assimilation,0.18,0.85
2023-12-23,43.762,29.713,17.512,9.771,498.25,75.083,0.209,22.412,73.094,Copernicus S5P TROPOMI & CAMS Multi-Sensor Assimilation,0.18,0.85
2023-12-24,56.438,37.838,11.429,9.792,467.917,84.917,0.249,22.412,73.094,Copernicus S5P TROPOMI & CAMS Multi-Sensor Assimilation,0.18,0.85
2023-12-25,77.225,51.633,13.6,10.583,566.958,90.667,0.307,22.412,73.094,Copernicus S5P TROPOMI & CAMS Multi-Sensor Assimilation,0.18,0.85
2023-12-26,99.746,66.167,21.208,13.912,691.458,85.708,0.393,22.412,73.094,Copernicus S5P TROPOMI & CAMS Multi-Sensor Assimilation,0.18,0.85
2023-12-27,109.417,71.875,20.558,12.321,741.375,84.25,0.486,22.412,73.094,Copernicus S5P TROPOMI & CAMS Multi-Sensor Assimilation,0.18,0.85
2023-12-28,94.696,60.854,11.896,11.45,546.625,89.5,0.695,22.412,73.094,Copernicus S5P TROPOMI & CAMS Multi-Sensor Assimilation,0.18,0.85
2023-12-29,112.217,71.75,20.858,15.408,662.917,94.958,0.691,22.412,73.094,Copernicus S5P TROPOMI & CAMS Multi-Sensor Assimilation,0.18,0.85
2023-12-30,112.054,72.342,18.258,14.342,678.542,85.542,0.671,22.412,73.094,Copernicus S5P TROPOMI & CAMS Multi-Sensor Assimilation,0.18,0.85
2023-12-31,112.25,72.712,16.421,14.588,672.375,82.958,0.621,22.412,73.094,Copernicus S5P TROPOMI & CAMS Multi-Sensor Assimilation,0.18,0.85
2024-01-01,105.046,68.808,16.542,12.746,685.167,73.792,0.621,22.412,73.094,Copernicus S5P TROPOMI & CAMS Multi-Sensor Assimilation,0.18,0.85
2024-01-02,109.746,72.729,13.079,12.446,651.583,76.417,0.764,22.412,73.094,Copernicus S5P TROPOMI & CAMS Multi-Sensor Assimilation,0.18,0.85
2024-01-03,90.421,60.242,12.367,9.654,586.792,70.208,0.578,22.412,73.094,Copernicus S5P TROPOMI & CAMS Multi-Sensor Assimilation,0.18,0.85
2024-01-04,91.429,60.204,8.608,9.108,509.333,81.75,0.778,22.412,73.094,Copernicus S5P TROPOMI & CAMS Multi-Sensor Assimilation,0.18,0.85
2024-01-05,84.417,56.358,9.283,7.212,552.0,72.5,0.58,22.412,73.094,Copernicus S5P TROPOMI & CAMS Multi-Sensor Assimilation,0.18,0.85
2024-01-06,74.842,49.85,7.954,8.033,501.042,78.75,0.528,22.412,73.094,Copernicus S5P TROPOMI & CAMS Multi-Sensor Assimilation,0.18,0.85
2024-01-07,77.358,50.95,7.663,7.704,456.542,78.0,0.97,22.412,73.094,Copernicus S5P TROPOMI & CAMS Multi-Sensor Assimilation,0.18,0.85
2024-01-08,94.0,61.225,9.0,11.542,520.042,81.333,1.028,22.412,73.094,Copernicus S5P TROPOMI & CAMS Multi-Sensor Assimilation,0.18,0.85
2024-01-09,101.283,66.721,8.271,10.987,543.708,79.292,1.2,22.412,73.094,Copernicus S5P TROPOMI & CAMS Multi-Sensor Assimilation,0.18,0.85
2024-01-10,80.275,53.192,8.192,11.596,529.667,83.333,0.874,22.412,73.094,Copernicus S5P TROPOMI & CAMS Multi-Sensor Assimilation,0.18,0.85
2024-01-11,64.679,43.092,9.229,8.938,515.375,84.417,0.575,22.412,73.094,Copernicus S5P TROPOMI & CAMS Multi-Sensor Assimilation,0.18,0.85
2024-01-12,57.921,38.721,10.833,10.029,521.458,89.458,0.447,22.412,73.094,Copernicus S5P TROPOMI & CAMS Multi-Sensor Assimilation,0.18,0.85
2024-01-13,54.042,36.517,16.642,13.346,518.458,76.708,0.267,22.412,73.094,Copernicus S5P TROPOMI & CAMS Multi-Sensor Assimilation,0.18,0.85
2024-01-14,43.858,30.133,26.963,12.408,542.417,61.292,0.1,22.412,73.094,Copernicus S5P TROPOMI & CAMS Multi-Sensor Assimilation,0.18,0.85
2024-01-15,52.183,36.042,29.275,12.125,639.083,63.417,0.175,22.412,73.094,Copernicus S5P TROPOMI & CAMS Multi-Sensor Assimilation,0.18,0.85
2024-01-16,72.883,49.917,29.25,18.771,697.208,78.875,0.266,22.412,73.094,Copernicus S5P TROPOMI & CAMS Multi-Sensor Assimilation,0.18,0.85
2024-01-17,79.446,49.171,27.654,18.492,661.125,75.917,0.24,22.412,73.094,Copernicus S5P TROPOMI & CAMS Multi-Sensor Assimilation,0.18,0.85
2024-01-18,68.325,43.975,24.067,10.654,612.042,68.958,0.364,22.412,73.094,Copernicus S5P TROPOMI & CAMS Multi-Sensor Assimilation,0.18,0.85
2024-01-19,56.771,36.821,8.833,8.183,410.417,93.958,0.522,22.412,73.094,Copernicus S5P TROPOMI & CAMS Multi-Sensor Assimilation,0.18,0.85
2024-01-20,43.875,28.8,11.146,8.338,422.375,85.292,0.348,22.412,73.094,Copernicus S5P TROPOMI & CAMS Multi-Sensor Assimilation,0.18,0.85
2024-01-21,51.754,33.812,11.458,9.571,442.75,84.25,0.224,22.412,73.094,Copernicus S5P TROPOMI & CAMS Multi-Sensor Assimilation,0.18,0.85
2024-01-22,44.771,29.379,12.429,7.725,415.667,82.833,0.213,22.412,73.094,Copernicus S5P TROPOMI & CAMS Multi-Sensor Assimilation,0.18,0.85
2024-01-23,40.446,25.846,16.142,6.917,429.667,71.542,0.172,22.412,73.094,Copernicus S5P TROPOMI & CAMS Multi-Sensor Assimilation,0.18,0.85
2024-01-24,50.196,30.658,20.037,7.933,505.542,68.042,0.203,22.412,73.094,Copernicus S5P TROPOMI & CAMS Multi-Sensor Assimilation,0.18,0.85
2024-01-25,50.258,31.917,20.375,7.988,492.458,71.583,0.223,22.412,73.094,Copernicus S5P TROPOMI & CAMS Multi-Sensor Assimilation,0.18,0.85
2024-01-26,41.304,27.142,15.938,8.0,397.542,74.417,0.188,22.412,73.094,Copernicus S5P TROPOMI & CAMS Multi-Sensor Assimilation,0.18,0.85
2024-01-27,51.158,33.304,16.0,10.317,427.625,82.292,0.295,22.412,73.094,Copernicus S5P TROPOMI & CAMS Multi-Sensor Assimilation,0.18,0.85
2024-01-28,60.567,39.446,20.333,13.742,505.5,83.75,0.302,22.412,73.094,Copernicus S5P TROPOMI & CAMS Multi-Sensor Assimilation,0.18,0.85
2024-01-29,64.108,41.629,21.0,12.746,558.667,80.917,0.309,22.412,73.094,Copernicus S5P TROPOMI & CAMS Multi-Sensor Assimilation,0.18,0.85
2024-01-30,79.325,49.912,25.404,11.242,665.875,73.167,0.314,22.412,73.094,Copernicus S5P TROPOMI & CAMS Multi-Sensor Assimilation,0.18,0.85
2024-01-31,82.5,48.004,28.875,13.929,689.167,71.375,0.335,22.412,73.094,Copernicus S5P TROPOMI & CAMS Multi-Sensor Assimilation,0.18,0.85
2024-02-01,81.008,44.792,37.883,14.829,741.542,51.167,0.286,22.412,73.094,Copernicus S5P TROPOMI & CAMS Multi-Sensor Assimilation,0.18,0.85
2024-02-02,63.538,36.467,31.921,12.796,686.292,55.583,0.209,22.412,73.094,Copernicus S5P TROPOMI & CAMS Multi-Sensor Assimilation,0.18,0.85
2024-02-03,49.942,28.963,19.812,8.221,464.583,69.625,0.292,22.412,73.094,Copernicus S5P TROPOMI & CAMS Multi-Sensor Assimilation,0.18,0.85
2024-02-04,57.938,29.304,19.004,13.854,487.5,79.167,0.321,22.412,73.094,Copernicus S5P TROPOMI & CAMS Multi-Sensor Assimilation,0.18,0.85
2024-02-05,76.804,33.654,22.267,11.212,490.042,58.875,0.258,22.412,73.094,Copernicus S5P TROPOMI & CAMS Multi-Sensor Assimilation,0.18,0.85
2024-02-06,82.583,33.367,14.842,9.458,378.5,72.333,0.33,22.412,73.094,Copernicus S5P TROPOMI & CAMS Multi-Sensor Assimilation,0.18,0.85
2024-02-07,78.279,33.887,16.992,10.454,444.167,74.625,0.358,22.412,73.094,Copernicus S5P TROPOMI & CAMS Multi-Sensor Assimilation,0.18,0.85
2024-02-08,57.829,33.558,9.171,9.958,351.0,86.0,0.367,22.412,73.094,Copernicus S5P TROPOMI & CAMS Multi-Sensor Assimilation,0.18,0.85
2024-02-09,30.283,19.012,9.133,6.854,328.458,89.708,0.24,22.412,73.094,Copernicus S5P TROPOMI & CAMS Multi-Sensor Assimilation,0.18,0.85
2024-02-10,30.012,20.104,9.021,7.9,335.0,90.5,0.224,22.412,73.094,Copernicus S5P TROPOMI & CAMS Multi-Sensor Assimilation,0.18,0.85
2024-02-11,40.912,27.412,8.796,8.717,342.583,96.542,0.3,22.412,73.094,Copernicus S5P TROPOMI & CAMS Multi-Sensor Assimilation,0.18,0.85
2024-02-12,62.625,41.612,12.046,10.496,426.667,97.708,0.465,22.412,73.094,Copernicus S5P TROPOMI & CAMS Multi-Sensor Assimilation,0.18,0.85
2024-02-13,91.788,60.971,13.675,11.979,510.708,86.875,0.717,22.412,73.094,Copernicus S5P TROPOMI & CAMS Multi-Sensor Assimilation,0.18,0.85
2024-02-14,72.95,49.121,13.379,10.025,503.0,90.208,0.495,22.412,73.094,Copernicus S5P TROPOMI & CAMS Multi-Sensor Assimilation,0.18,0.85
2024-02-15,82.925,53.025,8.929,8.1,414.208,90.083,0.591,22.412,73.094,Copernicus S5P TROPOMI & CAMS Multi-Sensor Assimilation,0.18,0.85
2024-02-16,74.875,49.333,8.379,8.242,402.083,91.792,0.545,22.412,73.094,Copernicus S5P TROPOMI & CAMS Multi-Sensor Assimilation,0.18,0.85
2024-02-17,60.304,40.067,10.833,9.683,423.458,87.5,0.482,22.412,73.094,Copernicus S5P TROPOMI & CAMS Multi-Sensor Assimilation,0.18,0.85
2024-02-18,53.371,35.788,22.404,10.0,534.208,74.5,0.352,22.412,73.094,Copernicus S5P TROPOMI & CAMS Multi-Sensor Assimilation,0.18,0.85
2024-02-19,40.729,27.596,29.229,9.796,584.458,45.25,0.15,22.412,73.094,Copernicus S5P TROPOMI & CAMS Multi-Sensor Assimilation,0.18,0.85
2024-02-20,34.838,21.317,21.192,10.263,420.75,54.042,0.163,22.412,73.094,Copernicus S5P TROPOMI & CAMS Multi-Sensor Assimilation,0.18,0.85
2024-02-21,55.592,21.183,15.842,9.483,331.917,63.583,0.264,22.412,73.094,Copernicus S5P TROPOMI & CAMS Multi-Sensor Assimilation,0.18,0.85
2024-02-22,49.729,18.875,15.117,10.967,321.833,69.875,0.262,22.412,73.094,Copernicus S5P TROPOMI & CAMS Multi-Sensor Assimilation,0.18,0.85
2024-02-23,45.758,24.575,20.2,7.971,467.917,72.958,0.123,22.412,73.094,Copernicus S5P TROPOMI & CAMS Multi-Sensor Assimilation,0.18,0.85
2024-02-24,36.771,20.179,18.838,7.854,449.917,80.708,0.094,22.412,73.094,Copernicus S5P TROPOMI & CAMS Multi-Sensor Assimilation,0.18,0.85
2024-02-25,25.938,15.138,9.95,5.479,308.75,90.375,0.106,22.412,73.094,Copernicus S5P TROPOMI & CAMS Multi-Sensor Assimilation,0.18,0.85
2024-02-26,50.004,32.65,11.175,9.042,371.875,94.625,0.284,22.412,73.094,Copernicus S5P TROPOMI & CAMS Multi-Sensor Assimilation,0.18,0.85
2024-02-27,74.375,48.954,13.475,12.025,464.5,98.75,0.438,22.412,73.094,Copernicus S5P TROPOMI & CAMS Multi-Sensor Assimilation,0.18,0.85
2024-02-28,53.712,35.217,10.767,8.425,418.542,92.042,0.38,22.412,73.094,Copernicus S5P TROPOMI & CAMS Multi-Sensor Assimilation,0.18,0.85
2024-02-29,50.329,29.746,15.812,8.796,461.917,94.75,0.32,22.412,73.094,Copernicus S5P TROPOMI & CAMS Multi-Sensor Assimilation,0.18,0.85
2024-03-01,62.392,39.833,14.912,16.179,508.0,96.5,0.4,22.412,73.094,Copernicus S5P TROPOMI & CAMS Multi-Sensor Assimilation,0.18,0.85
2024-03-02,36.533,21.721,10.962,7.779,296.333,66.25,0.331,22.412,73.094,Copernicus S5P TROPOMI & CAMS Multi-Sensor Assimilation,0.18,0.85
2024-03-03,32.1,15.425,12.433,9.992,287.75,85.625,0.142,22.412,73.094,Copernicus S5P TROPOMI & CAMS Multi-Sensor Assimilation,0.18,0.85
2024-03-04,42.296,23.371,17.213,10.904,411.458,84.375,0.085,22.412,73.094,Copernicus S5P TROPOMI & CAMS Multi-Sensor Assimilation,0.18,0.85
2024-03-05,32.446,21.554,13.658,9.158,399.375,89.583,0.108,22.412,73.094,Copernicus S5P TROPOMI & CAMS Multi-Sensor Assimilation,0.18,0.85
2024-03-06,36.533,24.971,16.371,12.208,447.417,91.792,0.186,22.412,73.094,Copernicus S5P TROPOMI & CAMS Multi-Sensor Assimilation,0.18,0.85
2024-03-07,48.1,24.092,16.333,10.108,427.417,88.667,0.207,22.412,73.094,Copernicus S5P TROPOMI & CAMS Multi-Sensor Assimilation,0.18,0.85
2024-03-08,36.921,20.275,15.975,8.712,403.833,82.667,0.154,22.412,73.094,Copernicus S5P TROPOMI & CAMS Multi-Sensor Assimilation,0.18,0.85
2024-03-09,30.904,18.067,14.475,9.171,371.417,95.083,0.114,22.412,73.094,Copernicus S5P TROPOMI & CAMS Multi-Sensor Assimilation,0.18,0.85
2024-03-10,54.012,35.308,25.333,15.975,599.542,98.458,0.197,22.412,73.094,Copernicus S5P TROPOMI & CAMS Multi-Sensor Assimilation,0.18,0.85
2024-03-11,60.554,36.117,26.617,14.8,609.0,90.375,0.269,22.412,73.094,Copernicus S5P TROPOMI & CAMS Multi-Sensor Assimilation,0.18,0.85
2024-03-12,38.042,19.138,16.808,9.258,371.542,71.833,0.168,22.412,73.094,Copernicus S5P TROPOMI & CAMS Multi-Sensor Assimilation,0.18,0.85
2024-03-13,41.225,21.471,19.675,10.263,388.167,66.917,0.213,22.412,73.094,Copernicus S5P TROPOMI & CAMS Multi-Sensor Assimilation,0.18,0.85
2024-03-14,54.854,25.225,19.733,9.763,382.417,80.208,0.214,22.412,73.094,Copernicus S5P TROPOMI & CAMS Multi-Sensor Assimilation,0.18,0.85
2024-03-15,74.917,37.542,25.517,16.612,538.333,93.958,0.212,22.412,73.094,Copernicus S5P TROPOMI & CAMS Multi-Sensor Assimilation,0.18,0.85
2024-03-16,83.896,46.067,34.908,16.258,720.958,91.542,0.264,22.412,73.094,Copernicus S5P TROPOMI & CAMS Multi-Sensor Assimilation,0.18,0.85
2024-03-17,60.729,37.283,27.008,13.392,609.167,88.417,0.284,22.412,73.094,Copernicus S5P TROPOMI & CAMS Multi-Sensor Assimilation,0.18,0.85
2024-03-18,60.188,37.092,23.921,14.971,573.75,82.75,0.265,22.412,73.094,Copernicus S5P TROPOMI & CAMS Multi-Sensor Assimilation,0.18,0.85
2024-03-19,27.892,17.383,19.454,7.767,416.375,81.167,0.136,22.412,73.094,Copernicus S5P TROPOMI & CAMS Multi-Sensor Assimilation,0.18,0.85
2024-03-20,57.558,30.054,30.571,12.633,607.917,85.208,0.186,22.412,73.094,Copernicus S5P TROPOMI & CAMS Multi-Sensor Assimilation,0.18,0.85
2024-03-21,67.179,38.7,36.85,14.513,750.0,93.833,0.196,22.412,73.094,Copernicus S5P TROPOMI & CAMS Multi-Sensor Assimilation,0.18,0.85
2024-03-22,72.775,40.662,37.025,14.504,729.125,87.5,0.2,22.412,73.094,Copernicus S5P TROPOMI & CAMS Multi-Sensor Assimilation,0.18,0.85
2024-03-23,60.283,34.133,33.633,13.371,643.708,78.667,0.192,22.412,73.094,Copernicus S5P TROPOMI & CAMS Multi-Sensor Assimilation,0.18,0.85
2024-03-24,60.846,31.646,28.35,13.346,525.042,64.292,0.202,22.412,73.094,Copernicus S5P TROPOMI & CAMS Multi-Sensor Assimilation,0.18,0.85
2024-03-25,55.571,31.654,32.979,14.888,602.958,79.208,0.182,22.412,73.094,Copernicus S5P TROPOMI & CAMS Multi-Sensor Assimilation,0.18,0.85
2024-03-26,62.85,35.283,35.325,15.521,645.375,81.292,0.194,22.412,73.094,Copernicus S5P TROPOMI & CAMS Multi-Sensor Assimilation,0.18,0.85
2024-03-27,69.608,38.967,34.637,16.058,658.5,94.958,0.339,22.412,73.094,Copernicus S5P TROPOMI & CAMS Multi-Sensor Assimilation,0.18,0.85
2024-03-28,61.688,33.896,29.017,18.054,532.458,77.375,0.428,22.412,73.094,Copernicus S5P TROPOMI & CAMS Multi-Sensor Assimilation,0.18,0.85
2024-03-29,60.9,32.254,30.892,13.146,528.25,75.375,0.474,22.412,73.094,Copernicus S5P TROPOMI & CAMS Multi-Sensor Assimilation,0.18,0.85
2024-03-30,59.871,30.792,26.979,11.45,480.625,69.542,0.34,22.412,73.094,Copernicus S5P TROPOMI & CAMS Multi-Sensor Assimilation,0.18,0.85
2024-03-31,43.571,24.662,25.379,11.333,440.542,75.5,0.175,22.412,73.094,Copernicus S5P TROPOMI & CAMS Multi-Sensor Assimilation,0.18,0.85
2024-04-01,82.608,40.817,29.575,12.508,534.0,78.083,0.227,22.412,73.094,Copernicus S5P TROPOMI & CAMS Multi-Sensor Assimilation,0.18,0.85
2024-04-02,77.467,39.871,24.862,16.979,467.375,85.75,0.218,22.412,73.094,Copernicus S5P TROPOMI & CAMS Multi-Sensor Assimilation,0.18,0.85
2024-04-03,61.571,32.225,31.671,13.225,529.667,74.0,0.182,22.412,73.094,Copernicus S5P TROPOMI & CAMS Multi-Sensor Assimilation,0.18,0.85
2024-04-04,54.846,27.812,22.25,12.825,414.083,76.333,0.248,22.412,73.094,Copernicus S5P TROPOMI & CAMS Multi-Sensor Assimilation,0.18,0.85
2024-04-05,56.921,24.242,19.95,10.446,367.833,83.458,0.245,22.412,73.094,Copernicus S5P TROPOMI & CAMS Multi-Sensor Assimilation,0.18,0.85
2024-04-06,63.387,26.592,18.071,10.446,331.042,83.542,0.23,22.412,73.094,Copernicus S5P TROPOMI & CAMS Multi-Sensor Assimilation,0.18,0.85
2024-04-07,48.137,23.104,23.692,9.717,413.333,81.375,0.171,22.412,73.094,Copernicus S5P TROPOMI & CAMS Multi-Sensor Assimilation,0.18,0.85
2024-04-08,44.6,24.796,21.846,12.979,451.167,93.458,0.146,22.412,73.094,Copernicus S5P TROPOMI & CAMS Multi-Sensor Assimilation,0.18,0.85
2024-04-09,52.988,30.471,18.95,15.283,474.208,105.208,0.197,22.412,73.094,Copernicus S5P TROPOMI & CAMS Multi-Sensor Assimilation,0.18,0.85
2024-04-10,58.121,33.421,17.446,20.229,424.417,101.333,0.352,22.412,73.094,Copernicus S5P TROPOMI & CAMS Multi-Sensor Assimilation,0.18,0.85
2024-04-11,57.704,33.196,12.075,17.588,351.833,103.833,0.495,22.412,73.094,Copernicus S5P TROPOMI & CAMS Multi-Sensor Assimilation,0.18,0.85
2024-04-12,49.008,29.838,12.612,21.929,329.458,90.917,0.34,22.412,73.094,Copernicus S5P TROPOMI & CAMS Multi-Sensor Assimilation,0.18,0.85
2024-04-13,35.696,21.275,11.933,19.579,271.375,88.667,0.295,22.412,73.094,Copernicus S5P TROPOMI & CAMS Multi-Sensor Assimilation,0.18,0.85
2024-04-14,38.896,19.646,12.658,16.2,274.25,85.792,0.326,22.412,73.094,Copernicus S5P TROPOMI & CAMS Multi-Sensor Assimilation,0.18,0.85
2024-04-15,51.6,24.262,9.796,6.221,263.75,90.375,0.347,22.412,73.094,Copernicus S5P TROPOMI & CAMS Multi-Sensor Assimilation,0.18,0.85
2024-04-16,42.654,18.004,11.458,6.796,265.5,79.292,0.237,22.412,73.094,Copernicus S5P TROPOMI & CAMS Multi-Sensor Assimilation,0.18,0.85
2024-04-17,33.042,15.342,13.733,7.233,294.292,84.75,0.179,22.412,73.094,Copernicus S5P TROPOMI & CAMS Multi-Sensor Assimilation,0.18,0.85
2024-04-18,26.317,15.062,14.075,8.258,292.833,83.333,0.152,22.412,73.094,Copernicus S5P TROPOMI & CAMS Multi-Sensor Assimilation,0.18,0.85
2024-04-19,63.583,23.762,11.417,7.517,241.0,75.458,0.368,22.412,73.094,Copernicus S5P TROPOMI & CAMS Multi-Sensor Assimilation,0.18,0.85
2024-04-20,30.275,16.071,11.962,8.533,258.833,100.667,0.268,22.412,73.094,Copernicus S5P TROPOMI & CAMS Multi-Sensor Assimilation,0.18,0.85
2024-04-21,36.775,20.521,18.729,9.15,342.208,88.833,0.324,22.412,73.094,Copernicus S5P TROPOMI & CAMS Multi-Sensor Assimilation,0.18,0.85
2024-04-22,36.008,21.304,22.533,11.183,409.458,81.125,0.238,22.412,73.094,Copernicus S5P TROPOMI & CAMS Multi-Sensor Assimilation,0.18,0.85
2024-04-23,49.233,25.287,24.008,12.192,424.0,80.0,0.171,22.412,73.094,Copernicus S5P TROPOMI & CAMS Multi-Sensor Assimilation,0.18,0.85
2024-04-24,53.508,31.421,33.788,14.133,579.625,85.292,0.19,22.412,73.094,Copernicus S5P TROPOMI & CAMS Multi-Sensor Assimilation,0.18,0.85
2024-04-25,40.758,24.517,17.537,10.938,386.083,92.208,0.323,22.412,73.094,Copernicus S5P TROPOMI & CAMS Multi-Sensor Assimilation,0.18,0.85
2024-04-26,46.425,27.971,17.383,11.362,375.5,95.833,0.524,22.412,73.094,Copernicus S5P TROPOMI & CAMS Multi-Sensor Assimilation,0.18,0.85
2024-04-27,69.638,32.512,23.0,10.888,463.333,81.458,0.429,22.412,73.094,Copernicus S5P TROPOMI & CAMS Multi-Sensor Assimilation,0.18,0.85
2024-04-28,62.208,26.992,25.975,10.779,455.167,84.083,0.479,22.412,73.094,Copernicus S5P TROPOMI & CAMS Multi-Sensor Assimilation,0.18,0.85
2024-04-29,47.35,19.521,17.508,9.308,315.583,84.417,0.437,22.412,73.094,Copernicus S5P TROPOMI & CAMS Multi-Sensor Assimilation,0.18,0.85
2024-04-30,69.675,24.162,16.025,8.208,329.417,93.583,0.301,22.412,73.094,Copernicus S5P TROPOMI & CAMS Multi-Sensor Assimilation,0.18,0.85
2024-05-01,56.779,22.175,15.325,9.592,320.958,106.625,0.192,22.412,73.094,Copernicus S5P TROPOMI & CAMS Multi-Sensor Assimilation,0.18,0.85
2024-05-02,65.888,31.746,27.442,11.987,541.083,107.25,0.192,22.412,73.094,Copernicus S5P TROPOMI & CAMS Multi-Sensor Assimilation,0.18,0.85
2024-05-03,66.325,34.817,26.192,15.138,537.667,110.667,0.18,22.412,73.094,Copernicus S5P TROPOMI & CAMS Multi-Sensor Assimilation,0.18,0.85
2024-05-04,39.971,21.558,14.433,11.221,311.167,73.625,0.17,22.412,73.094,Copernicus S5P TROPOMI & CAMS Multi-Sensor Assimilation,0.18,0.85
2024-05-05,42.525,18.479,14.583,8.521,270.542,70.5,0.174,22.412,73.094,Copernicus S5P TROPOMI & CAMS Multi-Sensor Assimilation,0.18,0.85
2024-05-06,51.554,21.121,13.417,9.883,266.333,84.708,0.183,22.412,73.094,Copernicus S5P TROPOMI & CAMS Multi-Sensor Assimilation,0.18,0.85
2024-05-07,48.8,18.425,12.575,14.833,261.958,78.708,0.213,22.412,73.094,Copernicus S5P TROPOMI & CAMS Multi-Sensor Assimilation,0.18,0.85
2024-05-08,36.354,15.612,10.604,17.4,223.292,86.792,0.317,22.412,73.094,Copernicus S5P TROPOMI & CAMS Multi-Sensor Assimilation,0.18,0.85
2024-05-09,32.15,15.621,10.929,12.921,234.542,78.75,0.3,22.412,73.094,Copernicus S5P TROPOMI & CAMS Multi-Sensor Assimilation,0.18,0.85
2024-05-10,25.708,13.821,9.646,12.571,204.333,67.75,0.254,22.412,73.094,Copernicus S5P TROPOMI & CAMS Multi-Sensor Assimilation,0.18,0.85
2024-05-11,35.683,19.146,13.754,13.646,279.792,79.583,0.302,22.412,73.094,Copernicus S5P TROPOMI & CAMS Multi-Sensor Assimilation,0.18,0.85
2024-05-12,46.304,25.108,14.183,10.633,313.625,85.792,0.435,22.412,73.094,Copernicus S5P TROPOMI & CAMS Multi-Sensor Assimilation,0.18,0.85
2024-05-13,45.383,25.45,11.704,11.517,288.625,99.333,0.522,22.412,73.094,Copernicus S5P TROPOMI & CAMS Multi-Sensor Assimilation,0.18,0.85
2024-05-14,58.183,33.396,18.192,9.775,408.0,98.75,0.452,22.412,73.094,Copernicus S5P TROPOMI & CAMS Multi-Sensor Assimilation,0.18,0.85
2024-05-15,50.846,27.583,12.575,5.167,332.833,107.75,0.422,22.412,73.094,Copernicus S5P TROPOMI & CAMS Multi-Sensor Assimilation,0.18,0.85
2024-05-16,63.404,33.746,18.95,9.212,431.958,118.417,0.355,22.412,73.094,Copernicus S5P TROPOMI & CAMS Multi-Sensor Assimilation,0.18,0.85
2024-05-17,60.962,35.925,22.067,13.879,471.0,112.75,0.423,22.412,73.094,Copernicus S5P TROPOMI & CAMS Multi-Sensor Assimilation,0.18,0.85
2024-05-18,57.262,33.15,15.746,15.854,379.125,114.875,0.435,22.412,73.094,Copernicus S5P TROPOMI & CAMS Multi-Sensor Assimilation,0.18,0.85
2024-05-19,45.488,24.95,14.379,10.688,335.625,101.958,0.365,22.412,73.094,Copernicus S5P TROPOMI & CAMS Multi-Sensor Assimilation,0.18,0.85
2024-05-20,33.167,17.375,9.85,7.679,252.667,100.625,0.366,22.412,73.094,Copernicus S5P TROPOMI & CAMS Multi-Sensor Assimilation,0.18,0.85
2024-05-21,52.221,21.8,18.588,10.175,325.042,84.333,0.368,22.412,73.094,Copernicus S5P TROPOMI & CAMS Multi-Sensor Assimilation,0.18,0.85
2024-05-22,59.65,26.192,18.688,10.621,357.292,90.917,0.355,22.412,73.094,Copernicus S5P TROPOMI & CAMS Multi-Sensor Assimilation,0.18,0.85
2024-05-23,40.288,19.088,11.342,10.192,259.542,89.875,0.286,22.412,73.094,Copernicus S5P TROPOMI & CAMS Multi-Sensor Assimilation,0.18,0.85
2024-05-24,34.104,16.958,9.675,8.908,230.792,94.583,0.255,22.412,73.094,Copernicus S5P TROPOMI & CAMS Multi-Sensor Assimilation,0.18,0.85
2024-05-25,35.196,17.783,9.475,11.571,193.417,94.292,0.302,22.412,73.094,Copernicus S5P TROPOMI & CAMS Multi-Sensor Assimilation,0.18,0.85
2024-05-26,38.425,19.583,9.933,12.875,193.708,83.375,0.39,22.412,73.094,Copernicus S5P TROPOMI & CAMS Multi-Sensor Assimilation,0.18,0.85
2024-05-27,35.283,18.779,8.162,11.608,172.25,73.583,0.388,22.412,73.094,Copernicus S5P TROPOMI & CAMS Multi-Sensor Assimilation,0.18,0.85
2024-05-28,37.383,17.271,5.729,7.483,146.042,67.583,0.4,22.412,73.094,Copernicus S5P TROPOMI & CAMS Multi-Sensor Assimilation,0.18,0.85
2024-05-29,39.458,17.467,4.817,6.183,134.25,65.333,0.414,22.412,73.094,Copernicus S5P TROPOMI & CAMS Multi-Sensor Assimilation,0.18,0.85
2024-05-30,44.092,15.308,5.087,6.812,126.625,64.333,0.405,22.412,73.094,Copernicus S5P TROPOMI & CAMS Multi-Sensor Assimilation,0.18,0.85
2024-05-31,33.167,13.596,5.888,7.567,137.5,64.583,0.238,22.412,73.094,Copernicus S5P TROPOMI & CAMS Multi-Sensor Assimilation,0.18,0.85
2024-06-01,33.262,13.429,6.396,8.946,157.292,62.542,0.232,22.412,73.094,Copernicus S5P TROPOMI & CAMS Multi-Sensor Assimilation,0.18,0.85
2024-06-02,44.2,14.025,7.788,8.058,178.625,65.375,0.242,22.412,73.094,Copernicus S5P TROPOMI & CAMS Multi-Sensor Assimilation,0.18,0.85
2024-06-03,58.508,19.412,8.408,12.308,181.0,64.042,0.341,22.412,73.094,Copernicus S5P TROPOMI & CAMS Multi-Sensor Assimilation,0.18,0.85
2024-06-04,49.854,17.621,7.65,10.446,166.333,63.083,0.283,22.412,73.094,Copernicus S5P TROPOMI & CAMS Multi-Sensor Assimilation,0.18,0.85
2024-06-05,42.225,16.254,7.946,9.317,155.708,57.833,0.246,22.412,73.094,Copernicus S5P TROPOMI & CAMS Multi-Sensor Assimilation,0.18,0.85
2024-06-06,40.133,18.525,10.442,10.942,187.833,71.625,0.234,22.412,73.094,Copernicus S5P TROPOMI & CAMS Multi-Sensor Assimilation,0.18,0.85
2024-06-07,44.863,21.417,8.675,11.979,184.25,79.917,0.314,22.412,73.094,Copernicus S5P TROPOMI & CAMS Multi-Sensor Assimilation,0.18,0.85
2024-06-08,47.375,22.65,8.5,12.421,192.292,77.458,0.392,22.412,73.094,Copernicus S5P TROPOMI & CAMS Multi-Sensor Assimilation,0.18,0.85
2024-06-09,50.579,22.671,9.65,16.287,191.75,77.958,0.397,22.412,73.094,Copernicus S5P TROPOMI & CAMS Multi-Sensor Assimilation,0.18,0.85
2024-06-10,58.417,23.921,9.567,15.033,179.708,72.208,0.455,22.412,73.094,Copernicus S5P TROPOMI & CAMS Multi-Sensor Assimilation,0.18,0.85
2024-06-11,43.883,20.554,8.879,12.779,168.208,71.625,0.428,22.412,73.094,Copernicus S5P TROPOMI & CAMS Multi-Sensor Assimilation,0.18,0.85
2024-06-12,36.475,17.225,7.625,9.583,168.875,62.75,0.318,22.412,73.094,Copernicus S5P TROPOMI & CAMS Multi-Sensor Assimilation,0.18,0.85
2024-06-13,28.675,13.1,6.8,9.046,160.25,59.958,0.258,22.412,73.094,Copernicus S5P TROPOMI & CAMS Multi-Sensor Assimilation,0.18,0.85
2024-06-14,29.017,13.696,6.521,9.5,153.208,61.25,0.291,22.412,73.094,Copernicus S5P TROPOMI & CAMS Multi-Sensor Assimilation,0.18,0.85
2024-06-15,40.521,16.842,6.896,10.242,154.333,60.875,0.369,22.412,73.094,Copernicus S5P TROPOMI & CAMS Multi-Sensor Assimilation,0.18,0.85
2024-06-16,46.988,17.542,6.946,10.633,150.917,63.667,0.43,22.412,73.094,Copernicus S5P TROPOMI & CAMS Multi-Sensor Assimilation,0.18,0.85
2024-06-17,45.633,19.638,7.533,12.125,158.833,58.958,0.409,22.412,73.094,Copernicus S5P TROPOMI & CAMS Multi-Sensor Assimilation,0.18,0.85
2024-06-18,33.688,15.575,7.029,11.342,157.0,60.667,0.362,22.412,73.094,Copernicus S5P TROPOMI & CAMS Multi-Sensor Assimilation,0.18,0.85
2024-06-19,34.567,14.833,7.0,10.633,156.042,55.875,0.365,22.412,73.094,Copernicus S5P TROPOMI & CAMS Multi-Sensor Assimilation,0.18,0.85
2024-06-20,42.529,15.275,7.204,11.571,150.583,59.833,0.448,22.412,73.094,Copernicus S5P TROPOMI & CAMS Multi-Sensor Assimilation,0.18,0.85
2024-06-21,52.354,17.004,6.754,9.725,144.208,54.708,0.795,22.412,73.094,Copernicus S5P TROPOMI & CAMS Multi-Sensor Assimilation,0.18,0.85
2024-06-22,66.046,18.546,7.617,10.358,150.917,56.125,0.632,22.412,73.094,Copernicus S5P TROPOMI & CAMS Multi-Sensor Assimilation,0.18,0.85
2024-06-23,75.117,27.521,11.492,16.508,199.0,60.042,0.631,22.412,73.094,Copernicus S5P TROPOMI & CAMS Multi-Sensor Assimilation,0.18,0.85
2024-06-24,54.438,34.154,9.992,15.704,220.792,83.958,0.795,22.412,73.094,Copernicus S5P TROPOMI & CAMS Multi-Sensor Assimilation,0.18,0.85
2024-06-25,52.538,34.887,10.3,21.138,239.125,86.875,0.654,22.412,73.094,Copernicus S5P TROPOMI & CAMS Multi-Sensor Assimilation,0.18,0.85
2024-06-26,36.958,24.283,10.971,18.121,221.625,75.958,0.498,22.412,73.094,Copernicus S5P TROPOMI & CAMS Multi-Sensor Assimilation,0.18,0.85
2024-06-27,21.583,14.312,8.925,12.658,185.542,63.542,0.334,22.412,73.094,Copernicus S5P TROPOMI & CAMS Multi-Sensor Assimilation,0.18,0.85
2024-06-28,18.7,11.958,8.783,11.925,168.833,51.417,0.297,22.412,73.094,Copernicus S5P TROPOMI & CAMS Multi-Sensor Assimilation,0.18,0.85
2024-06-29,34.433,16.55,8.642,13.083,159.458,49.625,0.556,22.412,73.094,Copernicus S5P TROPOMI & CAMS Multi-Sensor Assimilation,0.18,0.85
2024-06-30,25.367,13.771,10.496,14.379,168.792,42.583,0.47,22.412,73.094,Copernicus S5P TROPOMI & CAMS Multi-Sensor Assimilation,0.18,0.85
2024-07-01,20.233,12.483,9.233,11.954,153.042,42.917,0.33,22.412,73.094,Copernicus S5P TROPOMI & CAMS Multi-Sensor Assimilation,0.18,0.85
2024-07-02,44.071,26.088,7.267,7.462,181.5,70.917,0.394,22.412,73.094,Copernicus S5P TROPOMI & CAMS Multi-Sensor Assimilation,0.18,0.85
2024-07-03,30.696,13.908,6.846,8.642,147.5,44.208,0.617,22.412,73.094,Copernicus S5P TROPOMI & CAMS Multi-Sensor Assimilation,0.18,0.85
2024-07-04,34.425,13.242,7.721,9.388,150.5,42.708,0.711,22.412,73.094,Copernicus S5P TROPOMI & CAMS Multi-Sensor Assimilation,0.18,0.85
2024-07-05,36.233,15.954,10.517,13.283,161.625,35.875,0.6,22.412,73.094,Copernicus S5P TROPOMI & CAMS Multi-Sensor Assimilation,0.18,0.85
2024-07-06,41.017,18.804,8.688,12.438,151.083,49.708,0.617,22.412,73.094,Copernicus S5P TROPOMI & CAMS Multi-Sensor Assimilation,0.18,0.85
2024-07-07,58.383,23.021,7.212,8.504,154.667,55.875,0.851,22.412,73.094,Copernicus S5P TROPOMI & CAMS Multi-Sensor Assimilation,0.18,0.85
2024-07-08,60.946,22.729,10.396,9.029,196.167,53.333,0.811,22.412,73.094,Copernicus S5P TROPOMI & CAMS Multi-Sensor Assimilation,0.18,0.85
2024-07-09,43.629,20.629,14.117,16.617,221.042,51.625,0.523,22.412,73.094,Copernicus S5P TROPOMI & CAMS Multi-Sensor Assimilation,0.18,0.85
2024-07-10,34.333,16.492,10.817,16.596,182.833,51.25,0.452,22.412,73.094,Copernicus S5P TROPOMI & CAMS Multi-Sensor Assimilation,0.18,0.85
2024-07-11,36.304,16.229,9.304,11.092,176.0,43.208,0.589,22.412,73.094,Copernicus S5P TROPOMI & CAMS Multi-Sensor Assimilation,0.18,0.85
2024-07-12,26.992,14.225,7.6,6.163,165.583,37.458,0.611,22.412,73.094,Copernicus S5P TROPOMI & CAMS Multi-Sensor Assimilation,0.18,0.85
2024-07-13,37.662,16.092,8.112,7.096,173.292,45.083,0.619,22.412,73.094,Copernicus S5P TROPOMI & CAMS Multi-Sensor Assimilation,0.18,0.85
2024-07-14,51.825,20.625,8.796,7.808,190.25,56.375,0.711,22.412,73.094,Copernicus S5P TROPOMI & CAMS Multi-Sensor Assimilation,0.18,0.85
2024-07-15,43.562,22.671,15.342,11.908,254.5,48.75,0.694,22.412,73.094,Copernicus S5P TROPOMI & CAMS Multi-Sensor Assimilation,0.18,0.85
2024-07-16,46.417,26.258,13.208,11.658,246.417,68.667,0.678,22.412,73.094,Copernicus S5P TROPOMI & CAMS Multi-Sensor Assimilation,0.18,0.85
2024-07-17,26.058,15.442,12.292,19.479,197.917,52.625,0.329,22.412,73.094,Copernicus S5P TROPOMI & CAMS Multi-Sensor Assimilation,0.18,0.85
2024-07-18,18.717,12.296,11.825,17.762,189.792,46.583,0.37,22.412,73.094,Copernicus S5P TROPOMI & CAMS Multi-Sensor Assimilation,0.18,0.85
2024-07-19,15.462,10.854,8.592,11.292,175.292,55.0,0.227,22.412,73.094,Copernicus S5P TROPOMI & CAMS Multi-Sensor Assimilation,0.18,0.85
2024-07-20,20.021,13.483,9.042,13.104,177.792,55.75,0.263,22.412,73.094,Copernicus S5P TROPOMI & CAMS Multi-Sensor Assimilation,0.18,0.85
2024-07-21,25.567,17.354,8.108,11.4,183.333,62.875,0.351,22.412,73.094,Copernicus S5P TROPOMI & CAMS Multi-Sensor Assimilation,0.18,0.85
2024-07-22,27.633,20.912,9.729,11.104,193.958,49.667,0.312,22.412,73.094,Copernicus S5P TROPOMI & CAMS Multi-Sensor Assimilation,0.18,0.85
2024-07-23,35.204,19.892,7.608,7.925,168.25,52.708,0.339,22.412,73.094,Copernicus S5P TROPOMI & CAMS Multi-Sensor Assimilation,0.18,0.85
2024-07-24,23.463,17.588,6.917,3.517,177.125,52.167,0.248,22.412,73.094,Copernicus S5P TROPOMI & CAMS Multi-Sensor Assimilation,0.18,0.85
2024-07-25,31.067,15.925,7.379,5.129,166.583,43.583,0.357,22.412,73.094,Copernicus S5P TROPOMI & CAMS Multi-Sensor Assimilation,0.18,0.85
2024-07-26,35.546,14.317,5.454,4.442,145.375,48.25,0.57,22.412,73.094,Copernicus S5P TROPOMI & CAMS Multi-Sensor Assimilation,0.18,0.85
2024-07-27,36.788,15.338,6.433,4.188,154.792,41.833,0.61,22.412,73.094,Copernicus S5P TROPOMI & CAMS Multi-Sensor Assimilation,0.18,0.85
2024-07-28,42.225,19.463,9.483,6.779,188.0,39.292,0.479,22.412,73.094,Copernicus S5P TROPOMI & CAMS Multi-Sensor Assimilation,0.18,0.85
2024-07-29,30.375,19.5,11.325,9.038,216.833,37.875,0.331,22.412,73.094,Copernicus S5P TROPOMI & CAMS Multi-Sensor Assimilation,0.18,0.85
2024-07-30,33.708,15.458,9.142,10.567,178.333,44.083,0.511,22.412,73.094,Copernicus S5P TROPOMI & CAMS Multi-Sensor Assimilation,0.18,0.85
2024-07-31,70.75,24.604,7.692,8.2,175.917,53.583,0.658,22.412,73.094,Copernicus S5P TROPOMI & CAMS Multi-Sensor Assimilation,0.18,0.85
2024-08-01,28.921,11.838,7.163,6.067,164.375,42.792,0.558,22.412,73.094,Copernicus S5P TROPOMI & CAMS Multi-Sensor Assimilation,0.18,0.85
2024-08-02,17.638,8.829,6.058,5.025,148.417,43.375,0.41,22.412,73.094,Copernicus S5P TROPOMI & CAMS Multi-Sensor Assimilation,0.18,0.85
2024-08-03,17.833,10.638,7.504,5.192,162.583,39.667,0.292,22.412,73.094,Copernicus S5P TROPOMI & CAMS Multi-Sensor Assimilation,0.18,0.85
2024-08-04,30.279,13.121,8.608,5.988,169.333,33.625,1.002,22.412,73.094,Copernicus S5P TROPOMI & CAMS Multi-Sensor Assimilation,0.18,0.85
2024-08-05,44.838,16.362,7.696,7.425,160.792,40.417,1.063,22.412,73.094,Copernicus S5P TROPOMI & CAMS Multi-Sensor Assimilation,0.18,0.85
2024-08-06,34.988,12.942,6.429,6.258,149.25,45.458,0.679,22.412,73.094,Copernicus S5P TROPOMI & CAMS Multi-Sensor Assimilation,0.18,0.85
2024-08-07,32.387,12.263,6.571,5.392,155.75,45.917,0.664,22.412,73.094,Copernicus S5P TROPOMI & CAMS Multi-Sensor Assimilation,0.18,0.85
2024-08-08,24.312,11.138,7.45,6.379,167.833,46.333,0.542,22.412,73.094,Copernicus S5P TROPOMI & CAMS Multi-Sensor Assimilation,0.18,0.85
2024-08-09,31.767,14.483,11.05,8.025,210.25,38.125,0.561,22.412,73.094,Copernicus S5P TROPOMI & CAMS Multi-Sensor Assimilation,0.18,0.85
2024-08-10,26.929,13.992,12.333,6.688,214.792,28.667,0.541,22.412,73.094,Copernicus S5P TROPOMI & CAMS Multi-Sensor Assimilation,0.18,0.85
2024-08-11,25.683,11.0,7.871,5.204,169.417,38.542,0.479,22.412,73.094,Copernicus S5P TROPOMI & CAMS Multi-Sensor Assimilation,0.18,0.85
2024-08-12,22.012,10.596,9.296,6.812,182.417,35.5,0.409,22.412,73.094,Copernicus S5P TROPOMI & CAMS Multi-Sensor Assimilation,0.18,0.85
2024-08-13,37.017,15.079,11.017,10.112,203.5,37.083,0.489,22.412,73.094,Copernicus S5P TROPOMI & CAMS Multi-Sensor Assimilation,0.18,0.85
2024-08-14,28.542,12.321,11.308,10.875,197.583,40.458,0.452,22.412,73.094,Copernicus S5P TROPOMI & CAMS Multi-Sensor Assimilation,0.18,0.85
2024-08-15,32.467,14.612,11.525,11.654,205.083,40.833,0.48,22.412,73.094,Copernicus S5P TROPOMI & CAMS Multi-Sensor Assimilation,0.18,0.85
2024-08-16,30.854,14.275,9.904,10.725,192.417,40.75,0.461,22.412,73.094,Copernicus S5P TROPOMI & CAMS Multi-Sensor Assimilation,0.18,0.85
2024-08-17,28.108,13.917,10.717,12.112,198.375,43.917,0.41,22.412,73.094,Copernicus S5P TROPOMI & CAMS Multi-Sensor Assimilation,0.18,0.85
2024-08-18,33.962,16.662,18.246,11.442,270.125,38.5,0.426,22.412,73.094,Copernicus S5P TROPOMI & CAMS Multi-Sensor Assimilation,0.18,0.85
2024-08-19,39.183,21.488,16.517,11.133,292.167,56.833,0.477,22.412,73.094,Copernicus S5P TROPOMI & CAMS Multi-Sensor Assimilation,0.18,0.85
2024-08-20,40.7,23.521,16.329,16.2,288.958,56.75,0.593,22.412,73.094,Copernicus S5P TROPOMI & CAMS Multi-Sensor Assimilation,0.18,0.85
2024-08-21,41.762,25.479,18.983,15.542,331.875,48.542,0.673,22.412,73.094,Copernicus S5P TROPOMI & CAMS Multi-Sensor Assimilation,0.18,0.85
2024-08-22,51.404,32.217,17.9,11.1,358.208,66.542,0.72,22.412,73.094,Copernicus S5P TROPOMI & CAMS Multi-Sensor Assimilation,0.18,0.85
2024-08-23,44.621,29.071,15.525,13.233,333.917,60.0,0.711,22.412,73.094,Copernicus S5P TROPOMI & CAMS Multi-Sensor Assimilation,0.18,0.85
2024-08-24,23.213,15.421,11.467,8.121,229.583,40.458,0.411,22.412,73.094,Copernicus S5P TROPOMI & CAMS Multi-Sensor Assimilation,0.18,0.85
2024-08-25,19.867,12.775,9.538,6.321,195.417,51.208,0.317,22.412,73.094,Copernicus S5P TROPOMI & CAMS Multi-Sensor Assimilation,0.18,0.85
2024-08-26,11.108,8.529,5.904,3.742,151.0,44.167,0.107,22.412,73.094,Copernicus S5P TROPOMI & CAMS Multi-Sensor Assimilation,0.18,0.85
2024-08-27,25.183,15.433,8.142,9.737,156.75,38.417,0.39,22.412,73.094,Copernicus S5P TROPOMI & CAMS Multi-Sensor Assimilation,0.18,0.85
2024-08-28,19.296,10.321,7.146,8.958,148.875,41.333,0.235,22.412,73.094,Copernicus S5P TROPOMI & CAMS Multi-Sensor Assimilation,0.18,0.85
2024-08-29,30.85,13.225,7.262,10.704,150.708,38.917,0.402,22.412,73.094,Copernicus S5P TROPOMI & CAMS Multi-Sensor Assimilation,0.18,0.85
2024-08-30,37.908,13.504,8.804,12.354,165.833,39.833,0.468,22.412,73.094,Copernicus S5P TROPOMI & CAMS Multi-Sensor Assimilation,0.18,0.85
2024-08-31,33.433,14.171,13.104,14.221,208.833,41.042,0.536,22.412,73.094,Copernicus S5P TROPOMI & CAMS Multi-Sensor Assimilation,0.18,0.85
2024-09-01,37.488,15.021,15.058,10.979,249.417,48.083,0.526,22.412,73.094,Copernicus S5P TROPOMI & CAMS Multi-Sensor Assimilation,0.18,0.85
2024-09-02,37.067,18.267,17.804,11.825,290.625,45.208,0.631,22.412,73.094,Copernicus S5P TROPOMI & CAMS Multi-Sensor Assimilation,0.18,0.85
2024-09-03,21.7,14.288,13.029,8.038,271.958,56.083,0.323,22.412,73.094,Copernicus S5P TROPOMI & CAMS Multi-Sensor Assimilation,0.18,0.85
2024-09-04,33.775,16.267,11.388,7.871,231.333,46.958,0.368,22.412,73.094,Copernicus S5P TROPOMI & CAMS Multi-Sensor Assimilation,0.18,0.85
2024-09-05,25.358,14.638,9.704,6.0,212.125,41.458,0.384,22.412,73.094,Copernicus S5P TROPOMI & CAMS Multi-Sensor Assimilation,0.18,0.85
2024-09-06,28.308,16.512,11.492,6.379,219.0,39.375,0.469,22.412,73.094,Copernicus S5P TROPOMI & CAMS Multi-Sensor Assimilation,0.18,0.85
2024-09-07,37.788,18.296,9.562,7.688,216.667,53.917,0.526,22.412,73.094,Copernicus S5P TROPOMI & CAMS Multi-Sensor Assimilation,0.18,0.85
2024-09-08,40.783,19.112,9.896,8.446,218.083,59.875,0.584,22.412,73.094,Copernicus S5P TROPOMI & CAMS Multi-Sensor Assimilation,0.18,0.85
2024-09-09,35.475,18.871,10.688,8.504,219.417,60.375,0.712,22.412,73.094,Copernicus S5P TROPOMI & CAMS Multi-Sensor Assimilation,0.18,0.85
2024-09-10,31.65,18.0,10.2,8.633,203.333,61.792,0.648,22.412,73.094,Copernicus S5P TROPOMI & CAMS Multi-Sensor Assimilation,0.18,0.85
2024-09-11,27.304,15.779,8.471,8.567,204.458,66.042,0.491,22.412,73.094,Copernicus S5P TROPOMI & CAMS Multi-Sensor Assimilation,0.18,0.85
2024-09-12,56.167,21.808,7.729,8.292,196.25,56.75,0.515,22.412,73.094,Copernicus S5P TROPOMI & CAMS Multi-Sensor Assimilation,0.18,0.85
2024-09-13,50.188,19.9,8.079,8.058,186.542,52.292,0.46,22.412,73.094,Copernicus S5P TROPOMI & CAMS Multi-Sensor Assimilation,0.18,0.85
2024-09-14,30.008,15.417,9.4,11.579,186.542,46.542,0.418,22.412,73.094,Copernicus S5P TROPOMI & CAMS Multi-Sensor Assimilation,0.18,0.85
2024-09-15,44.867,18.617,12.017,9.362,222.208,49.958,0.461,22.412,73.094,Copernicus S5P TROPOMI & CAMS Multi-Sensor Assimilation,0.18,0.85
2024-09-16,50.692,22.838,20.675,12.217,348.917,51.292,0.383,22.412,73.094,Copernicus S5P TROPOMI & CAMS Multi-Sensor Assimilation,0.18,0.85
2024-09-17,61.117,29.287,24.292,12.567,415.083,56.5,0.443,22.412,73.094,Copernicus S5P TROPOMI & CAMS Multi-Sensor Assimilation,0.18,0.85
2024-09-18,60.758,31.017,22.275,12.3,422.25,63.583,0.529,22.412,73.094,Copernicus S5P TROPOMI & CAMS Multi-Sensor Assimilation,0.18,0.85
2024-09-19,56.425,28.908,16.892,13.542,347.792,71.458,0.515,22.412,73.094,Copernicus S5P TROPOMI & CAMS Multi-Sensor Assimilation,0.18,0.85
2024-09-20,53.242,28.083,12.788,14.458,283.75,73.292,0.628,22.412,73.094,Copernicus S5P TROPOMI & CAMS Multi-Sensor Assimilation,0.18,0.85
2024-09-21,48.679,26.629,15.046,14.3,290.5,71.75,0.61,22.412,73.094,Copernicus S5P TROPOMI & CAMS Multi-Sensor Assimilation,0.18,0.85
2024-09-22,55.904,32.071,19.238,15.796,368.458,73.833,0.731,22.412,73.094,Copernicus S5P TROPOMI & CAMS Multi-Sensor Assimilation,0.18,0.85
2024-09-23,54.596,33.004,19.129,14.229,406.125,78.167,0.679,22.412,73.094,Copernicus S5P TROPOMI & CAMS Multi-Sensor Assimilation,0.18,0.85
2024-09-24,51.696,32.746,24.029,12.483,430.208,75.458,0.75,22.412,73.094,Copernicus S5P TROPOMI & CAMS Multi-Sensor Assimilation,0.18,0.85
2024-09-25,44.962,29.146,14.425,11.058,344.333,80.833,0.972,22.412,73.094,Copernicus S5P TROPOMI & CAMS Multi-Sensor Assimilation,0.18,0.85
2024-09-26,36.279,24.525,15.075,10.917,332.875,74.625,1.013,22.412,73.094,Copernicus S5P TROPOMI & CAMS Multi-Sensor Assimilation,0.18,0.85
2024-09-27,42.358,29.521,16.167,10.842,403.5,66.958,0.666,22.412,73.094,Copernicus S5P TROPOMI & CAMS Multi-Sensor Assimilation,0.18,0.85
2024-09-28,25.208,17.667,15.058,11.075,351.375,63.083,0.379,22.412,73.094,Copernicus S5P TROPOMI & CAMS Multi-Sensor Assimilation,0.18,0.85
2024-09-29,25.612,17.658,13.104,10.679,316.667,73.125,0.543,22.412,73.094,Copernicus S5P TROPOMI & CAMS Multi-Sensor Assimilation,0.18,0.85
2024-09-30,53.992,34.467,22.346,12.5,419.583,70.083,0.747,22.412,73.094,Copernicus S5P TROPOMI & CAMS Multi-Sensor Assimilation,0.18,0.85
2024-10-01,57.292,35.125,20.421,11.162,425.375,77.833,0.621,22.412,73.094,Copernicus S5P TROPOMI & CAMS Multi-Sensor Assimilation,0.18,0.85
2024-10-02,62.325,36.788,19.2,13.0,424.667,80.958,0.549,22.412,73.094,Copernicus S5P TROPOMI & CAMS Multi-Sensor Assimilation,0.18,0.85
2024-10-03,44.062,27.95,12.546,14.729,314.292,81.5,0.517,22.412,73.094,Copernicus S5P TROPOMI & CAMS Multi-Sensor Assimilation,0.18,0.85
2024-10-04,36.383,22.975,14.962,12.483,289.625,56.417,0.428,22.412,73.094,Copernicus S5P TROPOMI & CAMS Multi-Sensor Assimilation,0.18,0.85
2024-10-05,51.804,31.525,24.062,14.992,402.75,55.0,0.447,22.412,73.094,Copernicus S5P TROPOMI & CAMS Multi-Sensor Assimilation,0.18,0.85
2024-10-06,80.1,48.121,27.7,12.308,562.292,66.542,0.506,22.412,73.094,Copernicus S5P TROPOMI & CAMS Multi-Sensor Assimilation,0.18,0.85
2024-10-07,56.938,34.388,15.729,7.038,373.375,74.25,0.415,22.412,73.094,Copernicus S5P TROPOMI & CAMS Multi-Sensor Assimilation,0.18,0.85
2024-10-08,59.571,33.904,20.071,7.5,435.875,73.958,0.458,22.412,73.094,Copernicus S5P TROPOMI & CAMS Multi-Sensor Assimilation,0.18,0.85
2024-10-09,66.812,39.921,26.612,8.629,544.375,73.958,0.627,22.412,73.094,Copernicus S5P TROPOMI & CAMS Multi-Sensor Assimilation,0.18,0.85
2024-10-10,99.604,59.425,15.954,11.496,473.083,81.583,0.955,22.412,73.094,Copernicus S5P TROPOMI & CAMS Multi-Sensor Assimilation,0.18,0.85
2024-10-11,62.675,39.838,8.046,8.033,327.292,79.958,0.66,22.412,73.094,Copernicus S5P TROPOMI & CAMS Multi-Sensor Assimilation,0.18,0.85
2024-10-12,32.9,22.204,11.329,6.125,318.0,70.333,0.342,22.412,73.094,Copernicus S5P TROPOMI & CAMS Multi-Sensor Assimilation,0.18,0.85
2024-10-13,28.117,19.433,12.508,7.0,315.0,68.458,0.464,22.412,73.094,Copernicus S5P TROPOMI & CAMS Multi-Sensor Assimilation,0.18,0.85
2024-10-14,25.267,17.537,12.717,5.754,309.5,64.083,0.336,22.412,73.094,Copernicus S5P TROPOMI & CAMS Multi-Sensor Assimilation,0.18,0.85
2024-10-15,39.075,27.075,21.079,7.275,426.292,65.292,0.419,22.412,73.094,Copernicus S5P TROPOMI & CAMS Multi-Sensor Assimilation,0.18,0.85
2024-10-16,52.867,36.404,28.908,8.142,552.75,61.458,0.53,22.412,73.094,Copernicus S5P TROPOMI & CAMS Multi-Sensor Assimilation,0.18,0.85
2024-10-17,71.312,46.729,31.917,9.908,677.708,74.208,0.565,22.412,73.094,Copernicus S5P TROPOMI & CAMS Multi-Sensor Assimilation,0.18,0.85
2024-10-18,78.046,50.408,18.408,9.371,492.083,82.625,0.978,22.412,73.094,Copernicus S5P TROPOMI & CAMS Multi-Sensor Assimilation,0.18,0.85
2024-10-19,61.321,41.758,15.371,10.242,440.25,89.708,0.86,22.412,73.094,Copernicus S5P TROPOMI & CAMS Multi-Sensor Assimilation,0.18,0.85
2024-10-20,50.733,34.721,18.488,15.033,474.792,85.25,0.688,22.412,73.094,Copernicus S5P TROPOMI & CAMS Multi-Sensor Assimilation,0.18,0.85
2024-10-21,46.312,31.463,27.287,9.933,536.708,74.208,0.446,22.412,73.094,Copernicus S5P TROPOMI & CAMS Multi-Sensor Assimilation,0.18,0.85
2024-10-22,54.363,36.754,30.421,11.271,638.083,83.75,0.474,22.412,73.094,Copernicus S5P TROPOMI & CAMS Multi-Sensor Assimilation,0.18,0.85
2024-10-23,51.596,34.283,21.958,8.592,480.75,75.0,0.521,22.412,73.094,Copernicus S5P TROPOMI & CAMS Multi-Sensor Assimilation,0.18,0.85
2024-10-24,73.621,45.375,18.104,8.858,496.542,81.708,0.577,22.412,73.094,Copernicus S5P TROPOMI & CAMS Multi-Sensor Assimilation,0.18,0.85
2024-10-25,82.392,48.658,23.375,12.504,612.292,84.75,0.386,22.412,73.094,Copernicus S5P TROPOMI & CAMS Multi-Sensor Assimilation,0.18,0.85
2024-10-26,105.612,60.954,23.05,17.758,791.042,110.208,0.344,22.412,73.094,Copernicus S5P TROPOMI & CAMS Multi-Sensor Assimilation,0.18,0.85
2024-10-27,94.7,55.179,24.858,18.325,960.167,113.833,0.278,22.412,73.094,Copernicus S5P TROPOMI & CAMS Multi-Sensor Assimilation,0.18,0.85
2024-10-28,81.233,47.696,33.604,13.958,1218.083,86.208,0.295,22.412,73.094,Copernicus S5P TROPOMI & CAMS Multi-Sensor Assimilation,0.18,0.85
2024-10-29,87.683,49.479,30.033,18.604,855.375,94.5,0.35,22.412,73.094,Copernicus S5P TROPOMI & CAMS Multi-Sensor Assimilation,0.18,0.85
2024-10-30,57.292,32.892,23.246,10.983,915.833,81.5,0.275,22.412,73.094,Copernicus S5P TROPOMI & CAMS Multi-Sensor Assimilation,0.18,0.85
2024-10-31,49.425,30.054,22.296,8.879,743.375,76.417,0.242,22.412,73.094,Copernicus S5P TROPOMI & CAMS Multi-Sensor Assimilation,0.18,0.85
2024-11-01,48.208,29.992,22.742,9.938,824.417,75.083,0.195,22.412,73.094,Copernicus S5P TROPOMI & CAMS Multi-Sensor Assimilation,0.18,0.85
2024-11-02,48.308,30.546,25.904,10.396,941.125,82.583,0.171,22.412,73.094,Copernicus S5P TROPOMI & CAMS Multi-Sensor Assimilation,0.18,0.85
2024-11-03,51.758,32.65,22.096,10.592,758.25,79.667,0.278,22.412,73.094,Copernicus S5P TROPOMI & CAMS Multi-Sensor Assimilation,0.18,0.85
2024-11-04,51.117,32.25,21.225,11.575,581.083,80.708,0.274,22.412,73.094,Copernicus S5P TROPOMI & CAMS Multi-Sensor Assimilation,0.18,0.85
2024-11-05,53.688,32.733,16.733,9.067,599.208,80.375,0.286,22.412,73.094,Copernicus S5P TROPOMI & CAMS Multi-Sensor Assimilation,0.18,0.85
2024-11-06,74.229,44.317,13.958,8.579,589.375,87.375,0.462,22.412,73.094,Copernicus S5P TROPOMI & CAMS Multi-Sensor Assimilation,0.18,0.85
2024-11-07,92.179,54.542,19.842,10.571,621.625,88.75,0.473,22.412,73.094,Copernicus S5P TROPOMI & CAMS Multi-Sensor Assimilation,0.18,0.85
2024-11-08,67.942,41.312,23.787,10.692,558.042,77.875,0.315,22.412,73.094,Copernicus S5P TROPOMI & CAMS Multi-Sensor Assimilation,0.18,0.85
2024-11-09,67.367,42.183,29.942,10.671,569.292,72.333,0.397,22.412,73.094,Copernicus S5P TROPOMI & CAMS Multi-Sensor Assimilation,0.18,0.85
2024-11-10,71.571,44.596,31.633,9.892,472.25,71.542,0.415,22.412,73.094,Copernicus S5P TROPOMI & CAMS Multi-Sensor Assimilation,0.18,0.85
2024-11-11,65.354,40.296,25.283,8.171,701.208,69.375,0.424,22.412,73.094,Copernicus S5P TROPOMI & CAMS Multi-Sensor Assimilation,0.18,0.85
2024-11-12,77.279,54.825,42.404,10.342,731.25,61.125,0.493,22.412,73.094,Copernicus S5P TROPOMI & CAMS Multi-Sensor Assimilation,0.18,0.85
2024-11-13,67.25,61.779,44.171,9.562,655.875,63.583,0.526,22.412,73.094,Copernicus S5P TROPOMI & CAMS Multi-Sensor Assimilation,0.18,0.85
2024-11-14,54.038,50.683,33.396,9.592,676.125,73.917,0.37,22.412,73.094,Copernicus S5P TROPOMI & CAMS Multi-Sensor Assimilation,0.18,0.85
2024-11-15,55.25,52.846,37.0,10.025,630.75,75.958,0.41,22.412,73.094,Copernicus S5P TROPOMI & CAMS Multi-Sensor Assimilation,0.18,0.85
2024-11-16,62.137,60.325,42.3,10.021,611.542,74.5,0.448,22.412,73.094,Copernicus S5P TROPOMI & CAMS Multi-Sensor Assimilation,0.18,0.85
2024-11-17,49.662,48.454,37.592,9.675,529.292,70.917,0.492,22.412,73.094,Copernicus S5P TROPOMI & CAMS Multi-Sensor Assimilation,0.18,0.85
2024-11-18,58.196,56.296,36.392,9.171,581.125,68.583,0.527,22.412,73.094,Copernicus S5P TROPOMI & CAMS Multi-Sensor Assimilation,0.18,0.85
2024-11-19,67.554,64.75,27.746,10.921,560.042,75.458,0.765,22.412,73.094,Copernicus S5P TROPOMI & CAMS Multi-Sensor Assimilation,0.18,0.85
2024-11-20,58.408,56.075,21.446,10.833,538.0,80.208,0.565,22.412,73.094,Copernicus S5P TROPOMI & CAMS Multi-Sensor Assimilation,0.18,0.85
2024-11-21,49.021,46.846,24.483,10.487,473.333,78.25,0.332,22.412,73.094,Copernicus S5P TROPOMI & CAMS Multi-Sensor Assimilation,0.18,0.85
2024-11-22,64.587,62.025,27.3,11.125,502.292,75.875,0.481,22.412,73.094,Copernicus S5P TROPOMI & CAMS Multi-Sensor Assimilation,0.18,0.85
2024-11-23,78.229,74.837,26.817,12.6,588.625,82.792,0.658,22.412,73.094,Copernicus S5P TROPOMI & CAMS Multi-Sensor Assimilation,0.18,0.85
2024-11-24,90.058,85.512,28.917,12.862,570.333,81.625,0.768,22.412,73.094,Copernicus S5P TROPOMI & CAMS Multi-Sensor Assimilation,0.18,0.85
2024-11-25,73.925,66.538,27.917,8.812,567.083,68.167,0.62,22.412,73.094,Copernicus S5P TROPOMI & CAMS Multi-Sensor Assimilation,0.18,0.85
2024-11-26,48.408,44.0,28.512,9.05,559.417,64.875,0.355,22.412,73.094,Copernicus S5P TROPOMI & CAMS Multi-Sensor Assimilation,0.18,0.85
2024-11-27,36.667,33.196,32.617,9.946,617.792,68.042,0.24,22.412,73.094,Copernicus S5P TROPOMI & CAMS Multi-Sensor Assimilation,0.18,0.85
2024-11-28,39.892,35.412,29.317,8.362,491.917,63.625,0.311,22.412,73.094,Copernicus S5P TROPOMI & CAMS Multi-Sensor Assimilation,0.18,0.85
2024-11-29,37.046,34.875,14.933,8.504,507.333,83.458,0.305,22.412,73.094,Copernicus S5P TROPOMI & CAMS Multi-Sensor Assimilation,0.18,0.85
2024-11-30,47.408,45.517,13.475,9.121,415.958,89.708,0.357,22.412,73.094,Copernicus S5P TROPOMI & CAMS Multi-Sensor Assimilation,0.18,0.85
2024-12-01,57.658,54.725,16.071,10.304,448.125,90.917,0.427,22.412,73.094,Copernicus S5P TROPOMI & CAMS Multi-Sensor Assimilation,0.18,0.85
2024-12-02,50.083,48.088,15.579,10.046,449.417,86.833,0.47,22.412,73.094,Copernicus S5P TROPOMI & CAMS Multi-Sensor Assimilation,0.18,0.85
2024-12-03,37.179,36.008,12.812,9.729,419.375,85.583,0.516,22.412,73.094,Copernicus S5P TROPOMI & CAMS Multi-Sensor Assimilation,0.18,0.85
2024-12-04,40.171,38.942,11.962,10.721,433.667,88.042,0.539,22.412,73.094,Copernicus S5P TROPOMI & CAMS Multi-Sensor Assimilation,0.18,0.85
2024-12-05,40.633,38.833,15.138,11.829,451.0,82.292,0.562,22.412,73.094,Copernicus S5P TROPOMI & CAMS Multi-Sensor Assimilation,0.18,0.85
2024-12-06,31.771,30.617,20.783,12.058,551.542,75.125,0.243,22.412,73.094,Copernicus S5P TROPOMI & CAMS Multi-Sensor Assimilation,0.18,0.85
2024-12-07,33.325,31.921,32.271,12.2,718.25,62.375,0.144,22.412,73.094,Copernicus S5P TROPOMI & CAMS Multi-Sensor Assimilation,0.18,0.85
2024-12-08,27.325,26.433,24.479,12.008,592.458,67.917,0.117,22.412,73.094,Copernicus S5P TROPOMI & CAMS Multi-Sensor Assimilation,0.18,0.85
2024-12-09,14.592,12.967,16.054,6.658,351.542,66.083,0.081,22.412,73.094,Copernicus S5P TROPOMI & CAMS Multi-Sensor Assimilation,0.18,0.85
2024-12-10,22.675,22.088,11.867,11.446,412.875,82.083,0.178,22.412,73.094,Copernicus S5P TROPOMI & CAMS Multi-Sensor Assimilation,0.18,0.85
2024-12-11,20.912,20.512,13.562,9.438,417.458,82.167,0.156,22.412,73.094,Copernicus S5P TROPOMI & CAMS Multi-Sensor Assimilation,0.18,0.85
2024-12-12,24.579,24.188,13.254,9.038,416.667,78.375,0.182,22.412,73.094,Copernicus S5P TROPOMI & CAMS Multi-Sensor Assimilation,0.18,0.85
2024-12-13,27.921,27.467,9.704,15.692,366.958,91.333,0.191,22.412,73.094,Copernicus S5P TROPOMI & CAMS Multi-Sensor Assimilation,0.18,0.85
2024-12-14,23.967,22.633,11.504,10.796,432.208,90.625,0.147,22.412,73.094,Copernicus S5P TROPOMI & CAMS Multi-Sensor Assimilation,0.18,0.85
2024-12-15,19.463,19.362,16.138,10.208,442.292,82.25,0.104,22.412,73.094,Copernicus S5P TROPOMI & CAMS Multi-Sensor Assimilation,0.18,0.85
2024-12-16,20.971,20.954,19.521,11.375,493.375,80.25,0.097,22.412,73.094,Copernicus S5P TROPOMI & CAMS Multi-Sensor Assimilation,0.18,0.85
2024-12-17,38.146,38.054,30.233,16.717,718.75,74.667,0.185,22.412,73.094,Copernicus S5P TROPOMI & CAMS Multi-Sensor Assimilation,0.18,0.85
2024-12-18,49.462,48.742,31.167,16.742,656.417,80.25,0.272,22.412,73.094,Copernicus S5P TROPOMI & CAMS Multi-Sensor Assimilation,0.18,0.85
2024-12-19,64.75,63.838,35.079,20.329,744.958,78.917,0.426,22.412,73.094,Copernicus S5P TROPOMI & CAMS Multi-Sensor Assimilation,0.18,0.85
2024-12-20,79.858,79.092,25.262,24.225,683.833,90.625,0.695,22.412,73.094,Copernicus S5P TROPOMI & CAMS Multi-Sensor Assimilation,0.18,0.85
2024-12-21,71.838,71.196,28.562,14.237,672.625,78.417,0.72,22.412,73.094,Copernicus S5P TROPOMI & CAMS Multi-Sensor Assimilation,0.18,0.85
2024-12-22,92.617,91.379,26.058,25.3,551.083,82.417,1.244,22.412,73.094,Copernicus S5P TROPOMI & CAMS Multi-Sensor Assimilation,0.18,0.85
2024-12-23,110.421,108.888,29.067,29.925,577.875,69.792,1.222,22.412,73.094,Copernicus S5P TROPOMI & CAMS Multi-Sensor Assimilation,0.18,0.85
2024-12-24,78.158,75.929,18.171,16.067,703.375,81.833,0.711,22.412,73.094,Copernicus S5P TROPOMI & CAMS Multi-Sensor Assimilation,0.18,0.85
2024-12-25,92.883,91.538,17.629,11.171,565.0,71.542,0.945,22.412,73.094,Copernicus S5P TROPOMI & CAMS Multi-Sensor Assimilation,0.18,0.85
2024-12-26,101.371,100.054,23.808,13.358,687.208,73.083,1.613,22.412,73.094,Copernicus S5P TROPOMI & CAMS Multi-Sensor Assimilation,0.18,0.85
2024-12-27,90.612,88.658,22.2,15.138,688.958,80.958,1.32,22.412,73.094,Copernicus S5P TROPOMI & CAMS Multi-Sensor Assimilation,0.18,0.85
2024-12-28,102.262,100.842,16.35,12.35,646.458,74.417,1.285,22.412,73.094,Copernicus S5P TROPOMI & CAMS Multi-Sensor Assimilation,0.18,0.85
2024-12-29,64.329,63.6,10.833,10.208,484.875,74.0,0.662,22.412,73.094,Copernicus S5P TROPOMI & CAMS Multi-Sensor Assimilation,0.18,0.85
2024-12-30,52.238,51.871,12.25,8.146,488.458,74.292,0.453,22.412,73.094,Copernicus S5P TROPOMI & CAMS Multi-Sensor Assimilation,0.18,0.85
2024-12-31,50.279,49.887,17.554,11.858,569.25,76.917,0.359,22.412,73.094,Copernicus S5P TROPOMI & CAMS Multi-Sensor Assimilation,0.18,0.85
