factory_id,factory_name,date,process,electricity_kwh,natural_gas_m3,diesel_litres,production_tonnes,raw_material_tonnes,waste_tonnes,recycled_tonnes,operating_hours,category
FAC_VAD_01,Apex PetroChem & Polymers Ltd,2023-01-01,"Utility Steam Boiler, Thermic Heater, DG Set & Distillation",5495.0,412.3,6.8,37.0,41.4,0.13319999999999999,0.0373,18.0,FACTORY_OPERATIONAL_DATA
FAC_VAD_01,Apex PetroChem & Polymers Ltd,2023-01-02,"Utility Steam Boiler, Thermic Heater, DG Set & Distillation",8754.0,663.1,0.0,55.6,63.4,0.21130000000000002,0.0528,24.0,FACTORY_OPERATIONAL_DATA
FAC_VAD_01,Apex PetroChem & Polymers Ltd,2023-01-03,"Utility Steam Boiler, Thermic Heater, DG Set & Distillation",6807.0,552.8,0.0,45.7,52.1,0.1737,0.0434,24.0,FACTORY_OPERATIONAL_DATA
FAC_VAD_01,Apex PetroChem & Polymers Ltd,2023-01-04,"Utility Steam Boiler, Thermic Heater, DG Set & Distillation",7232.0,473.9,0.0,45.7,52.1,0.1737,0.0434,24.0,FACTORY_OPERATIONAL_DATA
FAC_VAD_01,Apex PetroChem & Polymers Ltd,2023-01-05,"Utility Steam Boiler, Thermic Heater, DG Set & Distillation",6248.0,514.1,0.0,42.9,48.9,0.163,0.040799999999999996,24.0,FACTORY_OPERATIONAL_DATA
FAC_VAD_01,Apex PetroChem & Polymers Ltd,2023-01-06,"Utility Steam Boiler, Thermic Heater, DG Set & Distillation",6396.0,466.9,0.0,40.9,46.6,0.1554,0.0389,24.0,FACTORY_OPERATIONAL_DATA
FAC_VAD_01,Apex PetroChem & Polymers Ltd,2023-01-07,"Utility Steam Boiler, Thermic Heater, DG Set & Distillation",6540.0,537.3,282.5,45.3,51.6,0.1721,0.043,24.0,FACTORY_OPERATIONAL_DATA
FAC_VAD_01,Apex PetroChem & Polymers Ltd,2023-01-08,"Utility Steam Boiler, Thermic Heater, DG Set & Distillation",5234.0,399.8,46.1,36.5,40.9,0.13140000000000002,0.0368,18.0,FACTORY_OPERATIONAL_DATA
FAC_VAD_01,Apex PetroChem & Polymers Ltd,2023-01-09,"Utility Steam Boiler, Thermic Heater, DG Set & Distillation",6361.0,502.2,0.0,42.9,48.9,0.163,0.040799999999999996,24.0,FACTORY_OPERATIONAL_DATA
FAC_VAD_01,Apex PetroChem & Polymers Ltd,2023-01-10,"Utility Steam Boiler, Thermic Heater, DG Set & Distillation",6930.0,587.0,0.0,48.0,54.7,0.1824,0.0456,24.0,FACTORY_OPERATIONAL_DATA
FAC_VAD_01,Apex PetroChem & Polymers Ltd,2023-01-11,"Utility Steam Boiler, Thermic Heater, DG Set & Distillation",9474.0,760.3,0.0,61.9,70.6,0.2352,0.0588,24.0,FACTORY_OPERATIONAL_DATA
FAC_VAD_01,Apex PetroChem & Polymers Ltd,2023-01-12,"Utility Steam Boiler, Thermic Heater, DG Set & Distillation",7874.0,615.4,0.0,52.4,59.7,0.1991,0.0498,24.0,FACTORY_OPERATIONAL_DATA
FAC_VAD_01,Apex PetroChem & Polymers Ltd,2023-01-13,"Utility Steam Boiler, Thermic Heater, DG Set & Distillation",7485.0,599.0,0.0,51.9,59.2,0.1972,0.0493,24.0,FACTORY_OPERATIONAL_DATA
FAC_VAD_01,Apex PetroChem & Polymers Ltd,2023-01-14,"Utility Steam Boiler, Thermic Heater, DG Set & Distillation",6512.0,522.6,411.7,43.6,49.7,0.1657,0.0414,24.0,FACTORY_OPERATIONAL_DATA
FAC_VAD_01,Apex PetroChem & Polymers Ltd,2023-01-15,"Utility Steam Boiler, Thermic Heater, DG Set & Distillation",4890.0,370.9,59.0,32.3,36.2,0.1163,0.032600000000000004,18.0,FACTORY_OPERATIONAL_DATA
FAC_VAD_01,Apex PetroChem & Polymers Ltd,2023-01-16,"Utility Steam Boiler, Thermic Heater, DG Set & Distillation",7823.0,616.7,188.9,52.7,60.1,0.2003,0.0501,24.0,FACTORY_OPERATIONAL_DATA
FAC_VAD_01,Apex PetroChem & Polymers Ltd,2023-01-17,"Utility Steam Boiler, Thermic Heater, DG Set & Distillation",6103.0,505.4,0.0,40.5,46.2,0.1539,0.0385,24.0,FACTORY_OPERATIONAL_DATA
FAC_VAD_01,Apex PetroChem & Polymers Ltd,2023-01-18,"Utility Steam Boiler, Thermic Heater, DG Set & Distillation",7384.0,561.9,0.0,45.9,52.3,0.1744,0.0436,24.0,FACTORY_OPERATIONAL_DATA
FAC_VAD_01,Apex PetroChem & Polymers Ltd,2023-01-19,"Utility Steam Boiler, Thermic Heater, DG Set & Distillation",6797.0,503.1,0.0,42.8,48.8,0.1626,0.040600000000000004,24.0,FACTORY_OPERATIONAL_DATA
FAC_VAD_01,Apex PetroChem & Polymers Ltd,2023-01-20,"Utility Steam Boiler, Thermic Heater, DG Set & Distillation",8373.0,612.7,0.0,52.0,59.3,0.1976,0.0494,24.0,FACTORY_OPERATIONAL_DATA
FAC_VAD_01,Apex PetroChem & Polymers Ltd,2023-01-21,"Utility Steam Boiler, Thermic Heater, DG Set & Distillation",6566.0,541.3,0.0,46.0,52.4,0.1748,0.0437,24.0,FACTORY_OPERATIONAL_DATA
FAC_VAD_01,Apex PetroChem & Polymers Ltd,2023-01-22,"Utility Steam Boiler, Thermic Heater, DG Set & Distillation",5755.0,435.7,21.1,39.2,43.9,0.1411,0.0395,18.0,FACTORY_OPERATIONAL_DATA
FAC_VAD_01,Apex PetroChem & Polymers Ltd,2023-01-23,"Utility Steam Boiler, Thermic Heater, DG Set & Distillation",6640.0,539.0,252.2,44.1,50.3,0.1676,0.0419,24.0,FACTORY_OPERATIONAL_DATA
FAC_VAD_01,Apex PetroChem & Polymers Ltd,2023-01-24,"Utility Steam Boiler, Thermic Heater, DG Set & Distillation",7324.0,554.2,0.0,45.9,52.3,0.1744,0.0436,24.0,FACTORY_OPERATIONAL_DATA
FAC_VAD_01,Apex PetroChem & Polymers Ltd,2023-01-25,"Utility Steam Boiler, Thermic Heater, DG Set & Distillation",6930.0,548.6,0.0,45.4,51.8,0.1725,0.0431,24.0,FACTORY_OPERATIONAL_DATA
FAC_VAD_01,Apex PetroChem & Polymers Ltd,2023-01-26,"Utility Steam Boiler, Thermic Heater, DG Set & Distillation",8228.0,615.3,24.6,52.8,60.2,0.2006,0.0501,24.0,FACTORY_OPERATIONAL_DATA
FAC_VAD_01,Apex PetroChem & Polymers Ltd,2023-01-27,"Utility Steam Boiler, Thermic Heater, DG Set & Distillation",7472.0,634.6,12.1,54.4,62.0,0.2067,0.0517,24.0,FACTORY_OPERATIONAL_DATA
FAC_VAD_01,Apex PetroChem & Polymers Ltd,2023-01-28,"Utility Steam Boiler, Thermic Heater, DG Set & Distillation",7505.0,597.8,0.0,49.7,56.7,0.1889,0.047200000000000006,24.0,FACTORY_OPERATIONAL_DATA
FAC_VAD_01,Apex PetroChem & Polymers Ltd,2023-01-29,"Utility Steam Boiler, Thermic Heater, DG Set & Distillation",6214.0,478.6,131.3,42.5,47.6,0.153,0.0428,18.0,FACTORY_OPERATIONAL_DATA
FAC_VAD_01,Apex PetroChem & Polymers Ltd,2023-01-30,"Utility Steam Boiler, Thermic Heater, DG Set & Distillation",6733.0,561.2,0.0,47.6,54.3,0.1809,0.045200000000000004,24.0,FACTORY_OPERATIONAL_DATA
FAC_VAD_01,Apex PetroChem & Polymers Ltd,2023-01-31,"Utility Steam Boiler, Thermic Heater, DG Set & Distillation",7284.0,631.5,63.9,48.3,55.1,0.1835,0.045899999999999996,24.0,FACTORY_OPERATIONAL_DATA
FAC_VAD_01,Apex PetroChem & Polymers Ltd,2023-02-01,"Utility Steam Boiler, Thermic Heater, DG Set & Distillation",7750.0,612.7,123.8,49.5,56.4,0.1881,0.047,24.0,FACTORY_OPERATIONAL_DATA
FAC_VAD_01,Apex PetroChem & Polymers Ltd,2023-02-02,"Utility Steam Boiler, Thermic Heater, DG Set & Distillation",8536.0,614.0,171.3,55.0,62.7,0.209,0.0522,24.0,FACTORY_OPERATIONAL_DATA
FAC_VAD_01,Apex PetroChem & Polymers Ltd,2023-02-03,"Utility Steam Boiler, Thermic Heater, DG Set & Distillation",8798.0,671.4,84.9,59.0,67.3,0.22419999999999998,0.056,24.0,FACTORY_OPERATIONAL_DATA
FAC_VAD_01,Apex PetroChem & Polymers Ltd,2023-02-04,"Utility Steam Boiler, Thermic Heater, DG Set & Distillation",5792.0,476.1,0.0,40.2,45.8,0.15280000000000002,0.038200000000000005,24.0,FACTORY_OPERATIONAL_DATA
FAC_VAD_01,Apex PetroChem & Polymers Ltd,2023-02-05,"Utility Steam Boiler, Thermic Heater, DG Set & Distillation",5318.0,422.6,5.9,36.9,41.3,0.1328,0.037200000000000004,18.0,FACTORY_OPERATIONAL_DATA
FAC_VAD_01,Apex PetroChem & Polymers Ltd,2023-02-06,"Utility Steam Boiler, Thermic Heater, DG Set & Distillation",6947.0,512.3,0.0,44.1,50.3,0.1676,0.0419,24.0,FACTORY_OPERATIONAL_DATA
FAC_VAD_01,Apex PetroChem & Polymers Ltd,2023-02-07,"Utility Steam Boiler, Thermic Heater, DG Set & Distillation",7115.0,527.3,9.3,41.8,47.7,0.15880000000000002,0.039700000000000006,24.0,FACTORY_OPERATIONAL_DATA
FAC_VAD_01,Apex PetroChem & Polymers Ltd,2023-02-08,"Utility Steam Boiler, Thermic Heater, DG Set & Distillation",6591.0,511.2,0.0,40.8,46.5,0.155,0.038799999999999994,24.0,FACTORY_OPERATIONAL_DATA
FAC_VAD_01,Apex PetroChem & Polymers Ltd,2023-02-09,"Utility Steam Boiler, Thermic Heater, DG Set & Distillation",6746.0,521.9,0.0,43.7,49.8,0.1661,0.0415,24.0,FACTORY_OPERATIONAL_DATA
FAC_VAD_01,Apex PetroChem & Polymers Ltd,2023-02-10,"Utility Steam Boiler, Thermic Heater, DG Set & Distillation",7516.0,600.6,0.0,49.1,56.0,0.1866,0.0466,24.0,FACTORY_OPERATIONAL_DATA
FAC_VAD_01,Apex PetroChem & Polymers Ltd,2023-02-11,"Utility Steam Boiler, Thermic Heater, DG Set & Distillation",6566.0,464.6,0.0,41.9,47.8,0.15919999999999998,0.039799999999999995,24.0,FACTORY_OPERATIONAL_DATA
FAC_VAD_01,Apex PetroChem & Polymers Ltd,2023-02-12,"Utility Steam Boiler, Thermic Heater, DG Set & Distillation",4794.0,341.4,75.7,32.0,35.8,0.1152,0.032299999999999995,18.0,FACTORY_OPERATIONAL_DATA
FAC_VAD_01,Apex PetroChem & Polymers Ltd,2023-02-13,"Utility Steam Boiler, Thermic Heater, DG Set & Distillation",8823.0,661.3,43.5,54.3,61.9,0.2063,0.0516,24.0,FACTORY_OPERATIONAL_DATA
FAC_VAD_01,Apex PetroChem & Polymers Ltd,2023-02-14,"Utility Steam Boiler, Thermic Heater, DG Set & Distillation",6604.0,494.1,0.0,43.6,49.7,0.1657,0.0414,24.0,FACTORY_OPERATIONAL_DATA
FAC_VAD_01,Apex PetroChem & Polymers Ltd,2023-02-15,"Utility Steam Boiler, Thermic Heater, DG Set & Distillation",7716.0,616.7,0.0,49.7,56.7,0.1889,0.047200000000000006,24.0,FACTORY_OPERATIONAL_DATA
FAC_VAD_01,Apex PetroChem & Polymers Ltd,2023-02-16,"Utility Steam Boiler, Thermic Heater, DG Set & Distillation",7286.0,619.1,0.0,46.7,53.2,0.1775,0.0444,24.0,FACTORY_OPERATIONAL_DATA
FAC_VAD_01,Apex PetroChem & Polymers Ltd,2023-02-17,"Utility Steam Boiler, Thermic Heater, DG Set & Distillation",6601.0,516.7,268.0,43.7,49.8,0.1661,0.0415,24.0,FACTORY_OPERATIONAL_DATA
FAC_VAD_01,Apex PetroChem & Polymers Ltd,2023-02-18,"Utility Steam Boiler, Thermic Heater, DG Set & Distillation",7069.0,577.8,0.0,47.4,54.0,0.18009999999999998,0.045,24.0,FACTORY_OPERATIONAL_DATA
FAC_VAD_01,Apex PetroChem & Polymers Ltd,2023-02-19,"Utility Steam Boiler, Thermic Heater, DG Set & Distillation",5696.0,420.0,7.4,38.1,42.7,0.1372,0.0384,18.0,FACTORY_OPERATIONAL_DATA
FAC_VAD_01,Apex PetroChem & Polymers Ltd,2023-02-20,"Utility Steam Boiler, Thermic Heater, DG Set & Distillation",8032.0,611.2,90.7,51.6,58.8,0.1961,0.049,24.0,FACTORY_OPERATIONAL_DATA
FAC_VAD_01,Apex PetroChem & Polymers Ltd,2023-02-21,"Utility Steam Boiler, Thermic Heater, DG Set & Distillation",8649.0,696.7,0.0,56.8,64.8,0.21580000000000002,0.054,24.0,FACTORY_OPERATIONAL_DATA
FAC_VAD_01,Apex PetroChem & Polymers Ltd,2023-02-22,"Utility Steam Boiler, Thermic Heater, DG Set & Distillation",7703.0,656.5,0.0,53.4,60.9,0.2029,0.0507,24.0,FACTORY_OPERATIONAL_DATA
FAC_VAD_01,Apex PetroChem & Polymers Ltd,2023-02-23,"Utility Steam Boiler, Thermic Heater, DG Set & Distillation",6659.0,518.6,0.0,43.3,49.4,0.1645,0.041100000000000005,24.0,FACTORY_OPERATIONAL_DATA
FAC_VAD_01,Apex PetroChem & Polymers Ltd,2023-02-24,"Utility Steam Boiler, Thermic Heater, DG Set & Distillation",7862.0,693.4,0.0,50.6,57.7,0.1923,0.048100000000000004,24.0,FACTORY_OPERATIONAL_DATA
FAC_VAD_01,Apex PetroChem & Polymers Ltd,2023-02-25,"Utility Steam Boiler, Thermic Heater, DG Set & Distillation",8215.0,639.5,0.0,53.7,61.2,0.2041,0.051,24.0,FACTORY_OPERATIONAL_DATA
FAC_VAD_01,Apex PetroChem & Polymers Ltd,2023-02-26,"Utility Steam Boiler, Thermic Heater, DG Set & Distillation",4528.0,353.7,25.1,31.9,35.7,0.1148,0.032100000000000004,18.0,FACTORY_OPERATIONAL_DATA
FAC_VAD_01,Apex PetroChem & Polymers Ltd,2023-02-27,"Utility Steam Boiler, Thermic Heater, DG Set & Distillation",7464.0,526.4,0.0,48.4,55.2,0.1839,0.046,24.0,FACTORY_OPERATIONAL_DATA
FAC_VAD_01,Apex PetroChem & Polymers Ltd,2023-02-28,"Utility Steam Boiler, Thermic Heater, DG Set & Distillation",6950.0,565.3,0.0,45.6,52.0,0.1733,0.0433,24.0,FACTORY_OPERATIONAL_DATA
FAC_VAD_01,Apex PetroChem & Polymers Ltd,2023-03-01,"Utility Steam Boiler, Thermic Heater, DG Set & Distillation",6094.0,516.4,5.0,42.6,48.6,0.16190000000000002,0.0405,24.0,FACTORY_OPERATIONAL_DATA
FAC_VAD_01,Apex PetroChem & Polymers Ltd,2023-03-02,"Utility Steam Boiler, Thermic Heater, DG Set & Distillation",9514.0,752.9,0.0,59.9,68.3,0.2276,0.0569,24.0,FACTORY_OPERATIONAL_DATA
FAC_VAD_01,Apex PetroChem & Polymers Ltd,2023-03-03,"Utility Steam Boiler, Thermic Heater, DG Set & Distillation",7975.0,564.2,0.0,52.1,59.4,0.198,0.0495,24.0,FACTORY_OPERATIONAL_DATA
FAC_VAD_01,Apex PetroChem & Polymers Ltd,2023-03-04,"Utility Steam Boiler, Thermic Heater, DG Set & Distillation",6730.0,498.7,16.2,45.8,52.2,0.174,0.0435,24.0,FACTORY_OPERATIONAL_DATA
FAC_VAD_01,Apex PetroChem & Polymers Ltd,2023-03-05,"Utility Steam Boiler, Thermic Heater, DG Set & Distillation",5710.0,470.7,50.2,41.6,46.6,0.14980000000000002,0.0419,18.0,FACTORY_OPERATIONAL_DATA
FAC_VAD_01,Apex PetroChem & Polymers Ltd,2023-03-06,"Utility Steam Boiler, Thermic Heater, DG Set & Distillation",6975.0,515.0,0.0,41.7,47.5,0.1585,0.0396,24.0,FACTORY_OPERATIONAL_DATA
FAC_VAD_01,Apex PetroChem & Polymers Ltd,2023-03-07,"Utility Steam Boiler, Thermic Heater, DG Set & Distillation",7702.0,609.5,0.0,53.2,60.6,0.2022,0.0505,24.0,FACTORY_OPERATIONAL_DATA
FAC_VAD_01,Apex PetroChem & Polymers Ltd,2023-03-08,"Utility Steam Boiler, Thermic Heater, DG Set & Distillation",7352.0,611.7,0.0,50.2,57.2,0.19080000000000003,0.047700000000000006,24.0,FACTORY_OPERATIONAL_DATA
FAC_VAD_01,Apex PetroChem & Polymers Ltd,2023-03-09,"Utility Steam Boiler, Thermic Heater, DG Set & Distillation",7219.0,530.5,0.0,47.7,54.4,0.18130000000000002,0.0453,24.0,FACTORY_OPERATIONAL_DATA
FAC_VAD_01,Apex PetroChem & Polymers Ltd,2023-03-10,"Utility Steam Boiler, Thermic Heater, DG Set & Distillation",8410.0,627.4,0.0,56.2,64.1,0.21359999999999998,0.053399999999999996,24.0,FACTORY_OPERATIONAL_DATA
FAC_VAD_01,Apex PetroChem & Polymers Ltd,2023-03-11,"Utility Steam Boiler, Thermic Heater, DG Set & Distillation",8107.0,576.1,0.0,48.7,55.5,0.1851,0.046299999999999994,24.0,FACTORY_OPERATIONAL_DATA
FAC_VAD_01,Apex PetroChem & Polymers Ltd,2023-03-12,"Utility Steam Boiler, Thermic Heater, DG Set & Distillation",4549.0,355.3,1.1,31.1,34.8,0.112,0.0314,18.0,FACTORY_OPERATIONAL_DATA
FAC_VAD_01,Apex PetroChem & Polymers Ltd,2023-03-13,"Utility Steam Boiler, Thermic Heater, DG Set & Distillation",6878.0,547.2,0.0,45.0,51.3,0.171,0.0428,24.0,FACTORY_OPERATIONAL_DATA
FAC_VAD_01,Apex PetroChem & Polymers Ltd,2023-03-14,"Utility Steam Boiler, Thermic Heater, DG Set & Distillation",9137.0,628.7,0.0,55.9,63.7,0.2124,0.0531,24.0,FACTORY_OPERATIONAL_DATA
FAC_VAD_01,Apex PetroChem & Polymers Ltd,2023-03-15,"Utility Steam Boiler, Thermic Heater, DG Set & Distillation",5774.0,461.7,0.0,38.2,43.5,0.1452,0.0363,24.0,FACTORY_OPERATIONAL_DATA
FAC_VAD_01,Apex PetroChem & Polymers Ltd,2023-03-16,"Utility Steam Boiler, Thermic Heater, DG Set & Distillation",7446.0,567.4,0.0,49.4,56.3,0.18769999999999998,0.0469,24.0,FACTORY_OPERATIONAL_DATA
FAC_VAD_01,Apex PetroChem & Polymers Ltd,2023-03-17,"Utility Steam Boiler, Thermic Heater, DG Set & Distillation",6809.0,521.3,0.0,45.5,51.9,0.1729,0.0432,24.0,FACTORY_OPERATIONAL_DATA
FAC_VAD_01,Apex PetroChem & Polymers Ltd,2023-03-18,"Utility Steam Boiler, Thermic Heater, DG Set & Distillation",8224.0,627.2,0.0,52.5,59.8,0.1995,0.0499,24.0,FACTORY_OPERATIONAL_DATA
FAC_VAD_01,Apex PetroChem & Polymers Ltd,2023-03-19,"Utility Steam Boiler, Thermic Heater, DG Set & Distillation",5295.0,428.3,65.8,37.5,42.0,0.135,0.0378,18.0,FACTORY_OPERATIONAL_DATA
FAC_VAD_01,Apex PetroChem & Polymers Ltd,2023-03-20,"Utility Steam Boiler, Thermic Heater, DG Set & Distillation",7664.0,568.2,0.0,47.9,54.6,0.182,0.0455,24.0,FACTORY_OPERATIONAL_DATA
FAC_VAD_01,Apex PetroChem & Polymers Ltd,2023-03-21,"Utility Steam Boiler, Thermic Heater, DG Set & Distillation",6708.0,569.8,0.0,45.0,51.3,0.171,0.0428,24.0,FACTORY_OPERATIONAL_DATA
FAC_VAD_01,Apex PetroChem & Polymers Ltd,2023-03-22,"Utility Steam Boiler, Thermic Heater, DG Set & Distillation",8489.0,643.6,0.0,54.5,62.1,0.2071,0.0518,24.0,FACTORY_OPERATIONAL_DATA
FAC_VAD_01,Apex PetroChem & Polymers Ltd,2023-03-23,"Utility Steam Boiler, Thermic Heater, DG Set & Distillation",6869.0,540.7,0.0,46.4,52.9,0.1763,0.0441,24.0,FACTORY_OPERATIONAL_DATA
FAC_VAD_01,Apex PetroChem & Polymers Ltd,2023-03-24,"Utility Steam Boiler, Thermic Heater, DG Set & Distillation",7127.0,587.2,0.0,48.5,55.3,0.18430000000000002,0.0461,24.0,FACTORY_OPERATIONAL_DATA
FAC_VAD_01,Apex PetroChem & Polymers Ltd,2023-03-25,"Utility Steam Boiler, Thermic Heater, DG Set & Distillation",8533.0,720.4,0.0,58.5,66.7,0.2223,0.055600000000000004,24.0,FACTORY_OPERATIONAL_DATA
FAC_VAD_01,Apex PetroChem & Polymers Ltd,2023-03-26,"Utility Steam Boiler, Thermic Heater, DG Set & Distillation",5435.0,429.4,2.4,37.5,42.0,0.135,0.0378,18.0,FACTORY_OPERATIONAL_DATA
FAC_VAD_01,Apex PetroChem & Polymers Ltd,2023-03-27,"Utility Steam Boiler, Thermic Heater, DG Set & Distillation",7143.0,461.0,0.0,43.5,49.6,0.1653,0.041299999999999996,24.0,FACTORY_OPERATIONAL_DATA
FAC_VAD_01,Apex PetroChem & Polymers Ltd,2023-03-28,"Utility Steam Boiler, Thermic Heater, DG Set & Distillation",6797.0,510.0,0.0,43.9,50.0,0.1668,0.0417,24.0,FACTORY_OPERATIONAL_DATA
FAC_VAD_01,Apex PetroChem & Polymers Ltd,2023-03-29,"Utility Steam Boiler, Thermic Heater, DG Set & Distillation",6932.0,522.5,0.0,45.2,51.5,0.1718,0.043,24.0,FACTORY_OPERATIONAL_DATA
FAC_VAD_01,Apex PetroChem & Polymers Ltd,2023-03-30,"Utility Steam Boiler, Thermic Heater, DG Set & Distillation",6497.0,543.9,0.0,45.6,52.0,0.1733,0.0433,24.0,FACTORY_OPERATIONAL_DATA
FAC_VAD_01,Apex PetroChem & Polymers Ltd,2023-03-31,"Utility Steam Boiler, Thermic Heater, DG Set & Distillation",6640.0,467.2,142.6,41.0,46.7,0.15580000000000002,0.039,24.0,FACTORY_OPERATIONAL_DATA
FAC_VAD_01,Apex PetroChem & Polymers Ltd,2023-04-01,"Utility Steam Boiler, Thermic Heater, DG Set & Distillation",5655.0,485.3,0.0,37.8,43.1,0.1436,0.0359,24.0,FACTORY_OPERATIONAL_DATA
FAC_VAD_01,Apex PetroChem & Polymers Ltd,2023-04-02,"Utility Steam Boiler, Thermic Heater, DG Set & Distillation",4910.0,396.8,54.8,35.0,39.2,0.126,0.0353,18.0,FACTORY_OPERATIONAL_DATA
FAC_VAD_01,Apex PetroChem & Polymers Ltd,2023-04-03,"Utility Steam Boiler, Thermic Heater, DG Set & Distillation",7242.0,598.1,0.0,50.5,57.6,0.19190000000000002,0.048,24.0,FACTORY_OPERATIONAL_DATA
FAC_VAD_01,Apex PetroChem & Polymers Ltd,2023-04-04,"Utility Steam Boiler, Thermic Heater, DG Set & Distillation",6661.0,522.4,76.7,43.8,49.9,0.1664,0.0416,24.0,FACTORY_OPERATIONAL_DATA
FAC_VAD_01,Apex PetroChem & Polymers Ltd,2023-04-05,"Utility Steam Boiler, Thermic Heater, DG Set & Distillation",7747.0,580.0,0.0,48.1,54.8,0.18280000000000002,0.045700000000000005,24.0,FACTORY_OPERATIONAL_DATA
FAC_VAD_01,Apex PetroChem & Polymers Ltd,2023-04-06,"Utility Steam Boiler, Thermic Heater, DG Set & Distillation",8570.0,653.1,0.0,52.8,60.2,0.2006,0.0501,24.0,FACTORY_OPERATIONAL_DATA
FAC_VAD_01,Apex PetroChem & Polymers Ltd,2023-04-07,"Utility Steam Boiler, Thermic Heater, DG Set & Distillation",8701.0,674.8,0.0,58.9,67.1,0.2238,0.056,24.0,FACTORY_OPERATIONAL_DATA
FAC_VAD_01,Apex PetroChem & Polymers Ltd,2023-04-08,"Utility Steam Boiler, Thermic Heater, DG Set & Distillation",6297.0,556.8,348.2,45.0,51.3,0.171,0.0428,24.0,FACTORY_OPERATIONAL_DATA
FAC_VAD_01,Apex PetroChem & Polymers Ltd,2023-04-09,"Utility Steam Boiler, Thermic Heater, DG Set & Distillation",4073.0,311.2,7.1,27.3,30.6,0.1,0.0275,18.0,FACTORY_OPERATIONAL_DATA
FAC_VAD_01,Apex PetroChem & Polymers Ltd,2023-04-10,"Utility Steam Boiler, Thermic Heater, DG Set & Distillation",8590.0,591.2,0.0,52.9,60.3,0.201,0.0502,24.0,FACTORY_OPERATIONAL_DATA
FAC_VAD_01,Apex PetroChem & Polymers Ltd,2023-04-11,"Utility Steam Boiler, Thermic Heater, DG Set & Distillation",7324.0,554.6,0.0,47.6,54.3,0.1809,0.045200000000000004,24.0,FACTORY_OPERATIONAL_DATA
FAC_VAD_01,Apex PetroChem & Polymers Ltd,2023-04-12,"Utility Steam Boiler, Thermic Heater, DG Set & Distillation",6831.0,498.6,0.0,42.5,48.4,0.1615,0.0404,24.0,FACTORY_OPERATIONAL_DATA
FAC_VAD_01,Apex PetroChem & Polymers Ltd,2023-04-13,"Utility Steam Boiler, Thermic Heater, DG Set & Distillation",7298.0,559.1,0.0,47.5,54.1,0.1805,0.0451,24.0,FACTORY_OPERATIONAL_DATA
FAC_VAD_01,Apex PetroChem & Polymers Ltd,2023-04-14,"Utility Steam Boiler, Thermic Heater, DG Set & Distillation",7538.0,584.2,0.0,49.5,56.4,0.1881,0.047,24.0,FACTORY_OPERATIONAL_DATA
FAC_VAD_01,Apex PetroChem & Polymers Ltd,2023-04-15,"Utility Steam Boiler, Thermic Heater, DG Set & Distillation",6642.0,507.5,0.0,46.4,52.9,0.1763,0.0441,24.0,FACTORY_OPERATIONAL_DATA
FAC_VAD_01,Apex PetroChem & Polymers Ltd,2023-04-16,"Utility Steam Boiler, Thermic Heater, DG Set & Distillation",5635.0,392.5,4.8,37.1,41.6,0.1336,0.037399999999999996,18.0,FACTORY_OPERATIONAL_DATA
FAC_VAD_01,Apex PetroChem & Polymers Ltd,2023-04-17,"Utility Steam Boiler, Thermic Heater, DG Set & Distillation",7513.0,631.7,0.0,49.2,56.1,0.187,0.046799999999999994,24.0,FACTORY_OPERATIONAL_DATA
FAC_VAD_01,Apex PetroChem & Polymers Ltd,2023-04-18,"Utility Steam Boiler, Thermic Heater, DG Set & Distillation",9008.0,710.0,0.0,55.8,63.6,0.212,0.053,24.0,FACTORY_OPERATIONAL_DATA
FAC_VAD_01,Apex PetroChem & Polymers Ltd,2023-04-19,"Utility Steam Boiler, Thermic Heater, DG Set & Distillation",6968.0,499.5,13.9,42.9,48.9,0.163,0.040799999999999996,24.0,FACTORY_OPERATIONAL_DATA
FAC_VAD_01,Apex PetroChem & Polymers Ltd,2023-04-20,"Utility Steam Boiler, Thermic Heater, DG Set & Distillation",8398.0,793.4999999999999,0.0,52.4,59.7,0.248875,0.0498,24.0,FACTORY_OPERATIONAL_DATA
FAC_VAD_01,Apex PetroChem & Polymers Ltd,2023-04-21,"Utility Steam Boiler, Thermic Heater, DG Set & Distillation",7549.0,785.2199999999999,0.0,46.7,53.2,0.221875,0.0444,24.0,FACTORY_OPERATIONAL_DATA
FAC_VAD_01,Apex PetroChem & Polymers Ltd,2023-04-22,"Utility Steam Boiler, Thermic Heater, DG Set & Distillation",7456.0,822.066,0.0,48.4,55.2,0.229875,0.046,24.0,FACTORY_OPERATIONAL_DATA
FAC_VAD_01,Apex PetroChem & Polymers Ltd,2023-04-23,"Utility Steam Boiler, Thermic Heater, DG Set & Distillation",4166.0,434.7,27.1,28.2,31.6,0.126875,0.028399999999999998,18.0,FACTORY_OPERATIONAL_DATA
FAC_VAD_01,Apex PetroChem & Polymers Ltd,2023-04-24,"Utility Steam Boiler, Thermic Heater, DG Set & Distillation",6833.0,817.098,7.5,47.8,54.5,0.227,0.045399999999999996,24.0,FACTORY_OPERATIONAL_DATA
FAC_VAD_01,Apex PetroChem & Polymers Ltd,2023-04-25,"Utility Steam Boiler, Thermic Heater, DG Set & Distillation",6684.0,708.9060000000001,0.0,42.5,48.4,0.201875,0.0404,24.0,FACTORY_OPERATIONAL_DATA
FAC_VAD_01,Apex PetroChem & Polymers Ltd,2023-04-26,"Utility Steam Boiler, Thermic Heater, DG Set & Distillation",7219.0,723.2579999999999,4.0,46.5,53.0,0.220875,0.0442,24.0,FACTORY_OPERATIONAL_DATA
FAC_VAD_01,Apex PetroChem & Polymers Ltd,2023-04-27,"Utility Steam Boiler, Thermic Heater, DG Set & Distillation",6853.0,710.2860000000001,43.0,45.3,51.6,0.215125,0.043,24.0,FACTORY_OPERATIONAL_DATA
FAC_VAD_01,Apex PetroChem & Polymers Ltd,2023-04-28,"Utility Steam Boiler, Thermic Heater, DG Set & Distillation",6516.0,764.796,152.6,42.8,48.8,0.20325,0.040600000000000004,24.0,FACTORY_OPERATIONAL_DATA
FAC_VAD_01,Apex PetroChem & Polymers Ltd,2023-04-29,"Utility Steam Boiler, Thermic Heater, DG Set & Distillation",6730.0,530.4,0.0,44.5,50.7,0.1691,0.0423,24.0,FACTORY_OPERATIONAL_DATA
FAC_VAD_01,Apex PetroChem & Polymers Ltd,2023-04-30,"Utility Steam Boiler, Thermic Heater, DG Set & Distillation",5060.0,370.9,9.4,34.1,38.2,0.12279999999999999,0.0344,18.0,FACTORY_OPERATIONAL_DATA
FAC_VAD_01,Apex PetroChem & Polymers Ltd,2023-05-01,"Utility Steam Boiler, Thermic Heater, DG Set & Distillation",6629.0,492.3,0.0,46.6,53.1,0.1771,0.0443,24.0,FACTORY_OPERATIONAL_DATA
FAC_VAD_01,Apex PetroChem & Polymers Ltd,2023-05-02,"Utility Steam Boiler, Thermic Heater, DG Set & Distillation",8033.0,667.9,0.0,54.8,62.5,0.2082,0.052,24.0,FACTORY_OPERATIONAL_DATA
FAC_VAD_01,Apex PetroChem & Polymers Ltd,2023-05-03,"Utility Steam Boiler, Thermic Heater, DG Set & Distillation",9598.0,776.1,0.0,63.4,72.3,0.2409,0.060200000000000004,24.0,FACTORY_OPERATIONAL_DATA
FAC_VAD_01,Apex PetroChem & Polymers Ltd,2023-05-04,"Utility Steam Boiler, Thermic Heater, DG Set & Distillation",6295.0,489.5,0.0,43.2,49.2,0.16419999999999998,0.041,24.0,FACTORY_OPERATIONAL_DATA
FAC_VAD_01,Apex PetroChem & Polymers Ltd,2023-05-05,"Utility Steam Boiler, Thermic Heater, DG Set & Distillation",7316.0,501.6,0.0,44.8,51.1,0.1702,0.0425,24.0,FACTORY_OPERATIONAL_DATA
FAC_VAD_01,Apex PetroChem & Polymers Ltd,2023-05-06,"Utility Steam Boiler, Thermic Heater, DG Set & Distillation",7964.0,596.5,0.0,52.4,59.7,0.1991,0.0498,24.0,FACTORY_OPERATIONAL_DATA
FAC_VAD_01,Apex PetroChem & Polymers Ltd,2023-05-07,"Utility Steam Boiler, Thermic Heater, DG Set & Distillation",5752.0,468.4,13.4,41.1,46.0,0.148,0.0414,18.0,FACTORY_OPERATIONAL_DATA
FAC_VAD_01,Apex PetroChem & Polymers Ltd,2023-05-08,"Utility Steam Boiler, Thermic Heater, DG Set & Distillation",6751.0,589.5,0.0,47.0,53.6,0.17859999999999998,0.0446,24.0,FACTORY_OPERATIONAL_DATA
FAC_VAD_01,Apex PetroChem & Polymers Ltd,2023-05-09,"Utility Steam Boiler, Thermic Heater, DG Set & Distillation",6037.0,497.9,31.9,41.0,46.7,0.15580000000000002,0.039,24.0,FACTORY_OPERATIONAL_DATA
FAC_VAD_01,Apex PetroChem & Polymers Ltd,2023-05-10,"Utility Steam Boiler, Thermic Heater, DG Set & Distillation",6682.0,539.3,0.0,45.6,52.0,0.1733,0.0433,24.0,FACTORY_OPERATIONAL_DATA
FAC_VAD_01,Apex PetroChem & Polymers Ltd,2023-05-11,"Utility Steam Boiler, Thermic Heater, DG Set & Distillation",7671.0,587.9,0.0,50.0,57.0,0.19,0.0475,24.0,FACTORY_OPERATIONAL_DATA
FAC_VAD_01,Apex PetroChem & Polymers Ltd,2023-05-12,"Utility Steam Boiler, Thermic Heater, DG Set & Distillation",7216.0,595.4,0.0,49.4,56.3,0.18769999999999998,0.0469,24.0,FACTORY_OPERATIONAL_DATA
FAC_VAD_01,Apex PetroChem & Polymers Ltd,2023-05-13,"Utility Steam Boiler, Thermic Heater, DG Set & Distillation",9126.0,727.3,37.2,58.2,66.3,0.22119999999999998,0.055299999999999995,24.0,FACTORY_OPERATIONAL_DATA
FAC_VAD_01,Apex PetroChem & Polymers Ltd,2023-05-14,"Utility Steam Boiler, Thermic Heater, DG Set & Distillation",4092.0,362.6,11.1,32.0,35.8,0.1152,0.032299999999999995,18.0,FACTORY_OPERATIONAL_DATA
FAC_VAD_01,Apex PetroChem & Polymers Ltd,2023-05-15,"Utility Steam Boiler, Thermic Heater, DG Set & Distillation",7685.0,559.1,62.3,49.3,56.2,0.18730000000000002,0.046799999999999994,24.0,FACTORY_OPERATIONAL_DATA
FAC_VAD_01,Apex PetroChem & Polymers Ltd,2023-05-16,"Utility Steam Boiler, Thermic Heater, DG Set & Distillation",6049.0,452.2,0.0,39.7,45.3,0.1509,0.037700000000000004,24.0,FACTORY_OPERATIONAL_DATA
FAC_VAD_01,Apex PetroChem & Polymers Ltd,2023-05-17,"Utility Steam Boiler, Thermic Heater, DG Set & Distillation",7172.0,550.0,0.0,45.0,51.3,0.171,0.0428,24.0,FACTORY_OPERATIONAL_DATA
FAC_VAD_01,Apex PetroChem & Polymers Ltd,2023-05-18,"Utility Steam Boiler, Thermic Heater, DG Set & Distillation",7650.0,550.6,0.0,51.9,59.2,0.1972,0.0493,24.0,FACTORY_OPERATIONAL_DATA
FAC_VAD_01,Apex PetroChem & Polymers Ltd,2023-05-19,"Utility Steam Boiler, Thermic Heater, DG Set & Distillation",7564.0,578.1,0.0,48.8,55.6,0.1854,0.0464,24.0,FACTORY_OPERATIONAL_DATA
FAC_VAD_01,Apex PetroChem & Polymers Ltd,2023-05-20,"Utility Steam Boiler, Thermic Heater, DG Set & Distillation",8373.0,668.1,17.0,55.9,63.7,0.2124,0.0531,24.0,FACTORY_OPERATIONAL_DATA
FAC_VAD_01,Apex PetroChem & Polymers Ltd,2023-05-21,"Utility Steam Boiler, Thermic Heater, DG Set & Distillation",5365.0,403.6,17.8,36.6,41.0,0.1318,0.036899999999999995,18.0,FACTORY_OPERATIONAL_DATA
FAC_VAD_01,Apex PetroChem & Polymers Ltd,2023-05-22,"Utility Steam Boiler, Thermic Heater, DG Set & Distillation",9161.0,682.4,0.0,58.4,66.6,0.22190000000000001,0.0555,24.0,FACTORY_OPERATIONAL_DATA
FAC_VAD_01,Apex PetroChem & Polymers Ltd,2023-05-23,"Utility Steam Boiler, Thermic Heater, DG Set & Distillation",5184.0,420.8,0.0,37.8,43.1,0.1436,0.0359,24.0,FACTORY_OPERATIONAL_DATA
FAC_VAD_01,Apex PetroChem & Polymers Ltd,2023-05-24,"Utility Steam Boiler, Thermic Heater, DG Set & Distillation",7027.0,505.7,0.0,46.2,52.7,0.1756,0.0439,24.0,FACTORY_OPERATIONAL_DATA
FAC_VAD_01,Apex PetroChem & Polymers Ltd,2023-05-25,"Utility Steam Boiler, Thermic Heater, DG Set & Distillation",7990.0,559.5,267.0,52.1,59.4,0.198,0.0495,24.0,FACTORY_OPERATIONAL_DATA
FAC_VAD_01,Apex PetroChem & Polymers Ltd,2023-05-26,"Utility Steam Boiler, Thermic Heater, DG Set & Distillation",8232.0,575.5,150.1,51.9,59.2,0.1972,0.0493,24.0,FACTORY_OPERATIONAL_DATA
FAC_VAD_01,Apex PetroChem & Polymers Ltd,2023-05-27,"Utility Steam Boiler, Thermic Heater, DG Set & Distillation",7837.0,660.9,35.5,51.2,58.4,0.1946,0.048600000000000004,24.0,FACTORY_OPERATIONAL_DATA
FAC_VAD_01,Apex PetroChem & Polymers Ltd,2023-05-28,"Utility Steam Boiler, Thermic Heater, DG Set & Distillation",5049.0,415.7,1.4,36.0,40.3,0.1296,0.0363,18.0,FACTORY_OPERATIONAL_DATA
FAC_VAD_01,Apex PetroChem & Polymers Ltd,2023-05-29,"Utility Steam Boiler, Thermic Heater, DG Set & Distillation",8332.0,665.0,0.0,55.5,63.3,0.2109,0.052700000000000004,24.0,FACTORY_OPERATIONAL_DATA
FAC_VAD_01,Apex PetroChem & Polymers Ltd,2023-05-30,"Utility Steam Boiler, Thermic Heater, DG Set & Distillation",7626.0,608.0,0.0,52.1,59.4,0.198,0.0495,24.0,FACTORY_OPERATIONAL_DATA
FAC_VAD_01,Apex PetroChem & Polymers Ltd,2023-05-31,"Utility Steam Boiler, Thermic Heater, DG Set & Distillation",7266.0,527.8,0.0,45.9,52.3,0.1744,0.0436,24.0,FACTORY_OPERATIONAL_DATA
FAC_VAD_01,Apex PetroChem & Polymers Ltd,2023-06-01,"Utility Steam Boiler, Thermic Heater, DG Set & Distillation",8604.0,634.6,0.0,52.9,60.3,0.201,0.0502,24.0,FACTORY_OPERATIONAL_DATA
FAC_VAD_01,Apex PetroChem & Polymers Ltd,2023-06-02,"Utility Steam Boiler, Thermic Heater, DG Set & Distillation",6542.0,491.0,0.0,42.7,48.7,0.1623,0.040600000000000004,24.0,FACTORY_OPERATIONAL_DATA
FAC_VAD_01,Apex PetroChem & Polymers Ltd,2023-06-03,"Utility Steam Boiler, Thermic Heater, DG Set & Distillation",7918.0,632.3,83.8,52.2,59.5,0.1984,0.0496,24.0,FACTORY_OPERATIONAL_DATA
FAC_VAD_01,Apex PetroChem & Polymers Ltd,2023-06-04,"Utility Steam Boiler, Thermic Heater, DG Set & Distillation",6518.0,503.7,47.7,44.8,50.2,0.1613,0.045200000000000004,18.0,FACTORY_OPERATIONAL_DATA
FAC_VAD_01,Apex PetroChem & Polymers Ltd,2023-06-05,"Utility Steam Boiler, Thermic Heater, DG Set & Distillation",7976.0,614.3,81.6,51.6,58.8,0.1961,0.049,24.0,FACTORY_OPERATIONAL_DATA
FAC_VAD_01,Apex PetroChem & Polymers Ltd,2023-06-06,"Utility Steam Boiler, Thermic Heater, DG Set & Distillation",6333.0,534.5,0.0,41.3,47.1,0.1569,0.039200000000000006,24.0,FACTORY_OPERATIONAL_DATA
FAC_VAD_01,Apex PetroChem & Polymers Ltd,2023-06-07,"Utility Steam Boiler, Thermic Heater, DG Set & Distillation",7334.0,547.6,0.0,48.5,55.3,0.18430000000000002,0.0461,24.0,FACTORY_OPERATIONAL_DATA
FAC_VAD_01,Apex PetroChem & Polymers Ltd,2023-06-08,"Utility Steam Boiler, Thermic Heater, DG Set & Distillation",9050.0,729.4,0.0,60.7,69.2,0.2307,0.0577,24.0,FACTORY_OPERATIONAL_DATA
FAC_VAD_01,Apex PetroChem & Polymers Ltd,2023-06-09,"Utility Steam Boiler, Thermic Heater, DG Set & Distillation",6693.0,532.8,0.0,47.3,53.9,0.1797,0.044899999999999995,24.0,FACTORY_OPERATIONAL_DATA
FAC_VAD_01,Apex PetroChem & Polymers Ltd,2023-06-10,"Utility Steam Boiler, Thermic Heater, DG Set & Distillation",7510.0,569.1,0.0,46.9,53.5,0.1782,0.0445,24.0,FACTORY_OPERATIONAL_DATA
FAC_VAD_01,Apex PetroChem & Polymers Ltd,2023-06-11,"Utility Steam Boiler, Thermic Heater, DG Set & Distillation",4296.0,351.1,6.1,31.7,35.5,0.1141,0.0319,18.0,FACTORY_OPERATIONAL_DATA
FAC_VAD_01,Apex PetroChem & Polymers Ltd,2023-06-12,"Utility Steam Boiler, Thermic Heater, DG Set & Distillation",7537.0,533.4,0.0,48.0,54.7,0.1824,0.0456,24.0,FACTORY_OPERATIONAL_DATA
FAC_VAD_01,Apex PetroChem & Polymers Ltd,2023-06-13,"Utility Steam Boiler, Thermic Heater, DG Set & Distillation",7512.0,603.2,103.5,47.2,53.8,0.1794,0.044899999999999995,24.0,FACTORY_OPERATIONAL_DATA
FAC_VAD_01,Apex PetroChem & Polymers Ltd,2023-06-14,"Utility Steam Boiler, Thermic Heater, DG Set & Distillation",7870.0,523.4,131.7,46.7,53.2,0.1775,0.0444,24.0,FACTORY_OPERATIONAL_DATA
FAC_VAD_01,Apex PetroChem & Polymers Ltd,2023-06-15,"Utility Steam Boiler, Thermic Heater, DG Set & Distillation",7298.0,574.9,20.1,48.3,55.1,0.1835,0.045899999999999996,24.0,FACTORY_OPERATIONAL_DATA
FAC_VAD_01,Apex PetroChem & Polymers Ltd,2023-06-16,"Utility Steam Boiler, Thermic Heater, DG Set & Distillation",7052.0,550.5,0.0,47.8,54.5,0.18159999999999998,0.045399999999999996,24.0,FACTORY_OPERATIONAL_DATA
FAC_VAD_01,Apex PetroChem & Polymers Ltd,2023-06-17,"Utility Steam Boiler, Thermic Heater, DG Set & Distillation",6574.0,607.0,0.0,48.5,55.3,0.18430000000000002,0.0461,24.0,FACTORY_OPERATIONAL_DATA
FAC_VAD_01,Apex PetroChem & Polymers Ltd,2023-06-18,"Utility Steam Boiler, Thermic Heater, DG Set & Distillation",5731.0,416.9,79.2,40.0,44.8,0.144,0.040299999999999996,18.0,FACTORY_OPERATIONAL_DATA
FAC_VAD_01,Apex PetroChem & Polymers Ltd,2023-06-19,"Utility Steam Boiler, Thermic Heater, DG Set & Distillation",7166.0,540.2,0.0,46.1,52.6,0.1752,0.0438,24.0,FACTORY_OPERATIONAL_DATA
FAC_VAD_01,Apex PetroChem & Polymers Ltd,2023-06-20,"Utility Steam Boiler, Thermic Heater, DG Set & Distillation",6726.0,544.1,23.8,42.4,48.3,0.1611,0.040299999999999996,24.0,FACTORY_OPERATIONAL_DATA
FAC_VAD_01,Apex PetroChem & Polymers Ltd,2023-06-21,"Utility Steam Boiler, Thermic Heater, DG Set & Distillation",7930.0,660.0,10.4,54.4,62.0,0.2067,0.0517,24.0,FACTORY_OPERATIONAL_DATA
FAC_VAD_01,Apex PetroChem & Polymers Ltd,2023-06-22,"Utility Steam Boiler, Thermic Heater, DG Set & Distillation",6534.0,548.0,26.5,45.4,51.8,0.1725,0.0431,24.0,FACTORY_OPERATIONAL_DATA
FAC_VAD_01,Apex PetroChem & Polymers Ltd,2023-06-23,"Utility Steam Boiler, Thermic Heater, DG Set & Distillation",7976.0,626.7,0.0,51.6,58.8,0.1961,0.049,24.0,FACTORY_OPERATIONAL_DATA
FAC_VAD_01,Apex PetroChem & Polymers Ltd,2023-06-24,"Utility Steam Boiler, Thermic Heater, DG Set & Distillation",8345.0,638.0,0.0,56.2,64.1,0.21359999999999998,0.053399999999999996,24.0,FACTORY_OPERATIONAL_DATA
FAC_VAD_01,Apex PetroChem & Polymers Ltd,2023-06-25,"Utility Steam Boiler, Thermic Heater, DG Set & Distillation",4288.0,355.5,21.9,31.3,35.1,0.11270000000000001,0.0316,18.0,FACTORY_OPERATIONAL_DATA
FAC_VAD_01,Apex PetroChem & Polymers Ltd,2023-06-26,"Utility Steam Boiler, Thermic Heater, DG Set & Distillation",6748.0,472.8,0.0,41.8,47.7,0.15880000000000002,0.039700000000000006,24.0,FACTORY_OPERATIONAL_DATA
FAC_VAD_01,Apex PetroChem & Polymers Ltd,2023-06-27,"Utility Steam Boiler, Thermic Heater, DG Set & Distillation",6485.0,430.5,0.0,39.2,44.7,0.149,0.037200000000000004,24.0,FACTORY_OPERATIONAL_DATA
FAC_VAD_01,Apex PetroChem & Polymers Ltd,2023-06-28,"Utility Steam Boiler, Thermic Heater, DG Set & Distillation",6250.0,448.9,0.0,39.2,44.7,0.149,0.037200000000000004,24.0,FACTORY_OPERATIONAL_DATA
FAC_VAD_01,Apex PetroChem & Polymers Ltd,2023-06-29,"Utility Steam Boiler, Thermic Heater, DG Set & Distillation",7249.0,554.9,0.0,47.8,54.5,0.18159999999999998,0.045399999999999996,24.0,FACTORY_OPERATIONAL_DATA
FAC_VAD_01,Apex PetroChem & Polymers Ltd,2023-06-30,"Utility Steam Boiler, Thermic Heater, DG Set & Distillation",8751.0,710.6,0.0,58.8,67.0,0.22340000000000002,0.0559,24.0,FACTORY_OPERATIONAL_DATA
FAC_VAD_01,Apex PetroChem & Polymers Ltd,2023-07-01,"Utility Steam Boiler, Thermic Heater, DG Set & Distillation",7081.0,542.1,30.2,45.9,52.3,0.1744,0.0436,24.0,FACTORY_OPERATIONAL_DATA
FAC_VAD_01,Apex PetroChem & Polymers Ltd,2023-07-02,"Utility Steam Boiler, Thermic Heater, DG Set & Distillation",5273.0,386.3,42.2,35.8,40.1,0.12890000000000001,0.0361,18.0,FACTORY_OPERATIONAL_DATA
FAC_VAD_01,Apex PetroChem & Polymers Ltd,2023-07-03,"Utility Steam Boiler, Thermic Heater, DG Set & Distillation",6162.0,454.4,14.0,39.5,45.0,0.15009999999999998,0.0375,24.0,FACTORY_OPERATIONAL_DATA
FAC_VAD_01,Apex PetroChem & Polymers Ltd,2023-07-04,"Utility Steam Boiler, Thermic Heater, DG Set & Distillation",8226.0,701.2,0.0,56.1,64.0,0.2132,0.0533,24.0,FACTORY_OPERATIONAL_DATA
FAC_VAD_01,Apex PetroChem & Polymers Ltd,2023-07-05,"Utility Steam Boiler, Thermic Heater, DG Set & Distillation",7307.0,551.1,0.0,50.6,57.7,0.1923,0.048100000000000004,24.0,FACTORY_OPERATIONAL_DATA
FAC_VAD_01,Apex PetroChem & Polymers Ltd,2023-07-06,"Utility Steam Boiler, Thermic Heater, DG Set & Distillation",6607.0,551.3,0.0,46.3,52.8,0.1759,0.044,24.0,FACTORY_OPERATIONAL_DATA
FAC_VAD_01,Apex PetroChem & Polymers Ltd,2023-07-07,"Utility Steam Boiler, Thermic Heater, DG Set & Distillation",7331.0,577.5,0.0,50.9,58.0,0.19340000000000002,0.0484,24.0,FACTORY_OPERATIONAL_DATA
FAC_VAD_01,Apex PetroChem & Polymers Ltd,2023-07-08,"Utility Steam Boiler, Thermic Heater, DG Set & Distillation",8361.0,556.8,0.0,50.9,58.0,0.19340000000000002,0.0484,24.0,FACTORY_OPERATIONAL_DATA
FAC_VAD_01,Apex PetroChem & Polymers Ltd,2023-07-09,"Utility Steam Boiler, Thermic Heater, DG Set & Distillation",5041.0,365.7,1.3,33.8,37.9,0.1217,0.0341,18.0,FACTORY_OPERATIONAL_DATA
FAC_VAD_01,Apex PetroChem & Polymers Ltd,2023-07-10,"Utility Steam Boiler, Thermic Heater, DG Set & Distillation",7750.0,563.8,0.0,51.0,58.1,0.1938,0.0485,24.0,FACTORY_OPERATIONAL_DATA
FAC_VAD_01,Apex PetroChem & Polymers Ltd,2023-07-11,"Utility Steam Boiler, Thermic Heater, DG Set & Distillation",6583.0,556.2,7.4,44.7,51.0,0.1699,0.0425,24.0,FACTORY_OPERATIONAL_DATA
FAC_VAD_01,Apex PetroChem & Polymers Ltd,2023-07-12,"Utility Steam Boiler, Thermic Heater, DG Set & Distillation",7078.0,608.3,162.4,47.8,54.5,0.18159999999999998,0.045399999999999996,24.0,FACTORY_OPERATIONAL_DATA
FAC_VAD_01,Apex PetroChem & Polymers Ltd,2023-07-13,"Utility Steam Boiler, Thermic Heater, DG Set & Distillation",8971.0,689.6,0.0,57.1,65.1,0.217,0.054200000000000005,24.0,FACTORY_OPERATIONAL_DATA
FAC_VAD_01,Apex PetroChem & Polymers Ltd,2023-07-14,"Utility Steam Boiler, Thermic Heater, DG Set & Distillation",5563.0,491.2,0.0,39.2,44.7,0.149,0.037200000000000004,24.0,FACTORY_OPERATIONAL_DATA
FAC_VAD_01,Apex PetroChem & Polymers Ltd,2023-07-15,"Utility Steam Boiler, Thermic Heater, DG Set & Distillation",7312.0,562.9,0.0,46.9,53.5,0.1782,0.0445,24.0,FACTORY_OPERATIONAL_DATA
FAC_VAD_01,Apex PetroChem & Polymers Ltd,2023-07-16,"Utility Steam Boiler, Thermic Heater, DG Set & Distillation",5724.0,465.1,26.9,40.1,44.9,0.1444,0.0404,18.0,FACTORY_OPERATIONAL_DATA
FAC_VAD_01,Apex PetroChem & Polymers Ltd,2023-07-17,"Utility Steam Boiler, Thermic Heater, DG Set & Distillation",7845.0,614.9,79.7,51.2,58.4,0.1946,0.048600000000000004,24.0,FACTORY_OPERATIONAL_DATA
FAC_VAD_01,Apex PetroChem & Polymers Ltd,2023-07-18,"Utility Steam Boiler, Thermic Heater, DG Set & Distillation",6463.0,529.0,0.0,42.6,48.6,0.16190000000000002,0.0405,24.0,FACTORY_OPERATIONAL_DATA
FAC_VAD_01,Apex PetroChem & Polymers Ltd,2023-07-19,"Utility Steam Boiler, Thermic Heater, DG Set & Distillation",8079.0,594.9,0.0,51.4,58.6,0.1953,0.048799999999999996,24.0,FACTORY_OPERATIONAL_DATA
FAC_VAD_01,Apex PetroChem & Polymers Ltd,2023-07-20,"Utility Steam Boiler, Thermic Heater, DG Set & Distillation",7242.0,560.7,113.2,48.5,55.3,0.18430000000000002,0.0461,24.0,FACTORY_OPERATIONAL_DATA
FAC_VAD_01,Apex PetroChem & Polymers Ltd,2023-07-21,"Utility Steam Boiler, Thermic Heater, DG Set & Distillation",6800.0,580.1,36.0,46.5,53.0,0.1767,0.0442,24.0,FACTORY_OPERATIONAL_DATA
FAC_VAD_01,Apex PetroChem & Polymers Ltd,2023-07-22,"Utility Steam Boiler, Thermic Heater, DG Set & Distillation",8700.0,656.3,0.0,55.2,62.9,0.20980000000000001,0.0525,24.0,FACTORY_OPERATIONAL_DATA
FAC_VAD_01,Apex PetroChem & Polymers Ltd,2023-07-23,"Utility Steam Boiler, Thermic Heater, DG Set & Distillation",4337.0,305.7,1.0,29.1,32.6,0.10479999999999999,0.0293,18.0,FACTORY_OPERATIONAL_DATA
FAC_VAD_01,Apex PetroChem & Polymers Ltd,2023-07-24,"Utility Steam Boiler, Thermic Heater, DG Set & Distillation",7202.0,597.8,0.0,48.4,55.2,0.1839,0.046,24.0,FACTORY_OPERATIONAL_DATA
FAC_VAD_01,Apex PetroChem & Polymers Ltd,2023-07-25,"Utility Steam Boiler, Thermic Heater, DG Set & Distillation",8454.0,672.0,0.0,55.0,62.7,0.209,0.0522,24.0,FACTORY_OPERATIONAL_DATA
FAC_VAD_01,Apex PetroChem & Polymers Ltd,2023-07-26,"Utility Steam Boiler, Thermic Heater, DG Set & Distillation",7435.0,576.8,11.1,45.8,52.2,0.174,0.0435,24.0,FACTORY_OPERATIONAL_DATA
FAC_VAD_01,Apex PetroChem & Polymers Ltd,2023-07-27,"Utility Steam Boiler, Thermic Heater, DG Set & Distillation",6625.0,502.1,0.0,45.4,51.8,0.1725,0.0431,24.0,FACTORY_OPERATIONAL_DATA
FAC_VAD_01,Apex PetroChem & Polymers Ltd,2023-07-28,"Utility Steam Boiler, Thermic Heater, DG Set & Distillation",5500.0,421.8,0.0,38.3,43.7,0.1455,0.0364,24.0,FACTORY_OPERATIONAL_DATA
FAC_VAD_01,Apex PetroChem & Polymers Ltd,2023-07-29,"Utility Steam Boiler, Thermic Heater, DG Set & Distillation",7749.0,631.1,0.0,51.4,58.6,0.1953,0.048799999999999996,24.0,FACTORY_OPERATIONAL_DATA
FAC_VAD_01,Apex PetroChem & Polymers Ltd,2023-07-30,"Utility Steam Boiler, Thermic Heater, DG Set & Distillation",6642.0,485.1,28.8,44.2,49.5,0.1591,0.0445,18.0,FACTORY_OPERATIONAL_DATA
FAC_VAD_01,Apex PetroChem & Polymers Ltd,2023-07-31,"Utility Steam Boiler, Thermic Heater, DG Set & Distillation",8368.0,646.0,19.6,56.1,64.0,0.2132,0.0533,24.0,FACTORY_OPERATIONAL_DATA
FAC_VAD_01,Apex PetroChem & Polymers Ltd,2023-08-01,"Utility Steam Boiler, Thermic Heater, DG Set & Distillation",7236.0,558.4,0.0,44.8,51.1,0.1702,0.0425,24.0,FACTORY_OPERATIONAL_DATA
FAC_VAD_01,Apex PetroChem & Polymers Ltd,2023-08-02,"Utility Steam Boiler, Thermic Heater, DG Set & Distillation",6742.0,540.8,24.1,45.1,51.4,0.1714,0.0429,24.0,FACTORY_OPERATIONAL_DATA
FAC_VAD_01,Apex PetroChem & Polymers Ltd,2023-08-03,"Utility Steam Boiler, Thermic Heater, DG Set & Distillation",8838.0,729.1,0.0,59.8,68.2,0.22719999999999999,0.056799999999999996,24.0,FACTORY_OPERATIONAL_DATA
FAC_VAD_01,Apex PetroChem & Polymers Ltd,2023-08-04,"Utility Steam Boiler, Thermic Heater, DG Set & Distillation",7301.0,560.5,0.0,48.8,55.6,0.1854,0.0464,24.0,FACTORY_OPERATIONAL_DATA
FAC_VAD_01,Apex PetroChem & Polymers Ltd,2023-08-05,"Utility Steam Boiler, Thermic Heater, DG Set & Distillation",7451.0,625.4,0.0,50.7,57.8,0.19269999999999998,0.0482,24.0,FACTORY_OPERATIONAL_DATA
FAC_VAD_01,Apex PetroChem & Polymers Ltd,2023-08-06,"Utility Steam Boiler, Thermic Heater, DG Set & Distillation",4987.0,375.8,51.4,35.4,39.6,0.1274,0.0357,18.0,FACTORY_OPERATIONAL_DATA
FAC_VAD_01,Apex PetroChem & Polymers Ltd,2023-08-07,"Utility Steam Boiler, Thermic Heater, DG Set & Distillation",6866.0,516.6,181.0,43.8,49.9,0.1664,0.0416,24.0,FACTORY_OPERATIONAL_DATA
FAC_VAD_01,Apex PetroChem & Polymers Ltd,2023-08-08,"Utility Steam Boiler, Thermic Heater, DG Set & Distillation",6229.0,416.8,0.0,42.7,48.7,0.1623,0.040600000000000004,24.0,FACTORY_OPERATIONAL_DATA
FAC_VAD_01,Apex PetroChem & Polymers Ltd,2023-08-09,"Utility Steam Boiler, Thermic Heater, DG Set & Distillation",7136.0,564.2,0.0,45.6,52.0,0.1733,0.0433,24.0,FACTORY_OPERATIONAL_DATA
FAC_VAD_01,Apex PetroChem & Polymers Ltd,2023-08-10,"Utility Steam Boiler, Thermic Heater, DG Set & Distillation",8786.0,681.0,0.0,57.2,65.2,0.2174,0.0544,24.0,FACTORY_OPERATIONAL_DATA
FAC_VAD_01,Apex PetroChem & Polymers Ltd,2023-08-11,"Utility Steam Boiler, Thermic Heater, DG Set & Distillation",8239.0,627.5,0.0,52.1,59.4,0.198,0.0495,24.0,FACTORY_OPERATIONAL_DATA
FAC_VAD_01,Apex PetroChem & Polymers Ltd,2023-08-12,"Utility Steam Boiler, Thermic Heater, DG Set & Distillation",8322.0,618.6,0.0,53.8,61.3,0.2044,0.0511,24.0,FACTORY_OPERATIONAL_DATA
FAC_VAD_01,Apex PetroChem & Polymers Ltd,2023-08-13,"Utility Steam Boiler, Thermic Heater, DG Set & Distillation",5215.0,386.4,7.0,34.3,38.4,0.1235,0.0346,18.0,FACTORY_OPERATIONAL_DATA
FAC_VAD_01,Apex PetroChem & Polymers Ltd,2023-08-14,"Utility Steam Boiler, Thermic Heater, DG Set & Distillation",6793.0,528.5,0.0,43.9,50.0,0.1668,0.0417,24.0,FACTORY_OPERATIONAL_DATA
FAC_VAD_01,Apex PetroChem & Polymers Ltd,2023-08-15,"Utility Steam Boiler, Thermic Heater, DG Set & Distillation",7040.0,579.4,0.0,49.0,55.9,0.18619999999999998,0.0465,24.0,FACTORY_OPERATIONAL_DATA
FAC_VAD_01,Apex PetroChem & Polymers Ltd,2023-08-16,"Utility Steam Boiler, Thermic Heater, DG Set & Distillation",7922.0,647.4,136.0,51.7,58.9,0.1965,0.049100000000000005,24.0,FACTORY_OPERATIONAL_DATA
FAC_VAD_01,Apex PetroChem & Polymers Ltd,2023-08-17,"Utility Steam Boiler, Thermic Heater, DG Set & Distillation",8069.0,599.5,0.0,50.7,57.8,0.19269999999999998,0.0482,24.0,FACTORY_OPERATIONAL_DATA
FAC_VAD_01,Apex PetroChem & Polymers Ltd,2023-08-18,"Utility Steam Boiler, Thermic Heater, DG Set & Distillation",6260.0,470.3,0.0,40.8,46.5,0.155,0.038799999999999994,24.0,FACTORY_OPERATIONAL_DATA
FAC_VAD_01,Apex PetroChem & Polymers Ltd,2023-08-19,"Utility Steam Boiler, Thermic Heater, DG Set & Distillation",6479.0,549.5,0.0,46.2,52.7,0.1756,0.0439,24.0,FACTORY_OPERATIONAL_DATA
FAC_VAD_01,Apex PetroChem & Polymers Ltd,2023-08-20,"Utility Steam Boiler, Thermic Heater, DG Set & Distillation",5716.0,427.3,56.8,38.9,43.6,0.14,0.039200000000000006,18.0,FACTORY_OPERATIONAL_DATA
FAC_VAD_01,Apex PetroChem & Polymers Ltd,2023-08-21,"Utility Steam Boiler, Thermic Heater, DG Set & Distillation",7409.0,507.3,0.0,47.3,53.9,0.1797,0.044899999999999995,24.0,FACTORY_OPERATIONAL_DATA
FAC_VAD_01,Apex PetroChem & Polymers Ltd,2023-08-22,"Utility Steam Boiler, Thermic Heater, DG Set & Distillation",7457.0,593.9,150.5,53.4,60.9,0.2029,0.0507,24.0,FACTORY_OPERATIONAL_DATA
FAC_VAD_01,Apex PetroChem & Polymers Ltd,2023-08-23,"Utility Steam Boiler, Thermic Heater, DG Set & Distillation",6594.0,523.9,0.0,42.9,48.9,0.163,0.040799999999999996,24.0,FACTORY_OPERATIONAL_DATA
FAC_VAD_01,Apex PetroChem & Polymers Ltd,2023-08-24,"Utility Steam Boiler, Thermic Heater, DG Set & Distillation",6526.0,527.8,0.0,45.2,51.5,0.1718,0.043,24.0,FACTORY_OPERATIONAL_DATA
FAC_VAD_01,Apex PetroChem & Polymers Ltd,2023-08-25,"Utility Steam Boiler, Thermic Heater, DG Set & Distillation",8237.0,648.2,0.0,57.2,65.2,0.2174,0.0544,24.0,FACTORY_OPERATIONAL_DATA
FAC_VAD_01,Apex PetroChem & Polymers Ltd,2023-08-26,"Utility Steam Boiler, Thermic Heater, DG Set & Distillation",6702.0,547.5,22.8,44.5,50.7,0.1691,0.0423,24.0,FACTORY_OPERATIONAL_DATA
FAC_VAD_01,Apex PetroChem & Polymers Ltd,2023-08-27,"Utility Steam Boiler, Thermic Heater, DG Set & Distillation",5309.0,391.9,25.6,35.3,39.5,0.1271,0.0356,18.0,FACTORY_OPERATIONAL_DATA
FAC_VAD_01,Apex PetroChem & Polymers Ltd,2023-08-28,"Utility Steam Boiler, Thermic Heater, DG Set & Distillation",7175.0,554.9,0.0,46.3,52.8,0.1759,0.044,24.0,FACTORY_OPERATIONAL_DATA
FAC_VAD_01,Apex PetroChem & Polymers Ltd,2023-08-29,"Utility Steam Boiler, Thermic Heater, DG Set & Distillation",7362.0,608.7,241.0,50.3,57.3,0.1911,0.047799999999999995,24.0,FACTORY_OPERATIONAL_DATA
FAC_VAD_01,Apex PetroChem & Polymers Ltd,2023-08-30,"Utility Steam Boiler, Thermic Heater, DG Set & Distillation",7687.0,616.5,0.0,49.6,56.5,0.1885,0.0471,24.0,FACTORY_OPERATIONAL_DATA
FAC_VAD_01,Apex PetroChem & Polymers Ltd,2023-08-31,"Utility Steam Boiler, Thermic Heater, DG Set & Distillation",6767.0,571.3,82.9,44.6,50.8,0.1695,0.0424,24.0,FACTORY_OPERATIONAL_DATA
FAC_VAD_01,Apex PetroChem & Polymers Ltd,2023-09-01,"Utility Steam Boiler, Thermic Heater, DG Set & Distillation",6006.0,502.5,0.0,40.8,46.5,0.155,0.038799999999999994,24.0,FACTORY_OPERATIONAL_DATA
FAC_VAD_01,Apex PetroChem & Polymers Ltd,2023-09-02,"Utility Steam Boiler, Thermic Heater, DG Set & Distillation",7031.0,549.2,0.0,46.6,53.1,0.1771,0.0443,24.0,FACTORY_OPERATIONAL_DATA
FAC_VAD_01,Apex PetroChem & Polymers Ltd,2023-09-03,"Utility Steam Boiler, Thermic Heater, DG Set & Distillation",4821.0,336.9,47.5,32.2,36.1,0.1159,0.0325,18.0,FACTORY_OPERATIONAL_DATA
FAC_VAD_01,Apex PetroChem & Polymers Ltd,2023-09-04,"Utility Steam Boiler, Thermic Heater, DG Set & Distillation",7578.0,600.8,26.3,49.9,56.9,0.1896,0.0474,24.0,FACTORY_OPERATIONAL_DATA
FAC_VAD_01,Apex PetroChem & Polymers Ltd,2023-09-05,"Utility Steam Boiler, Thermic Heater, DG Set & Distillation",6848.0,592.2,0.0,45.1,51.4,0.1714,0.0429,24.0,FACTORY_OPERATIONAL_DATA
FAC_VAD_01,Apex PetroChem & Polymers Ltd,2023-09-06,"Utility Steam Boiler, Thermic Heater, DG Set & Distillation",7191.0,554.1,41.0,46.9,53.5,0.1782,0.0445,24.0,FACTORY_OPERATIONAL_DATA
FAC_VAD_01,Apex PetroChem & Polymers Ltd,2023-09-07,"Utility Steam Boiler, Thermic Heater, DG Set & Distillation",5661.0,421.0,0.0,37.8,43.1,0.1436,0.0359,24.0,FACTORY_OPERATIONAL_DATA
FAC_VAD_01,Apex PetroChem & Polymers Ltd,2023-09-08,"Utility Steam Boiler, Thermic Heater, DG Set & Distillation",7893.0,639.8,96.1,52.9,60.3,0.201,0.0502,24.0,FACTORY_OPERATIONAL_DATA
FAC_VAD_01,Apex PetroChem & Polymers Ltd,2023-09-09,"Utility Steam Boiler, Thermic Heater, DG Set & Distillation",7069.0,585.7,0.0,45.8,52.2,0.174,0.0435,24.0,FACTORY_OPERATIONAL_DATA
FAC_VAD_01,Apex PetroChem & Polymers Ltd,2023-09-10,"Utility Steam Boiler, Thermic Heater, DG Set & Distillation",5807.0,441.8,3.3,38.6,43.2,0.139,0.0389,18.0,FACTORY_OPERATIONAL_DATA
FAC_VAD_01,Apex PetroChem & Polymers Ltd,2023-09-11,"Utility Steam Boiler, Thermic Heater, DG Set & Distillation",7171.0,537.4,0.0,45.3,51.6,0.1721,0.043,24.0,FACTORY_OPERATIONAL_DATA
FAC_VAD_01,Apex PetroChem & Polymers Ltd,2023-09-12,"Utility Steam Boiler, Thermic Heater, DG Set & Distillation",9398.0,671.9,5.9,58.4,66.6,0.22190000000000001,0.0555,24.0,FACTORY_OPERATIONAL_DATA
FAC_VAD_01,Apex PetroChem & Polymers Ltd,2023-09-13,"Utility Steam Boiler, Thermic Heater, DG Set & Distillation",7303.0,561.9,0.0,49.0,55.9,0.18619999999999998,0.0465,24.0,FACTORY_OPERATIONAL_DATA
FAC_VAD_01,Apex PetroChem & Polymers Ltd,2023-09-14,"Utility Steam Boiler, Thermic Heater, DG Set & Distillation",6691.0,491.8,0.0,42.8,48.8,0.1626,0.040600000000000004,24.0,FACTORY_OPERATIONAL_DATA
FAC_VAD_01,Apex PetroChem & Polymers Ltd,2023-09-15,"Utility Steam Boiler, Thermic Heater, DG Set & Distillation",8278.0,675.7,532.8,53.6,61.1,0.2037,0.0509,24.0,FACTORY_OPERATIONAL_DATA
FAC_VAD_01,Apex PetroChem & Polymers Ltd,2023-09-16,"Utility Steam Boiler, Thermic Heater, DG Set & Distillation",7510.0,571.8,3.0,48.2,54.9,0.1832,0.0458,24.0,FACTORY_OPERATIONAL_DATA
FAC_VAD_01,Apex PetroChem & Polymers Ltd,2023-09-17,"Utility Steam Boiler, Thermic Heater, DG Set & Distillation",4147.0,342.2,81.1,30.9,34.6,0.11120000000000001,0.031100000000000003,18.0,FACTORY_OPERATIONAL_DATA
FAC_VAD_01,Apex PetroChem & Polymers Ltd,2023-09-18,"Utility Steam Boiler, Thermic Heater, DG Set & Distillation",7451.0,643.7,0.0,52.7,60.1,0.2003,0.0501,24.0,FACTORY_OPERATIONAL_DATA
FAC_VAD_01,Apex PetroChem & Polymers Ltd,2023-09-19,"Utility Steam Boiler, Thermic Heater, DG Set & Distillation",6926.0,518.9,0.0,43.5,49.6,0.1653,0.041299999999999996,24.0,FACTORY_OPERATIONAL_DATA
FAC_VAD_01,Apex PetroChem & Polymers Ltd,2023-09-20,"Utility Steam Boiler, Thermic Heater, DG Set & Distillation",6730.0,605.0,0.0,47.5,54.1,0.1805,0.0451,24.0,FACTORY_OPERATIONAL_DATA
FAC_VAD_01,Apex PetroChem & Polymers Ltd,2023-09-21,"Utility Steam Boiler, Thermic Heater, DG Set & Distillation",7269.0,569.1,0.0,45.1,51.4,0.1714,0.0429,24.0,FACTORY_OPERATIONAL_DATA
FAC_VAD_01,Apex PetroChem & Polymers Ltd,2023-09-22,"Utility Steam Boiler, Thermic Heater, DG Set & Distillation",7697.0,572.9,0.0,50.0,57.0,0.19,0.0475,24.0,FACTORY_OPERATIONAL_DATA
FAC_VAD_01,Apex PetroChem & Polymers Ltd,2023-09-23,"Utility Steam Boiler, Thermic Heater, DG Set & Distillation",6957.0,562.3,0.0,46.5,53.0,0.1767,0.0442,24.0,FACTORY_OPERATIONAL_DATA
FAC_VAD_01,Apex PetroChem & Polymers Ltd,2023-09-24,"Utility Steam Boiler, Thermic Heater, DG Set & Distillation",3553.0,295.8,19.8,26.1,29.2,0.1,0.0263,18.0,FACTORY_OPERATIONAL_DATA
FAC_VAD_01,Apex PetroChem & Polymers Ltd,2023-09-25,"Utility Steam Boiler, Thermic Heater, DG Set & Distillation",7887.0,552.9,0.0,49.6,56.5,0.1885,0.0471,24.0,FACTORY_OPERATIONAL_DATA
FAC_VAD_01,Apex PetroChem & Polymers Ltd,2023-09-26,"Utility Steam Boiler, Thermic Heater, DG Set & Distillation",5482.0,467.6,0.0,40.2,45.8,0.15280000000000002,0.038200000000000005,24.0,FACTORY_OPERATIONAL_DATA
FAC_VAD_01,Apex PetroChem & Polymers Ltd,2023-09-27,"Utility Steam Boiler, Thermic Heater, DG Set & Distillation",7365.0,542.8,0.0,49.3,56.2,0.18730000000000002,0.046799999999999994,24.0,FACTORY_OPERATIONAL_DATA
FAC_VAD_01,Apex PetroChem & Polymers Ltd,2023-09-28,"Utility Steam Boiler, Thermic Heater, DG Set & Distillation",6912.0,529.9,0.0,43.8,49.9,0.1664,0.0416,24.0,FACTORY_OPERATIONAL_DATA
FAC_VAD_01,Apex PetroChem & Polymers Ltd,2023-09-29,"Utility Steam Boiler, Thermic Heater, DG Set & Distillation",8352.0,647.9,0.0,54.1,61.7,0.2056,0.0514,24.0,FACTORY_OPERATIONAL_DATA
FAC_VAD_01,Apex PetroChem & Polymers Ltd,2023-09-30,"Utility Steam Boiler, Thermic Heater, DG Set & Distillation",6970.0,558.2,72.0,46.5,53.0,0.1767,0.0442,24.0,FACTORY_OPERATIONAL_DATA
FAC_VAD_01,Apex PetroChem & Polymers Ltd,2023-10-01,"Utility Steam Boiler, Thermic Heater, DG Set & Distillation",4549.0,365.4,108.6,32.8,36.7,0.1181,0.033100000000000004,18.0,FACTORY_OPERATIONAL_DATA
FAC_VAD_01,Apex PetroChem & Polymers Ltd,2023-10-02,"Utility Steam Boiler, Thermic Heater, DG Set & Distillation",7632.0,521.2,0.0,48.4,55.2,0.1839,0.046,24.0,FACTORY_OPERATIONAL_DATA
FAC_VAD_01,Apex PetroChem & Polymers Ltd,2023-10-03,"Utility Steam Boiler, Thermic Heater, DG Set & Distillation",8436.0,533.9,0.0,49.7,56.7,0.1889,0.047200000000000006,24.0,FACTORY_OPERATIONAL_DATA
FAC_VAD_01,Apex PetroChem & Polymers Ltd,2023-10-04,"Utility Steam Boiler, Thermic Heater, DG Set & Distillation",8316.0,605.3,0.0,53.5,61.0,0.2033,0.0508,24.0,FACTORY_OPERATIONAL_DATA
FAC_VAD_01,Apex PetroChem & Polymers Ltd,2023-10-05,"Utility Steam Boiler, Thermic Heater, DG Set & Distillation",6295.0,510.8,0.0,42.7,48.7,0.1623,0.040600000000000004,24.0,FACTORY_OPERATIONAL_DATA
FAC_VAD_01,Apex PetroChem & Polymers Ltd,2023-10-06,"Utility Steam Boiler, Thermic Heater, DG Set & Distillation",7405.0,560.0,0.0,47.0,53.6,0.17859999999999998,0.0446,24.0,FACTORY_OPERATIONAL_DATA
FAC_VAD_01,Apex PetroChem & Polymers Ltd,2023-10-07,"Utility Steam Boiler, Thermic Heater, DG Set & Distillation",8277.0,595.1,0.0,50.5,57.6,0.19190000000000002,0.048,24.0,FACTORY_OPERATIONAL_DATA
FAC_VAD_01,Apex PetroChem & Polymers Ltd,2023-10-08,"Utility Steam Boiler, Thermic Heater, DG Set & Distillation",5412.0,416.7,9.7,35.8,40.1,0.12890000000000001,0.0361,18.0,FACTORY_OPERATIONAL_DATA
FAC_VAD_01,Apex PetroChem & Polymers Ltd,2023-10-09,"Utility Steam Boiler, Thermic Heater, DG Set & Distillation",8682.0,608.8,0.0,53.9,61.4,0.2048,0.0512,24.0,FACTORY_OPERATIONAL_DATA
FAC_VAD_01,Apex PetroChem & Polymers Ltd,2023-10-10,"Utility Steam Boiler, Thermic Heater, DG Set & Distillation",7505.0,565.2,0.0,49.5,56.4,0.1881,0.047,24.0,FACTORY_OPERATIONAL_DATA
FAC_VAD_01,Apex PetroChem & Polymers Ltd,2023-10-11,"Utility Steam Boiler, Thermic Heater, DG Set & Distillation",7970.0,593.8,0.0,49.6,56.5,0.1885,0.0471,24.0,FACTORY_OPERATIONAL_DATA
FAC_VAD_01,Apex PetroChem & Polymers Ltd,2023-10-12,"Utility Steam Boiler, Thermic Heater, DG Set & Distillation",1200.0,80.0,450.0,5.0,6.0,0.1,0.01,8.0,FACTORY_OPERATIONAL_DATA
FAC_VAD_01,Apex PetroChem & Polymers Ltd,2023-10-13,"Utility Steam Boiler, Thermic Heater, DG Set & Distillation",1200.0,80.0,450.0,5.0,6.0,0.1,0.01,8.0,FACTORY_OPERATIONAL_DATA
FAC_VAD_01,Apex PetroChem & Polymers Ltd,2023-10-14,"Utility Steam Boiler, Thermic Heater, DG Set & Distillation",1200.0,80.0,450.0,5.0,6.0,0.1,0.01,8.0,FACTORY_OPERATIONAL_DATA
FAC_VAD_01,Apex PetroChem & Polymers Ltd,2023-10-15,"Utility Steam Boiler, Thermic Heater, DG Set & Distillation",1200.0,80.0,450.0,5.0,6.0,0.1,0.01,8.0,FACTORY_OPERATIONAL_DATA
FAC_VAD_01,Apex PetroChem & Polymers Ltd,2023-10-16,"Utility Steam Boiler, Thermic Heater, DG Set & Distillation",1200.0,80.0,450.0,5.0,6.0,0.1,0.01,8.0,FACTORY_OPERATIONAL_DATA
FAC_VAD_01,Apex PetroChem & Polymers Ltd,2023-10-17,"Utility Steam Boiler, Thermic Heater, DG Set & Distillation",1200.0,80.0,450.0,5.0,6.0,0.1,0.01,8.0,FACTORY_OPERATIONAL_DATA
FAC_VAD_01,Apex PetroChem & Polymers Ltd,2023-10-18,"Utility Steam Boiler, Thermic Heater, DG Set & Distillation",1200.0,80.0,450.0,5.0,6.0,0.1,0.01,8.0,FACTORY_OPERATIONAL_DATA
FAC_VAD_01,Apex PetroChem & Polymers Ltd,2023-10-19,"Utility Steam Boiler, Thermic Heater, DG Set & Distillation",1200.0,80.0,450.0,5.0,6.0,0.1,0.01,8.0,FACTORY_OPERATIONAL_DATA
FAC_VAD_01,Apex PetroChem & Polymers Ltd,2023-10-20,"Utility Steam Boiler, Thermic Heater, DG Set & Distillation",1200.0,80.0,450.0,5.0,6.0,0.1,0.01,8.0,FACTORY_OPERATIONAL_DATA
FAC_VAD_01,Apex PetroChem & Polymers Ltd,2023-10-21,"Utility Steam Boiler, Thermic Heater, DG Set & Distillation",1200.0,80.0,450.0,5.0,6.0,0.1,0.01,8.0,FACTORY_OPERATIONAL_DATA
FAC_VAD_01,Apex PetroChem & Polymers Ltd,2023-10-22,"Utility Steam Boiler, Thermic Heater, DG Set & Distillation",1200.0,80.0,450.0,5.0,6.0,0.1,0.01,8.0,FACTORY_OPERATIONAL_DATA
FAC_VAD_01,Apex PetroChem & Polymers Ltd,2023-10-23,"Utility Steam Boiler, Thermic Heater, DG Set & Distillation",7470.0,576.3,0.0,46.8,53.4,0.1778,0.0445,24.0,FACTORY_OPERATIONAL_DATA
FAC_VAD_01,Apex PetroChem & Polymers Ltd,2023-10-24,"Utility Steam Boiler, Thermic Heater, DG Set & Distillation",6559.0,512.5,0.0,41.9,47.8,0.15919999999999998,0.039799999999999995,24.0,FACTORY_OPERATIONAL_DATA
FAC_VAD_01,Apex PetroChem & Polymers Ltd,2023-10-25,"Utility Steam Boiler, Thermic Heater, DG Set & Distillation",7122.0,560.1,0.0,47.2,53.8,0.1794,0.044899999999999995,24.0,FACTORY_OPERATIONAL_DATA
FAC_VAD_01,Apex PetroChem & Polymers Ltd,2023-10-26,"Utility Steam Boiler, Thermic Heater, DG Set & Distillation",6818.0,535.6,0.0,48.1,54.8,0.18280000000000002,0.045700000000000005,24.0,FACTORY_OPERATIONAL_DATA
FAC_VAD_01,Apex PetroChem & Polymers Ltd,2023-10-27,"Utility Steam Boiler, Thermic Heater, DG Set & Distillation",6344.0,453.6,7.2,43.0,49.0,0.16340000000000002,0.0409,24.0,FACTORY_OPERATIONAL_DATA
FAC_VAD_01,Apex PetroChem & Polymers Ltd,2023-10-28,"Utility Steam Boiler, Thermic Heater, DG Set & Distillation",6596.0,529.6,0.0,41.4,47.2,0.15730000000000002,0.039299999999999995,24.0,FACTORY_OPERATIONAL_DATA
FAC_VAD_01,Apex PetroChem & Polymers Ltd,2023-10-29,"Utility Steam Boiler, Thermic Heater, DG Set & Distillation",3782.0,281.0,26.1,26.0,29.1,0.1,0.026199999999999998,18.0,FACTORY_OPERATIONAL_DATA
FAC_VAD_01,Apex PetroChem & Polymers Ltd,2023-10-30,"Utility Steam Boiler, Thermic Heater, DG Set & Distillation",7654.0,597.7,0.0,53.6,61.1,0.2037,0.0509,24.0,FACTORY_OPERATIONAL_DATA
FAC_VAD_01,Apex PetroChem & Polymers Ltd,2023-10-31,"Utility Steam Boiler, Thermic Heater, DG Set & Distillation",9263.0,721.4,0.0,59.6,67.9,0.2265,0.056600000000000004,24.0,FACTORY_OPERATIONAL_DATA
FAC_VAD_01,Apex PetroChem & Polymers Ltd,2023-11-01,"Utility Steam Boiler, Thermic Heater, DG Set & Distillation",7821.0,619.6,248.7,50.9,58.0,0.19340000000000002,0.0484,24.0,FACTORY_OPERATIONAL_DATA
FAC_VAD_01,Apex PetroChem & Polymers Ltd,2023-11-02,"Utility Steam Boiler, Thermic Heater, DG Set & Distillation",6211.0,514.5,0.0,44.2,50.4,0.168,0.042,24.0,FACTORY_OPERATIONAL_DATA
FAC_VAD_01,Apex PetroChem & Polymers Ltd,2023-11-03,"Utility Steam Boiler, Thermic Heater, DG Set & Distillation",7035.0,584.8,0.0,47.5,54.1,0.1805,0.0451,24.0,FACTORY_OPERATIONAL_DATA
FAC_VAD_01,Apex PetroChem & Polymers Ltd,2023-11-04,"Utility Steam Boiler, Thermic Heater, DG Set & Distillation",7698.0,581.4,0.0,52.6,60.0,0.1999,0.05,24.0,FACTORY_OPERATIONAL_DATA
FAC_VAD_01,Apex PetroChem & Polymers Ltd,2023-11-05,"Utility Steam Boiler, Thermic Heater, DG Set & Distillation",5594.0,432.5,45.7,38.8,43.5,0.1397,0.0391,18.0,FACTORY_OPERATIONAL_DATA
FAC_VAD_01,Apex PetroChem & Polymers Ltd,2023-11-06,"Utility Steam Boiler, Thermic Heater, DG Set & Distillation",7192.0,538.9,0.0,48.5,55.3,0.18430000000000002,0.0461,24.0,FACTORY_OPERATIONAL_DATA
FAC_VAD_01,Apex PetroChem & Polymers Ltd,2023-11-07,"Utility Steam Boiler, Thermic Heater, DG Set & Distillation",7517.0,620.2,0.0,49.6,56.5,0.1885,0.0471,24.0,FACTORY_OPERATIONAL_DATA
FAC_VAD_01,Apex PetroChem & Polymers Ltd,2023-11-08,"Utility Steam Boiler, Thermic Heater, DG Set & Distillation",7424.0,562.7,0.0,48.6,55.4,0.18469999999999998,0.046200000000000005,24.0,FACTORY_OPERATIONAL_DATA
FAC_VAD_01,Apex PetroChem & Polymers Ltd,2023-11-09,"Utility Steam Boiler, Thermic Heater, DG Set & Distillation",7827.0,591.2,89.7,50.7,57.8,0.19269999999999998,0.0482,24.0,FACTORY_OPERATIONAL_DATA
FAC_VAD_01,Apex PetroChem & Polymers Ltd,2023-11-10,"Utility Steam Boiler, Thermic Heater, DG Set & Distillation",8080.0,626.1,144.1,53.7,61.2,0.2041,0.051,24.0,FACTORY_OPERATIONAL_DATA
FAC_VAD_01,Apex PetroChem & Polymers Ltd,2023-11-11,"Utility Steam Boiler, Thermic Heater, DG Set & Distillation",7705.0,631.3,0.0,51.8,59.1,0.1968,0.0492,24.0,FACTORY_OPERATIONAL_DATA
FAC_VAD_01,Apex PetroChem & Polymers Ltd,2023-11-12,"Utility Steam Boiler, Thermic Heater, DG Set & Distillation",4516.0,365.9,35.3,32.3,36.2,0.1163,0.032600000000000004,18.0,FACTORY_OPERATIONAL_DATA
FAC_VAD_01,Apex PetroChem & Polymers Ltd,2023-11-13,"Utility Steam Boiler, Thermic Heater, DG Set & Distillation",8702.0,705.8,0.0,58.7,66.9,0.2231,0.055799999999999995,24.0,FACTORY_OPERATIONAL_DATA
FAC_VAD_01,Apex PetroChem & Polymers Ltd,2023-11-14,"Utility Steam Boiler, Thermic Heater, DG Set & Distillation",7172.0,552.5,0.0,47.1,53.7,0.179,0.0448,24.0,FACTORY_OPERATIONAL_DATA
FAC_VAD_01,Apex PetroChem & Polymers Ltd,2023-11-15,"Utility Steam Boiler, Thermic Heater, DG Set & Distillation",7270.0,519.7,0.0,47.3,53.9,0.1797,0.044899999999999995,24.0,FACTORY_OPERATIONAL_DATA
FAC_VAD_01,Apex PetroChem & Polymers Ltd,2023-11-16,"Utility Steam Boiler, Thermic Heater, DG Set & Distillation",6994.0,626.2,0.0,47.6,54.3,0.1809,0.045200000000000004,24.0,FACTORY_OPERATIONAL_DATA
FAC_VAD_01,Apex PetroChem & Polymers Ltd,2023-11-17,"Utility Steam Boiler, Thermic Heater, DG Set & Distillation",8874.0,687.6,0.0,56.2,64.1,0.21359999999999998,0.053399999999999996,24.0,FACTORY_OPERATIONAL_DATA
FAC_VAD_01,Apex PetroChem & Polymers Ltd,2023-11-18,"Utility Steam Boiler, Thermic Heater, DG Set & Distillation",7608.0,640.1,213.4,50.8,57.9,0.193,0.0482,24.0,FACTORY_OPERATIONAL_DATA
FAC_VAD_01,Apex PetroChem & Polymers Ltd,2023-11-19,"Utility Steam Boiler, Thermic Heater, DG Set & Distillation",4756.0,374.3,10.3,34.2,38.3,0.1231,0.0345,18.0,FACTORY_OPERATIONAL_DATA
FAC_VAD_01,Apex PetroChem & Polymers Ltd,2023-11-20,"Utility Steam Boiler, Thermic Heater, DG Set & Distillation",6627.0,527.2,0.0,45.1,51.4,0.1714,0.0429,24.0,FACTORY_OPERATIONAL_DATA
FAC_VAD_01,Apex PetroChem & Polymers Ltd,2023-11-21,"Utility Steam Boiler, Thermic Heater, DG Set & Distillation",6860.0,574.6,0.0,48.2,54.9,0.1832,0.0458,24.0,FACTORY_OPERATIONAL_DATA
FAC_VAD_01,Apex PetroChem & Polymers Ltd,2023-11-22,"Utility Steam Boiler, Thermic Heater, DG Set & Distillation",7294.0,646.5,0.0,50.3,57.3,0.1911,0.047799999999999995,24.0,FACTORY_OPERATIONAL_DATA
FAC_VAD_01,Apex PetroChem & Polymers Ltd,2023-11-23,"Utility Steam Boiler, Thermic Heater, DG Set & Distillation",6479.0,535.1,0.0,41.8,47.7,0.15880000000000002,0.039700000000000006,24.0,FACTORY_OPERATIONAL_DATA
FAC_VAD_01,Apex PetroChem & Polymers Ltd,2023-11-24,"Utility Steam Boiler, Thermic Heater, DG Set & Distillation",7075.0,555.3,0.0,48.5,55.3,0.18430000000000002,0.0461,24.0,FACTORY_OPERATIONAL_DATA
FAC_VAD_01,Apex PetroChem & Polymers Ltd,2023-11-25,"Utility Steam Boiler, Thermic Heater, DG Set & Distillation",7496.0,600.2,0.0,51.1,58.3,0.19419999999999998,0.0485,24.0,FACTORY_OPERATIONAL_DATA
FAC_VAD_01,Apex PetroChem & Polymers Ltd,2023-11-26,"Utility Steam Boiler, Thermic Heater, DG Set & Distillation",5737.0,433.1,6.6,40.3,45.1,0.1451,0.040600000000000004,18.0,FACTORY_OPERATIONAL_DATA
FAC_VAD_01,Apex PetroChem & Polymers Ltd,2023-11-27,"Utility Steam Boiler, Thermic Heater, DG Set & Distillation",6275.0,514.1,0.0,41.0,46.7,0.15580000000000002,0.039,24.0,FACTORY_OPERATIONAL_DATA
FAC_VAD_01,Apex PetroChem & Polymers Ltd,2023-11-28,"Utility Steam Boiler, Thermic Heater, DG Set & Distillation",6575.0,528.4,0.0,44.3,50.5,0.1683,0.0421,24.0,FACTORY_OPERATIONAL_DATA
FAC_VAD_01,Apex PetroChem & Polymers Ltd,2023-11-29,"Utility Steam Boiler, Thermic Heater, DG Set & Distillation",7857.0,605.3,34.3,49.8,56.8,0.18919999999999998,0.047299999999999995,24.0,FACTORY_OPERATIONAL_DATA
FAC_VAD_01,Apex PetroChem & Polymers Ltd,2023-11-30,"Utility Steam Boiler, Thermic Heater, DG Set & Distillation",6152.0,487.1,0.0,44.1,50.3,0.1676,0.0419,24.0,FACTORY_OPERATIONAL_DATA
FAC_VAD_01,Apex PetroChem & Polymers Ltd,2023-12-01,"Utility Steam Boiler, Thermic Heater, DG Set & Distillation",7337.0,649.8,0.0,50.5,57.6,0.19190000000000002,0.048,24.0,FACTORY_OPERATIONAL_DATA
FAC_VAD_01,Apex PetroChem & Polymers Ltd,2023-12-02,"Utility Steam Boiler, Thermic Heater, DG Set & Distillation",7321.0,587.4,0.0,48.0,54.7,0.1824,0.0456,24.0,FACTORY_OPERATIONAL_DATA
FAC_VAD_01,Apex PetroChem & Polymers Ltd,2023-12-03,"Utility Steam Boiler, Thermic Heater, DG Set & Distillation",5137.0,396.0,14.5,34.6,38.8,0.12459999999999999,0.0349,18.0,FACTORY_OPERATIONAL_DATA
FAC_VAD_01,Apex PetroChem & Polymers Ltd,2023-12-04,"Utility Steam Boiler, Thermic Heater, DG Set & Distillation",7320.0,536.9,0.0,47.1,53.7,0.179,0.0448,24.0,FACTORY_OPERATIONAL_DATA
FAC_VAD_01,Apex PetroChem & Polymers Ltd,2023-12-05,"Utility Steam Boiler, Thermic Heater, DG Set & Distillation",6663.0,514.6,0.0,43.5,49.6,0.1653,0.041299999999999996,24.0,FACTORY_OPERATIONAL_DATA
FAC_VAD_01,Apex PetroChem & Polymers Ltd,2023-12-06,"Utility Steam Boiler, Thermic Heater, DG Set & Distillation",7698.0,585.7,66.3,47.9,54.6,0.182,0.0455,24.0,FACTORY_OPERATIONAL_DATA
FAC_VAD_01,Apex PetroChem & Polymers Ltd,2023-12-07,"Utility Steam Boiler, Thermic Heater, DG Set & Distillation",7630.0,572.8,0.0,50.8,57.9,0.193,0.0482,24.0,FACTORY_OPERATIONAL_DATA
FAC_VAD_01,Apex PetroChem & Polymers Ltd,2023-12-08,"Utility Steam Boiler, Thermic Heater, DG Set & Distillation",7135.0,597.2,0.0,50.5,57.6,0.19190000000000002,0.048,24.0,FACTORY_OPERATIONAL_DATA
FAC_VAD_01,Apex PetroChem & Polymers Ltd,2023-12-09,"Utility Steam Boiler, Thermic Heater, DG Set & Distillation",6766.0,505.2,0.0,44.8,51.1,0.1702,0.0425,24.0,FACTORY_OPERATIONAL_DATA
FAC_VAD_01,Apex PetroChem & Polymers Ltd,2023-12-10,"Utility Steam Boiler, Thermic Heater, DG Set & Distillation",5201.0,397.4,2.5,37.2,41.7,0.13390000000000002,0.0375,18.0,FACTORY_OPERATIONAL_DATA
FAC_VAD_01,Apex PetroChem & Polymers Ltd,2023-12-11,"Utility Steam Boiler, Thermic Heater, DG Set & Distillation",8062.0,585.8,500.8,50.1,57.1,0.1904,0.0476,24.0,FACTORY_OPERATIONAL_DATA
FAC_VAD_01,Apex PetroChem & Polymers Ltd,2023-12-12,"Utility Steam Boiler, Thermic Heater, DG Set & Distillation",7218.0,566.2,0.0,48.7,55.5,0.1851,0.046299999999999994,24.0,FACTORY_OPERATIONAL_DATA
FAC_VAD_01,Apex PetroChem & Polymers Ltd,2023-12-13,"Utility Steam Boiler, Thermic Heater, DG Set & Distillation",6849.0,549.1,0.0,46.5,53.0,0.1767,0.0442,24.0,FACTORY_OPERATIONAL_DATA
FAC_VAD_01,Apex PetroChem & Polymers Ltd,2023-12-14,"Utility Steam Boiler, Thermic Heater, DG Set & Distillation",7915.0,622.1,0.0,50.2,57.2,0.19080000000000003,0.047700000000000006,24.0,FACTORY_OPERATIONAL_DATA
FAC_VAD_01,Apex PetroChem & Polymers Ltd,2023-12-15,"Utility Steam Boiler, Thermic Heater, DG Set & Distillation",6109.0,453.0,0.0,40.6,46.3,0.15430000000000002,0.0386,24.0,FACTORY_OPERATIONAL_DATA
FAC_VAD_01,Apex PetroChem & Polymers Ltd,2023-12-16,"Utility Steam Boiler, Thermic Heater, DG Set & Distillation",5911.0,480.5,0.0,41.2,47.0,0.1566,0.0391,24.0,FACTORY_OPERATIONAL_DATA
FAC_VAD_01,Apex PetroChem & Polymers Ltd,2023-12-17,"Utility Steam Boiler, Thermic Heater, DG Set & Distillation",4183.0,324.5,0.4,27.8,31.1,0.1001,0.028,18.0,FACTORY_OPERATIONAL_DATA
FAC_VAD_01,Apex PetroChem & Polymers Ltd,2023-12-18,"Utility Steam Boiler, Thermic Heater, DG Set & Distillation",6691.0,467.4,0.0,45.1,51.4,0.1714,0.0429,24.0,FACTORY_OPERATIONAL_DATA
FAC_VAD_01,Apex PetroChem & Polymers Ltd,2023-12-19,"Utility Steam Boiler, Thermic Heater, DG Set & Distillation",7591.0,565.1,0.0,50.0,57.0,0.19,0.0475,24.0,FACTORY_OPERATIONAL_DATA
FAC_VAD_01,Apex PetroChem & Polymers Ltd,2023-12-20,"Utility Steam Boiler, Thermic Heater, DG Set & Distillation",8200.0,633.2,37.3,54.0,61.6,0.2052,0.0513,24.0,FACTORY_OPERATIONAL_DATA
FAC_VAD_01,Apex PetroChem & Polymers Ltd,2023-12-21,"Utility Steam Boiler, Thermic Heater, DG Set & Distillation",7095.0,506.6,0.0,43.3,49.4,0.1645,0.041100000000000005,24.0,FACTORY_OPERATIONAL_DATA
FAC_VAD_01,Apex PetroChem & Polymers Ltd,2023-12-22,"Utility Steam Boiler, Thermic Heater, DG Set & Distillation",6713.0,457.6,0.0,43.6,49.7,0.1657,0.0414,24.0,FACTORY_OPERATIONAL_DATA
FAC_VAD_01,Apex PetroChem & Polymers Ltd,2023-12-23,"Utility Steam Boiler, Thermic Heater, DG Set & Distillation",7760.0,561.5,0.0,49.0,55.9,0.18619999999999998,0.0465,24.0,FACTORY_OPERATIONAL_DATA
FAC_VAD_01,Apex PetroChem & Polymers Ltd,2023-12-24,"Utility Steam Boiler, Thermic Heater, DG Set & Distillation",4129.0,314.2,40.6,28.6,32.0,0.103,0.0288,18.0,FACTORY_OPERATIONAL_DATA
FAC_VAD_01,Apex PetroChem & Polymers Ltd,2023-12-25,"Utility Steam Boiler, Thermic Heater, DG Set & Distillation",8085.0,639.2,0.0,52.6,60.0,0.1999,0.05,24.0,FACTORY_OPERATIONAL_DATA
FAC_VAD_01,Apex PetroChem & Polymers Ltd,2023-12-26,"Utility Steam Boiler, Thermic Heater, DG Set & Distillation",6452.0,532.8,0.0,44.8,51.1,0.1702,0.0425,24.0,FACTORY_OPERATIONAL_DATA
FAC_VAD_01,Apex PetroChem & Polymers Ltd,2023-12-27,"Utility Steam Boiler, Thermic Heater, DG Set & Distillation",7383.0,620.3,8.4,48.3,55.1,0.1835,0.045899999999999996,24.0,FACTORY_OPERATIONAL_DATA
FAC_VAD_01,Apex PetroChem & Polymers Ltd,2023-12-28,"Utility Steam Boiler, Thermic Heater, DG Set & Distillation",6618.0,549.8,0.0,46.2,52.7,0.1756,0.0439,24.0,FACTORY_OPERATIONAL_DATA
FAC_VAD_01,Apex PetroChem & Polymers Ltd,2023-12-29,"Utility Steam Boiler, Thermic Heater, DG Set & Distillation",6899.0,525.6,18.2,43.1,49.1,0.1638,0.041,24.0,FACTORY_OPERATIONAL_DATA
FAC_VAD_01,Apex PetroChem & Polymers Ltd,2023-12-30,"Utility Steam Boiler, Thermic Heater, DG Set & Distillation",7274.0,565.2,8.1,49.4,56.3,0.18769999999999998,0.0469,24.0,FACTORY_OPERATIONAL_DATA
FAC_VAD_01,Apex PetroChem & Polymers Ltd,2023-12-31,"Utility Steam Boiler, Thermic Heater, DG Set & Distillation",5845.0,440.3,19.2,38.5,43.1,0.1386,0.038799999999999994,18.0,FACTORY_OPERATIONAL_DATA
FAC_VAD_01,Apex PetroChem & Polymers Ltd,2024-01-01,"Utility Steam Boiler, Thermic Heater, DG Set & Distillation",7451.0,541.2,0.0,46.4,52.9,0.1763,0.0441,24.0,FACTORY_OPERATIONAL_DATA
FAC_VAD_01,Apex PetroChem & Polymers Ltd,2024-01-02,"Utility Steam Boiler, Thermic Heater, DG Set & Distillation",7733.0,584.9,0.0,50.8,57.9,0.193,0.0482,24.0,FACTORY_OPERATIONAL_DATA
FAC_VAD_01,Apex PetroChem & Polymers Ltd,2024-01-03,"Utility Steam Boiler, Thermic Heater, DG Set & Distillation",6827.0,551.8,0.0,44.8,51.1,0.1702,0.0425,24.0,FACTORY_OPERATIONAL_DATA
FAC_VAD_01,Apex PetroChem & Polymers Ltd,2024-01-04,"Utility Steam Boiler, Thermic Heater, DG Set & Distillation",7672.0,600.4,0.0,49.3,56.2,0.18730000000000002,0.046799999999999994,24.0,FACTORY_OPERATIONAL_DATA
FAC_VAD_01,Apex PetroChem & Polymers Ltd,2024-01-05,"Utility Steam Boiler, Thermic Heater, DG Set & Distillation",6709.0,524.2,0.0,46.2,52.7,0.1756,0.0439,24.0,FACTORY_OPERATIONAL_DATA
FAC_VAD_01,Apex PetroChem & Polymers Ltd,2024-01-06,"Utility Steam Boiler, Thermic Heater, DG Set & Distillation",5851.0,465.2,12.3,38.2,43.5,0.1452,0.0363,24.0,FACTORY_OPERATIONAL_DATA
FAC_VAD_01,Apex PetroChem & Polymers Ltd,2024-01-07,"Utility Steam Boiler, Thermic Heater, DG Set & Distillation",4923.0,398.5,67.7,35.8,40.1,0.12890000000000001,0.0361,18.0,FACTORY_OPERATIONAL_DATA
FAC_VAD_01,Apex PetroChem & Polymers Ltd,2024-01-08,"Utility Steam Boiler, Thermic Heater, DG Set & Distillation",8080.0,616.5,0.0,52.6,60.0,0.1999,0.05,24.0,FACTORY_OPERATIONAL_DATA
FAC_VAD_01,Apex PetroChem & Polymers Ltd,2024-01-09,"Utility Steam Boiler, Thermic Heater, DG Set & Distillation",8490.0,634.9,0.0,54.1,61.7,0.2056,0.0514,24.0,FACTORY_OPERATIONAL_DATA
FAC_VAD_01,Apex PetroChem & Polymers Ltd,2024-01-10,"Utility Steam Boiler, Thermic Heater, DG Set & Distillation",7469.0,614.6,0.0,51.7,58.9,0.1965,0.049100000000000005,24.0,FACTORY_OPERATIONAL_DATA
FAC_VAD_01,Apex PetroChem & Polymers Ltd,2024-01-11,"Utility Steam Boiler, Thermic Heater, DG Set & Distillation",7464.0,558.4,67.0,47.5,54.1,0.1805,0.0451,24.0,FACTORY_OPERATIONAL_DATA
FAC_VAD_01,Apex PetroChem & Polymers Ltd,2024-01-12,"Utility Steam Boiler, Thermic Heater, DG Set & Distillation",7954.0,613.0,0.0,50.9,58.0,0.19340000000000002,0.0484,24.0,FACTORY_OPERATIONAL_DATA
FAC_VAD_01,Apex PetroChem & Polymers Ltd,2024-01-13,"Utility Steam Boiler, Thermic Heater, DG Set & Distillation",7648.0,645.6,0.0,49.2,56.1,0.187,0.046799999999999994,24.0,FACTORY_OPERATIONAL_DATA
FAC_VAD_01,Apex PetroChem & Polymers Ltd,2024-01-14,"Utility Steam Boiler, Thermic Heater, DG Set & Distillation",4240.0,318.5,57.3,28.0,31.4,0.1008,0.0282,18.0,FACTORY_OPERATIONAL_DATA
FAC_VAD_01,Apex PetroChem & Polymers Ltd,2024-01-15,"Utility Steam Boiler, Thermic Heater, DG Set & Distillation",7127.0,527.5,0.0,47.3,53.9,0.1797,0.044899999999999995,24.0,FACTORY_OPERATIONAL_DATA
FAC_VAD_01,Apex PetroChem & Polymers Ltd,2024-01-16,"Utility Steam Boiler, Thermic Heater, DG Set & Distillation",6222.0,522.2,0.0,43.7,49.8,0.1661,0.0415,24.0,FACTORY_OPERATIONAL_DATA
FAC_VAD_01,Apex PetroChem & Polymers Ltd,2024-01-17,"Utility Steam Boiler, Thermic Heater, DG Set & Distillation",6743.0,506.7,0.0,42.0,47.9,0.1596,0.0399,24.0,FACTORY_OPERATIONAL_DATA
FAC_VAD_01,Apex PetroChem & Polymers Ltd,2024-01-18,"Utility Steam Boiler, Thermic Heater, DG Set & Distillation",6508.0,494.8,34.6,45.0,51.3,0.171,0.0428,24.0,FACTORY_OPERATIONAL_DATA
FAC_VAD_01,Apex PetroChem & Polymers Ltd,2024-01-19,"Utility Steam Boiler, Thermic Heater, DG Set & Distillation",6850.0,465.7,0.0,43.9,50.0,0.1668,0.0417,24.0,FACTORY_OPERATIONAL_DATA
FAC_VAD_01,Apex PetroChem & Polymers Ltd,2024-01-20,"Utility Steam Boiler, Thermic Heater, DG Set & Distillation",7026.0,551.0,0.0,49.7,56.7,0.1889,0.047200000000000006,24.0,FACTORY_OPERATIONAL_DATA
FAC_VAD_01,Apex PetroChem & Polymers Ltd,2024-01-21,"Utility Steam Boiler, Thermic Heater, DG Set & Distillation",5793.0,436.0,26.2,39.7,44.5,0.1429,0.04,18.0,FACTORY_OPERATIONAL_DATA
FAC_VAD_01,Apex PetroChem & Polymers Ltd,2024-01-22,"Utility Steam Boiler, Thermic Heater, DG Set & Distillation",6713.0,502.7,0.0,43.8,49.9,0.1664,0.0416,24.0,FACTORY_OPERATIONAL_DATA
FAC_VAD_01,Apex PetroChem & Polymers Ltd,2024-01-23,"Utility Steam Boiler, Thermic Heater, DG Set & Distillation",9199.0,723.3,0.0,57.3,65.3,0.21769999999999998,0.0544,24.0,FACTORY_OPERATIONAL_DATA
FAC_VAD_01,Apex PetroChem & Polymers Ltd,2024-01-24,"Utility Steam Boiler, Thermic Heater, DG Set & Distillation",7860.0,642.5,0.0,52.8,60.2,0.2006,0.0501,24.0,FACTORY_OPERATIONAL_DATA
FAC_VAD_01,Apex PetroChem & Polymers Ltd,2024-01-25,"Utility Steam Boiler, Thermic Heater, DG Set & Distillation",8432.0,616.2,0.0,53.6,61.1,0.2037,0.0509,24.0,FACTORY_OPERATIONAL_DATA
FAC_VAD_01,Apex PetroChem & Polymers Ltd,2024-01-26,"Utility Steam Boiler, Thermic Heater, DG Set & Distillation",7755.0,578.0,0.0,51.4,58.6,0.1953,0.048799999999999996,24.0,FACTORY_OPERATIONAL_DATA
FAC_VAD_01,Apex PetroChem & Polymers Ltd,2024-01-27,"Utility Steam Boiler, Thermic Heater, DG Set & Distillation",6802.0,513.5,0.0,43.8,49.9,0.1664,0.0416,24.0,FACTORY_OPERATIONAL_DATA
FAC_VAD_01,Apex PetroChem & Polymers Ltd,2024-01-28,"Utility Steam Boiler, Thermic Heater, DG Set & Distillation",4648.0,315.0,40.4,29.5,33.0,0.1062,0.0297,18.0,FACTORY_OPERATIONAL_DATA
FAC_VAD_01,Apex PetroChem & Polymers Ltd,2024-01-29,"Utility Steam Boiler, Thermic Heater, DG Set & Distillation",7382.0,552.9,0.0,46.3,52.8,0.1759,0.044,24.0,FACTORY_OPERATIONAL_DATA
FAC_VAD_01,Apex PetroChem & Polymers Ltd,2024-01-30,"Utility Steam Boiler, Thermic Heater, DG Set & Distillation",7531.0,595.8,42.7,46.5,53.0,0.1767,0.0442,24.0,FACTORY_OPERATIONAL_DATA
FAC_VAD_01,Apex PetroChem & Polymers Ltd,2024-01-31,"Utility Steam Boiler, Thermic Heater, DG Set & Distillation",7499.0,530.4,0.0,48.7,55.5,0.1851,0.046299999999999994,24.0,FACTORY_OPERATIONAL_DATA
FAC_VAD_01,Apex PetroChem & Polymers Ltd,2024-02-01,"Utility Steam Boiler, Thermic Heater, DG Set & Distillation",7131.0,584.0,0.0,47.3,53.9,0.1797,0.044899999999999995,24.0,FACTORY_OPERATIONAL_DATA
FAC_VAD_01,Apex PetroChem & Polymers Ltd,2024-02-02,"Utility Steam Boiler, Thermic Heater, DG Set & Distillation",7340.0,583.8,8.0,50.6,57.7,0.1923,0.048100000000000004,24.0,FACTORY_OPERATIONAL_DATA
FAC_VAD_01,Apex PetroChem & Polymers Ltd,2024-02-03,"Utility Steam Boiler, Thermic Heater, DG Set & Distillation",5639.0,395.8,0.0,33.6,38.3,0.1277,0.0319,24.0,FACTORY_OPERATIONAL_DATA
FAC_VAD_01,Apex PetroChem & Polymers Ltd,2024-02-04,"Utility Steam Boiler, Thermic Heater, DG Set & Distillation",5668.0,444.0,5.8,38.6,43.2,0.139,0.0389,18.0,FACTORY_OPERATIONAL_DATA
FAC_VAD_01,Apex PetroChem & Polymers Ltd,2024-02-05,"Utility Steam Boiler, Thermic Heater, DG Set & Distillation",6828.0,520.7,0.0,42.5,48.4,0.1615,0.0404,24.0,FACTORY_OPERATIONAL_DATA
FAC_VAD_01,Apex PetroChem & Polymers Ltd,2024-02-06,"Utility Steam Boiler, Thermic Heater, DG Set & Distillation",6658.0,486.3,30.2,43.1,49.1,0.1638,0.041,24.0,FACTORY_OPERATIONAL_DATA
FAC_VAD_01,Apex PetroChem & Polymers Ltd,2024-02-07,"Utility Steam Boiler, Thermic Heater, DG Set & Distillation",7599.0,545.8,0.0,46.9,53.5,0.1782,0.0445,24.0,FACTORY_OPERATIONAL_DATA
FAC_VAD_01,Apex PetroChem & Polymers Ltd,2024-02-08,"Utility Steam Boiler, Thermic Heater, DG Set & Distillation",6554.0,546.5,0.0,47.9,54.6,0.182,0.0455,24.0,FACTORY_OPERATIONAL_DATA
FAC_VAD_01,Apex PetroChem & Polymers Ltd,2024-02-09,"Utility Steam Boiler, Thermic Heater, DG Set & Distillation",7991.0,624.5,0.0,52.4,59.7,0.1991,0.0498,24.0,FACTORY_OPERATIONAL_DATA
FAC_VAD_01,Apex PetroChem & Polymers Ltd,2024-02-10,"Utility Steam Boiler, Thermic Heater, DG Set & Distillation",6349.0,461.1,79.2,40.2,45.8,0.15280000000000002,0.038200000000000005,24.0,FACTORY_OPERATIONAL_DATA
FAC_VAD_01,Apex PetroChem & Polymers Ltd,2024-02-11,"Utility Steam Boiler, Thermic Heater, DG Set & Distillation",4343.0,343.0,37.5,30.0,33.6,0.108,0.030199999999999998,18.0,FACTORY_OPERATIONAL_DATA
FAC_VAD_01,Apex PetroChem & Polymers Ltd,2024-02-12,"Utility Steam Boiler, Thermic Heater, DG Set & Distillation",6560.0,511.3,0.0,44.0,50.2,0.1672,0.0418,24.0,FACTORY_OPERATIONAL_DATA
FAC_VAD_01,Apex PetroChem & Polymers Ltd,2024-02-13,"Utility Steam Boiler, Thermic Heater, DG Set & Distillation",7230.0,539.6,0.0,45.3,51.6,0.1721,0.043,24.0,FACTORY_OPERATIONAL_DATA
FAC_VAD_01,Apex PetroChem & Polymers Ltd,2024-02-14,"Utility Steam Boiler, Thermic Heater, DG Set & Distillation",7182.0,552.5,58.2,46.5,53.0,0.1767,0.0442,24.0,FACTORY_OPERATIONAL_DATA
FAC_VAD_01,Apex PetroChem & Polymers Ltd,2024-02-15,"Utility Steam Boiler, Thermic Heater, DG Set & Distillation",8662.0,642.1,0.0,57.1,65.1,0.217,0.054200000000000005,24.0,FACTORY_OPERATIONAL_DATA
FAC_VAD_01,Apex PetroChem & Polymers Ltd,2024-02-16,"Utility Steam Boiler, Thermic Heater, DG Set & Distillation",6922.0,615.0,0.0,50.2,57.2,0.19080000000000003,0.047700000000000006,24.0,FACTORY_OPERATIONAL_DATA
FAC_VAD_01,Apex PetroChem & Polymers Ltd,2024-02-17,"Utility Steam Boiler, Thermic Heater, DG Set & Distillation",6558.0,489.6,0.0,43.0,49.0,0.16340000000000002,0.0409,24.0,FACTORY_OPERATIONAL_DATA
FAC_VAD_01,Apex PetroChem & Polymers Ltd,2024-02-18,"Utility Steam Boiler, Thermic Heater, DG Set & Distillation",4844.0,404.8,7.2,34.3,38.4,0.1235,0.0346,18.0,FACTORY_OPERATIONAL_DATA
FAC_VAD_01,Apex PetroChem & Polymers Ltd,2024-02-19,"Utility Steam Boiler, Thermic Heater, DG Set & Distillation",6457.0,548.2,0.0,44.0,50.2,0.1672,0.0418,24.0,FACTORY_OPERATIONAL_DATA
FAC_VAD_01,Apex PetroChem & Polymers Ltd,2024-02-20,"Utility Steam Boiler, Thermic Heater, DG Set & Distillation",7452.0,579.0,0.0,49.6,56.5,0.1885,0.0471,24.0,FACTORY_OPERATIONAL_DATA
FAC_VAD_01,Apex PetroChem & Polymers Ltd,2024-02-21,"Utility Steam Boiler, Thermic Heater, DG Set & Distillation",5890.0,472.8,0.0,40.2,45.8,0.15280000000000002,0.038200000000000005,24.0,FACTORY_OPERATIONAL_DATA
FAC_VAD_01,Apex PetroChem & Polymers Ltd,2024-02-22,"Utility Steam Boiler, Thermic Heater, DG Set & Distillation",7249.0,635.6,0.0,47.1,53.7,0.179,0.0448,24.0,FACTORY_OPERATIONAL_DATA
FAC_VAD_01,Apex PetroChem & Polymers Ltd,2024-02-23,"Utility Steam Boiler, Thermic Heater, DG Set & Distillation",6548.0,554.3,0.0,44.2,50.4,0.168,0.042,24.0,FACTORY_OPERATIONAL_DATA
FAC_VAD_01,Apex PetroChem & Polymers Ltd,2024-02-24,"Utility Steam Boiler, Thermic Heater, DG Set & Distillation",7663.0,537.5,0.0,48.6,55.4,0.18469999999999998,0.046200000000000005,24.0,FACTORY_OPERATIONAL_DATA
FAC_VAD_01,Apex PetroChem & Polymers Ltd,2024-02-25,"Utility Steam Boiler, Thermic Heater, DG Set & Distillation",4791.0,379.6,20.2,32.3,36.2,0.1163,0.032600000000000004,18.0,FACTORY_OPERATIONAL_DATA
FAC_VAD_01,Apex PetroChem & Polymers Ltd,2024-02-26,"Utility Steam Boiler, Thermic Heater, DG Set & Distillation",7487.0,591.3,0.0,48.3,55.1,0.1835,0.045899999999999996,24.0,FACTORY_OPERATIONAL_DATA
FAC_VAD_01,Apex PetroChem & Polymers Ltd,2024-02-27,"Utility Steam Boiler, Thermic Heater, DG Set & Distillation",6529.0,537.7,0.0,43.8,49.9,0.1664,0.0416,24.0,FACTORY_OPERATIONAL_DATA
FAC_VAD_01,Apex PetroChem & Polymers Ltd,2024-02-28,"Utility Steam Boiler, Thermic Heater, DG Set & Distillation",6751.0,536.2,0.0,46.3,52.8,0.1759,0.044,24.0,FACTORY_OPERATIONAL_DATA
FAC_VAD_01,Apex PetroChem & Polymers Ltd,2024-02-29,"Utility Steam Boiler, Thermic Heater, DG Set & Distillation",7676.0,572.8,0.0,50.1,57.1,0.1904,0.0476,24.0,FACTORY_OPERATIONAL_DATA
FAC_VAD_01,Apex PetroChem & Polymers Ltd,2024-03-01,"Utility Steam Boiler, Thermic Heater, DG Set & Distillation",7287.0,602.9,0.0,48.1,54.8,0.18280000000000002,0.045700000000000005,24.0,FACTORY_OPERATIONAL_DATA
FAC_VAD_01,Apex PetroChem & Polymers Ltd,2024-03-02,"Utility Steam Boiler, Thermic Heater, DG Set & Distillation",8075.0,622.3,203.0,50.3,57.3,0.1911,0.047799999999999995,24.0,FACTORY_OPERATIONAL_DATA
FAC_VAD_01,Apex PetroChem & Polymers Ltd,2024-03-03,"Utility Steam Boiler, Thermic Heater, DG Set & Distillation",4386.0,334.4,30.0,30.2,33.8,0.1087,0.0304,18.0,FACTORY_OPERATIONAL_DATA
FAC_VAD_01,Apex PetroChem & Polymers Ltd,2024-03-04,"Utility Steam Boiler, Thermic Heater, DG Set & Distillation",7196.0,565.6,124.9,46.7,53.2,0.1775,0.0444,24.0,FACTORY_OPERATIONAL_DATA
FAC_VAD_01,Apex PetroChem & Polymers Ltd,2024-03-05,"Utility Steam Boiler, Thermic Heater, DG Set & Distillation",7605.0,579.1,0.0,49.7,56.7,0.1889,0.047200000000000006,24.0,FACTORY_OPERATIONAL_DATA
FAC_VAD_01,Apex PetroChem & Polymers Ltd,2024-03-06,"Utility Steam Boiler, Thermic Heater, DG Set & Distillation",7713.0,636.7,0.0,54.6,62.2,0.2075,0.0519,24.0,FACTORY_OPERATIONAL_DATA
FAC_VAD_01,Apex PetroChem & Polymers Ltd,2024-03-07,"Utility Steam Boiler, Thermic Heater, DG Set & Distillation",6074.0,426.1,0.0,37.4,42.6,0.1421,0.0355,24.0,FACTORY_OPERATIONAL_DATA
FAC_VAD_01,Apex PetroChem & Polymers Ltd,2024-03-08,"Utility Steam Boiler, Thermic Heater, DG Set & Distillation",7029.0,578.9,0.0,47.9,54.6,0.182,0.0455,24.0,FACTORY_OPERATIONAL_DATA
FAC_VAD_01,Apex PetroChem & Polymers Ltd,2024-03-09,"Utility Steam Boiler, Thermic Heater, DG Set & Distillation",6996.0,543.1,0.0,46.8,53.4,0.1778,0.0445,24.0,FACTORY_OPERATIONAL_DATA
FAC_VAD_01,Apex PetroChem & Polymers Ltd,2024-03-10,"Utility Steam Boiler, Thermic Heater, DG Set & Distillation",4790.0,362.0,38.8,31.3,35.1,0.11270000000000001,0.0316,18.0,FACTORY_OPERATIONAL_DATA
FAC_VAD_01,Apex PetroChem & Polymers Ltd,2024-03-11,"Utility Steam Boiler, Thermic Heater, DG Set & Distillation",8177.0,614.6,0.0,53.0,60.4,0.2014,0.0504,24.0,FACTORY_OPERATIONAL_DATA
FAC_VAD_01,Apex PetroChem & Polymers Ltd,2024-03-12,"Utility Steam Boiler, Thermic Heater, DG Set & Distillation",7044.0,574.5,0.0,47.9,54.6,0.182,0.0455,24.0,FACTORY_OPERATIONAL_DATA
FAC_VAD_01,Apex PetroChem & Polymers Ltd,2024-03-13,"Utility Steam Boiler, Thermic Heater, DG Set & Distillation",7031.0,544.3,172.4,45.7,52.1,0.1737,0.0434,24.0,FACTORY_OPERATIONAL_DATA
FAC_VAD_01,Apex PetroChem & Polymers Ltd,2024-03-14,"Utility Steam Boiler, Thermic Heater, DG Set & Distillation",6695.0,572.8,0.0,46.7,53.2,0.1775,0.0444,24.0,FACTORY_OPERATIONAL_DATA
FAC_VAD_01,Apex PetroChem & Polymers Ltd,2024-03-15,"Utility Steam Boiler, Thermic Heater, DG Set & Distillation",6130.0,455.1,0.0,38.3,43.7,0.1455,0.0364,24.0,FACTORY_OPERATIONAL_DATA
FAC_VAD_01,Apex PetroChem & Polymers Ltd,2024-03-16,"Utility Steam Boiler, Thermic Heater, DG Set & Distillation",6440.0,497.3,0.0,41.4,47.2,0.15730000000000002,0.039299999999999995,24.0,FACTORY_OPERATIONAL_DATA
FAC_VAD_01,Apex PetroChem & Polymers Ltd,2024-03-17,"Utility Steam Boiler, Thermic Heater, DG Set & Distillation",4434.0,350.8,32.9,30.2,33.8,0.1087,0.0304,18.0,FACTORY_OPERATIONAL_DATA
FAC_VAD_01,Apex PetroChem & Polymers Ltd,2024-03-18,"Utility Steam Boiler, Thermic Heater, DG Set & Distillation",7505.0,602.0,0.0,51.3,58.5,0.19490000000000002,0.0487,24.0,FACTORY_OPERATIONAL_DATA
FAC_VAD_01,Apex PetroChem & Polymers Ltd,2024-03-19,"Utility Steam Boiler, Thermic Heater, DG Set & Distillation",7478.0,602.2,52.2,48.7,55.5,0.1851,0.046299999999999994,24.0,FACTORY_OPERATIONAL_DATA
FAC_VAD_01,Apex PetroChem & Polymers Ltd,2024-03-20,"Utility Steam Boiler, Thermic Heater, DG Set & Distillation",7377.0,557.3,0.0,47.7,54.4,0.18130000000000002,0.0453,24.0,FACTORY_OPERATIONAL_DATA
FAC_VAD_01,Apex PetroChem & Polymers Ltd,2024-03-21,"Utility Steam Boiler, Thermic Heater, DG Set & Distillation",7913.0,590.6,312.7,50.6,57.7,0.1923,0.048100000000000004,24.0,FACTORY_OPERATIONAL_DATA
FAC_VAD_01,Apex PetroChem & Polymers Ltd,2024-03-22,"Utility Steam Boiler, Thermic Heater, DG Set & Distillation",8093.0,579.6,0.0,51.1,58.3,0.19419999999999998,0.0485,24.0,FACTORY_OPERATIONAL_DATA
FAC_VAD_01,Apex PetroChem & Polymers Ltd,2024-03-23,"Utility Steam Boiler, Thermic Heater, DG Set & Distillation",7899.0,595.7,0.0,51.3,58.5,0.19490000000000002,0.0487,24.0,FACTORY_OPERATIONAL_DATA
FAC_VAD_01,Apex PetroChem & Polymers Ltd,2024-03-24,"Utility Steam Boiler, Thermic Heater, DG Set & Distillation",4628.0,359.5,0.5,32.4,36.3,0.1166,0.032600000000000004,18.0,FACTORY_OPERATIONAL_DATA
FAC_VAD_01,Apex PetroChem & Polymers Ltd,2024-03-25,"Utility Steam Boiler, Thermic Heater, DG Set & Distillation",5385.0,448.1,0.0,38.6,44.0,0.1467,0.0367,24.0,FACTORY_OPERATIONAL_DATA
FAC_VAD_01,Apex PetroChem & Polymers Ltd,2024-03-26,"Utility Steam Boiler, Thermic Heater, DG Set & Distillation",8402.0,636.2,0.0,51.9,59.2,0.1972,0.0493,24.0,FACTORY_OPERATIONAL_DATA
FAC_VAD_01,Apex PetroChem & Polymers Ltd,2024-03-27,"Utility Steam Boiler, Thermic Heater, DG Set & Distillation",7883.0,593.8,0.0,51.7,58.9,0.1965,0.049100000000000005,24.0,FACTORY_OPERATIONAL_DATA
FAC_VAD_01,Apex PetroChem & Polymers Ltd,2024-03-28,"Utility Steam Boiler, Thermic Heater, DG Set & Distillation",7295.0,541.0,169.1,45.7,52.1,0.1737,0.0434,24.0,FACTORY_OPERATIONAL_DATA
FAC_VAD_01,Apex PetroChem & Polymers Ltd,2024-03-29,"Utility Steam Boiler, Thermic Heater, DG Set & Distillation",6889.0,518.1,0.0,43.4,49.5,0.16490000000000002,0.0412,24.0,FACTORY_OPERATIONAL_DATA
FAC_VAD_01,Apex PetroChem & Polymers Ltd,2024-03-30,"Utility Steam Boiler, Thermic Heater, DG Set & Distillation",8482.0,612.2,0.0,50.5,57.6,0.19190000000000002,0.048,24.0,FACTORY_OPERATIONAL_DATA
FAC_VAD_01,Apex PetroChem & Polymers Ltd,2024-03-31,"Utility Steam Boiler, Thermic Heater, DG Set & Distillation",4800.0,335.4,89.2,32.4,36.3,0.1166,0.032600000000000004,18.0,FACTORY_OPERATIONAL_DATA
FAC_VAD_01,Apex PetroChem & Polymers Ltd,2024-04-01,"Utility Steam Boiler, Thermic Heater, DG Set & Distillation",8011.0,700.5,0.0,54.9,62.6,0.2086,0.0521,24.0,FACTORY_OPERATIONAL_DATA
FAC_VAD_01,Apex PetroChem & Polymers Ltd,2024-04-02,"Utility Steam Boiler, Thermic Heater, DG Set & Distillation",8565.0,681.7,46.1,56.2,64.1,0.21359999999999998,0.053399999999999996,24.0,FACTORY_OPERATIONAL_DATA
FAC_VAD_01,Apex PetroChem & Polymers Ltd,2024-04-03,"Utility Steam Boiler, Thermic Heater, DG Set & Distillation",6027.0,526.3,0.0,40.0,45.6,0.152,0.038,24.0,FACTORY_OPERATIONAL_DATA
FAC_VAD_01,Apex PetroChem & Polymers Ltd,2024-04-04,"Utility Steam Boiler, Thermic Heater, DG Set & Distillation",9108.0,669.0,27.9,55.4,63.2,0.2105,0.0526,24.0,FACTORY_OPERATIONAL_DATA
FAC_VAD_01,Apex PetroChem & Polymers Ltd,2024-04-05,"Utility Steam Boiler, Thermic Heater, DG Set & Distillation",6710.0,561.3,14.3,48.5,55.3,0.18430000000000002,0.0461,24.0,FACTORY_OPERATIONAL_DATA
FAC_VAD_01,Apex PetroChem & Polymers Ltd,2024-04-06,"Utility Steam Boiler, Thermic Heater, DG Set & Distillation",7264.0,501.7,0.0,46.9,53.5,0.1782,0.0445,24.0,FACTORY_OPERATIONAL_DATA
FAC_VAD_01,Apex PetroChem & Polymers Ltd,2024-04-07,"Utility Steam Boiler, Thermic Heater, DG Set & Distillation",4058.0,337.2,0.2,30.0,33.6,0.108,0.030199999999999998,18.0,FACTORY_OPERATIONAL_DATA
FAC_VAD_01,Apex PetroChem & Polymers Ltd,2024-04-08,"Utility Steam Boiler, Thermic Heater, DG Set & Distillation",8261.0,615.7,0.0,53.4,60.9,0.2029,0.0507,24.0,FACTORY_OPERATIONAL_DATA
FAC_VAD_01,Apex PetroChem & Polymers Ltd,2024-04-09,"Utility Steam Boiler, Thermic Heater, DG Set & Distillation",9580.0,724.1,91.2,61.7,70.3,0.2345,0.0586,24.0,FACTORY_OPERATIONAL_DATA
FAC_VAD_01,Apex PetroChem & Polymers Ltd,2024-04-10,"Utility Steam Boiler, Thermic Heater, DG Set & Distillation",7376.0,527.6,0.0,46.4,52.9,0.1763,0.0441,24.0,FACTORY_OPERATIONAL_DATA
FAC_VAD_01,Apex PetroChem & Polymers Ltd,2024-04-11,"Utility Steam Boiler, Thermic Heater, DG Set & Distillation",7115.0,557.6,0.0,48.1,54.8,0.18280000000000002,0.045700000000000005,24.0,FACTORY_OPERATIONAL_DATA
FAC_VAD_01,Apex PetroChem & Polymers Ltd,2024-04-12,"Utility Steam Boiler, Thermic Heater, DG Set & Distillation",6008.0,420.6,0.0,39.0,44.5,0.1482,0.037,24.0,FACTORY_OPERATIONAL_DATA
FAC_VAD_01,Apex PetroChem & Polymers Ltd,2024-04-13,"Utility Steam Boiler, Thermic Heater, DG Set & Distillation",7513.0,618.9,0.0,50.5,57.6,0.19190000000000002,0.048,24.0,FACTORY_OPERATIONAL_DATA
FAC_VAD_01,Apex PetroChem & Polymers Ltd,2024-04-14,"Utility Steam Boiler, Thermic Heater, DG Set & Distillation",5122.0,372.9,4.9,33.1,37.1,0.1192,0.0334,18.0,FACTORY_OPERATIONAL_DATA
FAC_VAD_01,Apex PetroChem & Polymers Ltd,2024-04-15,"Utility Steam Boiler, Thermic Heater, DG Set & Distillation",7317.0,598.7,0.0,52.5,59.8,0.1995,0.0499,24.0,FACTORY_OPERATIONAL_DATA
FAC_VAD_01,Apex PetroChem & Polymers Ltd,2024-04-16,"Utility Steam Boiler, Thermic Heater, DG Set & Distillation",7089.0,528.7,41.6,46.9,53.5,0.1782,0.0445,24.0,FACTORY_OPERATIONAL_DATA
FAC_VAD_01,Apex PetroChem & Polymers Ltd,2024-04-17,"Utility Steam Boiler, Thermic Heater, DG Set & Distillation",7489.0,575.3,0.0,48.4,55.2,0.1839,0.046,24.0,FACTORY_OPERATIONAL_DATA
FAC_VAD_01,Apex PetroChem & Polymers Ltd,2024-04-18,"Utility Steam Boiler, Thermic Heater, DG Set & Distillation",8255.0,592.7,0.0,53.9,61.4,0.2048,0.0512,24.0,FACTORY_OPERATIONAL_DATA
FAC_VAD_01,Apex PetroChem & Polymers Ltd,2024-04-19,"Utility Steam Boiler, Thermic Heater, DG Set & Distillation",7982.0,595.9,0.0,51.8,59.1,0.1968,0.0492,24.0,FACTORY_OPERATIONAL_DATA
FAC_VAD_01,Apex PetroChem & Polymers Ltd,2024-04-20,"Utility Steam Boiler, Thermic Heater, DG Set & Distillation",6832.0,551.3,0.0,48.3,55.1,0.1835,0.045899999999999996,24.0,FACTORY_OPERATIONAL_DATA
FAC_VAD_01,Apex PetroChem & Polymers Ltd,2024-04-21,"Utility Steam Boiler, Thermic Heater, DG Set & Distillation",4717.0,354.6,5.3,32.4,36.3,0.1166,0.032600000000000004,18.0,FACTORY_OPERATIONAL_DATA
FAC_VAD_01,Apex PetroChem & Polymers Ltd,2024-04-22,"Utility Steam Boiler, Thermic Heater, DG Set & Distillation",6063.0,469.1,0.0,38.2,43.5,0.1452,0.0363,24.0,FACTORY_OPERATIONAL_DATA
FAC_VAD_01,Apex PetroChem & Polymers Ltd,2024-04-23,"Utility Steam Boiler, Thermic Heater, DG Set & Distillation",8801.0,625.8,0.0,54.4,62.0,0.2067,0.0517,24.0,FACTORY_OPERATIONAL_DATA
FAC_VAD_01,Apex PetroChem & Polymers Ltd,2024-04-24,"Utility Steam Boiler, Thermic Heater, DG Set & Distillation",6502.0,483.6,0.0,43.3,49.4,0.1645,0.041100000000000005,24.0,FACTORY_OPERATIONAL_DATA
FAC_VAD_01,Apex PetroChem & Polymers Ltd,2024-04-25,"Utility Steam Boiler, Thermic Heater, DG Set & Distillation",8468.0,658.6,0.0,55.2,62.9,0.20980000000000001,0.0525,24.0,FACTORY_OPERATIONAL_DATA
FAC_VAD_01,Apex PetroChem & Polymers Ltd,2024-04-26,"Utility Steam Boiler, Thermic Heater, DG Set & Distillation",5362.0,441.7,0.0,38.9,44.3,0.14780000000000001,0.037,24.0,FACTORY_OPERATIONAL_DATA
FAC_VAD_01,Apex PetroChem & Polymers Ltd,2024-04-27,"Utility Steam Boiler, Thermic Heater, DG Set & Distillation",8531.0,661.8,0.0,53.9,61.4,0.2048,0.0512,24.0,FACTORY_OPERATIONAL_DATA
FAC_VAD_01,Apex PetroChem & Polymers Ltd,2024-04-28,"Utility Steam Boiler, Thermic Heater, DG Set & Distillation",4737.0,362.6,1.0,34.0,38.1,0.12240000000000001,0.0343,18.0,FACTORY_OPERATIONAL_DATA
FAC_VAD_01,Apex PetroChem & Polymers Ltd,2024-04-29,"Utility Steam Boiler, Thermic Heater, DG Set & Distillation",7380.0,573.2,0.0,45.8,52.2,0.174,0.0435,24.0,FACTORY_OPERATIONAL_DATA
FAC_VAD_01,Apex PetroChem & Polymers Ltd,2024-04-30,"Utility Steam Boiler, Thermic Heater, DG Set & Distillation",7507.0,539.1,0.0,47.2,53.8,0.1794,0.044899999999999995,24.0,FACTORY_OPERATIONAL_DATA
FAC_VAD_01,Apex PetroChem & Polymers Ltd,2024-05-01,"Utility Steam Boiler, Thermic Heater, DG Set & Distillation",6221.0,465.9,0.0,42.1,48.0,0.16,0.04,24.0,FACTORY_OPERATIONAL_DATA
FAC_VAD_01,Apex PetroChem & Polymers Ltd,2024-05-02,"Utility Steam Boiler, Thermic Heater, DG Set & Distillation",8726.0,666.9,66.9,57.5,65.5,0.2185,0.0546,24.0,FACTORY_OPERATIONAL_DATA
FAC_VAD_01,Apex PetroChem & Polymers Ltd,2024-05-03,"Utility Steam Boiler, Thermic Heater, DG Set & Distillation",6552.0,496.6,3.0,42.3,48.2,0.16069999999999998,0.0402,24.0,FACTORY_OPERATIONAL_DATA
FAC_VAD_01,Apex PetroChem & Polymers Ltd,2024-05-04,"Utility Steam Boiler, Thermic Heater, DG Set & Distillation",5919.0,492.5,0.0,42.5,48.4,0.1615,0.0404,24.0,FACTORY_OPERATIONAL_DATA
FAC_VAD_01,Apex PetroChem & Polymers Ltd,2024-05-05,"Utility Steam Boiler, Thermic Heater, DG Set & Distillation",4805.0,386.8,36.9,33.6,37.6,0.121,0.0339,18.0,FACTORY_OPERATIONAL_DATA
FAC_VAD_01,Apex PetroChem & Polymers Ltd,2024-05-06,"Utility Steam Boiler, Thermic Heater, DG Set & Distillation",6284.0,438.4,76.6,40.3,45.9,0.15309999999999999,0.038299999999999994,24.0,FACTORY_OPERATIONAL_DATA
FAC_VAD_01,Apex PetroChem & Polymers Ltd,2024-05-07,"Utility Steam Boiler, Thermic Heater, DG Set & Distillation",5821.0,485.4,0.0,37.8,43.1,0.1436,0.0359,24.0,FACTORY_OPERATIONAL_DATA
FAC_VAD_01,Apex PetroChem & Polymers Ltd,2024-05-08,"Utility Steam Boiler, Thermic Heater, DG Set & Distillation",5692.0,446.6,39.8,39.0,44.5,0.1482,0.037,24.0,FACTORY_OPERATIONAL_DATA
FAC_VAD_01,Apex PetroChem & Polymers Ltd,2024-05-09,"Utility Steam Boiler, Thermic Heater, DG Set & Distillation",7049.0,480.3,0.0,44.9,51.2,0.1706,0.0426,24.0,FACTORY_OPERATIONAL_DATA
FAC_VAD_01,Apex PetroChem & Polymers Ltd,2024-05-10,"Utility Steam Boiler, Thermic Heater, DG Set & Distillation",7098.0,528.1,0.0,47.1,53.7,0.179,0.0448,24.0,FACTORY_OPERATIONAL_DATA
FAC_VAD_01,Apex PetroChem & Polymers Ltd,2024-05-11,"Utility Steam Boiler, Thermic Heater, DG Set & Distillation",9662.0,732.0,0.0,59.7,68.1,0.22690000000000002,0.0567,24.0,FACTORY_OPERATIONAL_DATA
FAC_VAD_01,Apex PetroChem & Polymers Ltd,2024-05-12,"Utility Steam Boiler, Thermic Heater, DG Set & Distillation",4808.0,352.7,31.3,33.2,37.2,0.1195,0.0335,18.0,FACTORY_OPERATIONAL_DATA
FAC_VAD_01,Apex PetroChem & Polymers Ltd,2024-05-13,"Utility Steam Boiler, Thermic Heater, DG Set & Distillation",7011.0,539.7,0.0,45.2,51.5,0.1718,0.043,24.0,FACTORY_OPERATIONAL_DATA
FAC_VAD_01,Apex PetroChem & Polymers Ltd,2024-05-14,"Utility Steam Boiler, Thermic Heater, DG Set & Distillation",6823.0,552.2,0.0,46.2,52.7,0.1756,0.0439,24.0,FACTORY_OPERATIONAL_DATA
FAC_VAD_01,Apex PetroChem & Polymers Ltd,2024-05-15,"Utility Steam Boiler, Thermic Heater, DG Set & Distillation",7956.0,627.7,0.0,52.4,59.7,0.1991,0.0498,24.0,FACTORY_OPERATIONAL_DATA
FAC_VAD_01,Apex PetroChem & Polymers Ltd,2024-05-16,"Utility Steam Boiler, Thermic Heater, DG Set & Distillation",7059.0,607.9,136.3,49.3,56.2,0.18730000000000002,0.046799999999999994,24.0,FACTORY_OPERATIONAL_DATA
FAC_VAD_01,Apex PetroChem & Polymers Ltd,2024-05-17,"Utility Steam Boiler, Thermic Heater, DG Set & Distillation",5932.0,522.9,0.0,43.8,49.9,0.1664,0.0416,24.0,FACTORY_OPERATIONAL_DATA
FAC_VAD_01,Apex PetroChem & Polymers Ltd,2024-05-18,"Utility Steam Boiler, Thermic Heater, DG Set & Distillation",8085.0,634.5,0.0,53.3,60.8,0.2025,0.0506,24.0,FACTORY_OPERATIONAL_DATA
FAC_VAD_01,Apex PetroChem & Polymers Ltd,2024-05-19,"Utility Steam Boiler, Thermic Heater, DG Set & Distillation",5533.0,410.5,125.0,36.1,40.4,0.13,0.0364,18.0,FACTORY_OPERATIONAL_DATA
FAC_VAD_01,Apex PetroChem & Polymers Ltd,2024-05-20,"Utility Steam Boiler, Thermic Heater, DG Set & Distillation",7086.0,550.8,0.0,47.0,53.6,0.17859999999999998,0.0446,24.0,FACTORY_OPERATIONAL_DATA
FAC_VAD_01,Apex PetroChem & Polymers Ltd,2024-05-21,"Utility Steam Boiler, Thermic Heater, DG Set & Distillation",8463.0,630.3,0.0,53.7,61.2,0.2041,0.051,24.0,FACTORY_OPERATIONAL_DATA
FAC_VAD_01,Apex PetroChem & Polymers Ltd,2024-05-22,"Utility Steam Boiler, Thermic Heater, DG Set & Distillation",7792.0,610.2,0.0,51.3,58.5,0.19490000000000002,0.0487,24.0,FACTORY_OPERATIONAL_DATA
FAC_VAD_01,Apex PetroChem & Polymers Ltd,2024-05-23,"Utility Steam Boiler, Thermic Heater, DG Set & Distillation",7338.0,567.8,33.8,46.1,52.6,0.1752,0.0438,24.0,FACTORY_OPERATIONAL_DATA
FAC_VAD_01,Apex PetroChem & Polymers Ltd,2024-05-24,"Utility Steam Boiler, Thermic Heater, DG Set & Distillation",7894.0,620.4,0.0,53.7,61.2,0.2041,0.051,24.0,FACTORY_OPERATIONAL_DATA
FAC_VAD_01,Apex PetroChem & Polymers Ltd,2024-05-25,"Utility Steam Boiler, Thermic Heater, DG Set & Distillation",6933.0,550.1,0.0,44.6,50.8,0.1695,0.0424,24.0,FACTORY_OPERATIONAL_DATA
FAC_VAD_01,Apex PetroChem & Polymers Ltd,2024-05-26,"Utility Steam Boiler, Thermic Heater, DG Set & Distillation",5464.0,426.3,58.6,37.1,41.6,0.1336,0.037399999999999996,18.0,FACTORY_OPERATIONAL_DATA
FAC_VAD_01,Apex PetroChem & Polymers Ltd,2024-05-27,"Utility Steam Boiler, Thermic Heater, DG Set & Distillation",7052.0,560.7,0.0,45.0,51.3,0.171,0.0428,24.0,FACTORY_OPERATIONAL_DATA
FAC_VAD_01,Apex PetroChem & Polymers Ltd,2024-05-28,"Utility Steam Boiler, Thermic Heater, DG Set & Distillation",6472.0,526.9,0.0,44.2,50.4,0.168,0.042,24.0,FACTORY_OPERATIONAL_DATA
FAC_VAD_01,Apex PetroChem & Polymers Ltd,2024-05-29,"Utility Steam Boiler, Thermic Heater, DG Set & Distillation",7237.0,548.3,0.0,47.9,54.6,0.182,0.0455,24.0,FACTORY_OPERATIONAL_DATA
FAC_VAD_01,Apex PetroChem & Polymers Ltd,2024-05-30,"Utility Steam Boiler, Thermic Heater, DG Set & Distillation",7381.0,568.9,0.0,48.5,55.3,0.18430000000000002,0.0461,24.0,FACTORY_OPERATIONAL_DATA
FAC_VAD_01,Apex PetroChem & Polymers Ltd,2024-05-31,"Utility Steam Boiler, Thermic Heater, DG Set & Distillation",7507.0,601.8,0.0,51.0,58.1,0.1938,0.0485,24.0,FACTORY_OPERATIONAL_DATA
FAC_VAD_01,Apex PetroChem & Polymers Ltd,2024-06-01,"Utility Steam Boiler, Thermic Heater, DG Set & Distillation",7111.0,557.8,0.0,47.1,53.7,0.179,0.0448,24.0,FACTORY_OPERATIONAL_DATA
FAC_VAD_01,Apex PetroChem & Polymers Ltd,2024-06-02,"Utility Steam Boiler, Thermic Heater, DG Set & Distillation",4481.0,349.1,65.1,32.2,36.1,0.1159,0.0325,18.0,FACTORY_OPERATIONAL_DATA
FAC_VAD_01,Apex PetroChem & Polymers Ltd,2024-06-03,"Utility Steam Boiler, Thermic Heater, DG Set & Distillation",7091.0,574.5,0.0,47.2,53.8,0.1794,0.044899999999999995,24.0,FACTORY_OPERATIONAL_DATA
FAC_VAD_01,Apex PetroChem & Polymers Ltd,2024-06-04,"Utility Steam Boiler, Thermic Heater, DG Set & Distillation",7411.0,620.0,0.0,51.2,58.4,0.1946,0.048600000000000004,24.0,FACTORY_OPERATIONAL_DATA
FAC_VAD_01,Apex PetroChem & Polymers Ltd,2024-06-05,"Utility Steam Boiler, Thermic Heater, DG Set & Distillation",5778.0,498.5,0.0,39.7,45.3,0.1509,0.037700000000000004,24.0,FACTORY_OPERATIONAL_DATA
FAC_VAD_01,Apex PetroChem & Polymers Ltd,2024-06-06,"Utility Steam Boiler, Thermic Heater, DG Set & Distillation",7610.0,511.0,0.0,49.7,56.7,0.1889,0.047200000000000006,24.0,FACTORY_OPERATIONAL_DATA
FAC_VAD_01,Apex PetroChem & Polymers Ltd,2024-06-07,"Utility Steam Boiler, Thermic Heater, DG Set & Distillation",6478.0,533.4,0.0,44.8,51.1,0.1702,0.0425,24.0,FACTORY_OPERATIONAL_DATA
FAC_VAD_01,Apex PetroChem & Polymers Ltd,2024-06-08,"Utility Steam Boiler, Thermic Heater, DG Set & Distillation",8040.0,624.3,0.0,51.9,59.2,0.1972,0.0493,24.0,FACTORY_OPERATIONAL_DATA
FAC_VAD_01,Apex PetroChem & Polymers Ltd,2024-06-09,"Utility Steam Boiler, Thermic Heater, DG Set & Distillation",4260.0,341.5,27.5,30.4,34.0,0.10940000000000001,0.030600000000000002,18.0,FACTORY_OPERATIONAL_DATA
FAC_VAD_01,Apex PetroChem & Polymers Ltd,2024-06-10,"Utility Steam Boiler, Thermic Heater, DG Set & Distillation",7842.0,601.0,0.0,52.4,59.7,0.1991,0.0498,24.0,FACTORY_OPERATIONAL_DATA
FAC_VAD_01,Apex PetroChem & Polymers Ltd,2024-06-11,"Utility Steam Boiler, Thermic Heater, DG Set & Distillation",7111.0,530.2,173.7,44.9,51.2,0.1706,0.0426,24.0,FACTORY_OPERATIONAL_DATA
FAC_VAD_01,Apex PetroChem & Polymers Ltd,2024-06-12,"Utility Steam Boiler, Thermic Heater, DG Set & Distillation",6843.0,483.6,42.4,42.8,48.8,0.1626,0.040600000000000004,24.0,FACTORY_OPERATIONAL_DATA
FAC_VAD_01,Apex PetroChem & Polymers Ltd,2024-06-13,"Utility Steam Boiler, Thermic Heater, DG Set & Distillation",8151.0,596.7,0.0,51.6,58.8,0.1961,0.049,24.0,FACTORY_OPERATIONAL_DATA
FAC_VAD_01,Apex PetroChem & Polymers Ltd,2024-06-14,"Utility Steam Boiler, Thermic Heater, DG Set & Distillation",6753.0,548.7,0.0,44.7,51.0,0.1699,0.0425,24.0,FACTORY_OPERATIONAL_DATA
FAC_VAD_01,Apex PetroChem & Polymers Ltd,2024-06-15,"Utility Steam Boiler, Thermic Heater, DG Set & Distillation",7721.0,612.4,0.0,47.7,54.4,0.18130000000000002,0.0453,24.0,FACTORY_OPERATIONAL_DATA
FAC_VAD_01,Apex PetroChem & Polymers Ltd,2024-06-16,"Utility Steam Boiler, Thermic Heater, DG Set & Distillation",4554.0,347.1,135.3,29.7,33.3,0.10690000000000001,0.0299,18.0,FACTORY_OPERATIONAL_DATA
FAC_VAD_01,Apex PetroChem & Polymers Ltd,2024-06-17,"Utility Steam Boiler, Thermic Heater, DG Set & Distillation",6551.0,530.3,0.0,42.7,48.7,0.1623,0.040600000000000004,24.0,FACTORY_OPERATIONAL_DATA
FAC_VAD_01,Apex PetroChem & Polymers Ltd,2024-06-18,"Utility Steam Boiler, Thermic Heater, DG Set & Distillation",6948.0,546.4,0.0,46.6,53.1,0.1771,0.0443,24.0,FACTORY_OPERATIONAL_DATA
FAC_VAD_01,Apex PetroChem & Polymers Ltd,2024-06-19,"Utility Steam Boiler, Thermic Heater, DG Set & Distillation",4705.0,399.3,0.0,33.8,38.5,0.12840000000000001,0.032100000000000004,24.0,FACTORY_OPERATIONAL_DATA
FAC_VAD_01,Apex PetroChem & Polymers Ltd,2024-06-20,"Utility Steam Boiler, Thermic Heater, DG Set & Distillation",7100.0,541.9,0.0,47.0,53.6,0.17859999999999998,0.0446,24.0,FACTORY_OPERATIONAL_DATA
FAC_VAD_01,Apex PetroChem & Polymers Ltd,2024-06-21,"Utility Steam Boiler, Thermic Heater, DG Set & Distillation",8119.0,631.6,0.0,54.2,61.8,0.206,0.0515,24.0,FACTORY_OPERATIONAL_DATA
FAC_VAD_01,Apex PetroChem & Polymers Ltd,2024-06-22,"Utility Steam Boiler, Thermic Heater, DG Set & Distillation",7638.0,620.7,107.6,50.4,57.5,0.1915,0.0479,24.0,FACTORY_OPERATIONAL_DATA
FAC_VAD_01,Apex PetroChem & Polymers Ltd,2024-06-23,"Utility Steam Boiler, Thermic Heater, DG Set & Distillation",4251.0,334.8,53.7,28.8,32.3,0.1037,0.029,18.0,FACTORY_OPERATIONAL_DATA
FAC_VAD_01,Apex PetroChem & Polymers Ltd,2024-06-24,"Utility Steam Boiler, Thermic Heater, DG Set & Distillation",6201.0,540.2,0.0,43.5,49.6,0.1653,0.041299999999999996,24.0,FACTORY_OPERATIONAL_DATA
FAC_VAD_01,Apex PetroChem & Polymers Ltd,2024-06-25,"Utility Steam Boiler, Thermic Heater, DG Set & Distillation",6513.0,529.3,0.0,43.5,49.6,0.1653,0.041299999999999996,24.0,FACTORY_OPERATIONAL_DATA
FAC_VAD_01,Apex PetroChem & Polymers Ltd,2024-06-26,"Utility Steam Boiler, Thermic Heater, DG Set & Distillation",7788.0,558.2,0.0,51.0,58.1,0.1938,0.0485,24.0,FACTORY_OPERATIONAL_DATA
FAC_VAD_01,Apex PetroChem & Polymers Ltd,2024-06-27,"Utility Steam Boiler, Thermic Heater, DG Set & Distillation",6360.0,528.6,0.0,46.9,53.5,0.1782,0.0445,24.0,FACTORY_OPERATIONAL_DATA
FAC_VAD_01,Apex PetroChem & Polymers Ltd,2024-06-28,"Utility Steam Boiler, Thermic Heater, DG Set & Distillation",7149.0,552.7,0.0,47.0,53.6,0.17859999999999998,0.0446,24.0,FACTORY_OPERATIONAL_DATA
FAC_VAD_01,Apex PetroChem & Polymers Ltd,2024-06-29,"Utility Steam Boiler, Thermic Heater, DG Set & Distillation",6957.0,581.3,0.0,48.1,54.8,0.18280000000000002,0.045700000000000005,24.0,FACTORY_OPERATIONAL_DATA
FAC_VAD_01,Apex PetroChem & Polymers Ltd,2024-06-30,"Utility Steam Boiler, Thermic Heater, DG Set & Distillation",6037.0,444.2,149.2,39.5,44.2,0.1422,0.039799999999999995,18.0,FACTORY_OPERATIONAL_DATA
FAC_VAD_01,Apex PetroChem & Polymers Ltd,2024-07-01,"Utility Steam Boiler, Thermic Heater, DG Set & Distillation",7707.0,621.3,33.0,51.4,58.6,0.1953,0.048799999999999996,24.0,FACTORY_OPERATIONAL_DATA
FAC_VAD_01,Apex PetroChem & Polymers Ltd,2024-07-02,"Utility Steam Boiler, Thermic Heater, DG Set & Distillation",7320.0,534.7,0.0,45.1,51.4,0.1714,0.0429,24.0,FACTORY_OPERATIONAL_DATA
FAC_VAD_01,Apex PetroChem & Polymers Ltd,2024-07-03,"Utility Steam Boiler, Thermic Heater, DG Set & Distillation",8242.0,590.4,0.0,52.9,60.3,0.201,0.0502,24.0,FACTORY_OPERATIONAL_DATA
FAC_VAD_01,Apex PetroChem & Polymers Ltd,2024-07-04,"Utility Steam Boiler, Thermic Heater, DG Set & Distillation",7564.0,566.5,24.6,51.4,58.6,0.1953,0.048799999999999996,24.0,FACTORY_OPERATIONAL_DATA
FAC_VAD_01,Apex PetroChem & Polymers Ltd,2024-07-05,"Utility Steam Boiler, Thermic Heater, DG Set & Distillation",7167.0,519.4,300.7,47.5,54.1,0.1805,0.0451,24.0,FACTORY_OPERATIONAL_DATA
FAC_VAD_01,Apex PetroChem & Polymers Ltd,2024-07-06,"Utility Steam Boiler, Thermic Heater, DG Set & Distillation",8627.0,664.9,0.0,56.3,64.2,0.2139,0.0535,24.0,FACTORY_OPERATIONAL_DATA
FAC_VAD_01,Apex PetroChem & Polymers Ltd,2024-07-07,"Utility Steam Boiler, Thermic Heater, DG Set & Distillation",4827.0,373.3,6.1,34.2,38.3,0.1231,0.0345,18.0,FACTORY_OPERATIONAL_DATA
FAC_VAD_01,Apex PetroChem & Polymers Ltd,2024-07-08,"Utility Steam Boiler, Thermic Heater, DG Set & Distillation",7007.0,563.0,0.0,45.0,51.3,0.171,0.0428,24.0,FACTORY_OPERATIONAL_DATA
FAC_VAD_01,Apex PetroChem & Polymers Ltd,2024-07-09,"Utility Steam Boiler, Thermic Heater, DG Set & Distillation",7150.0,576.0,0.0,49.6,56.5,0.1885,0.0471,24.0,FACTORY_OPERATIONAL_DATA
FAC_VAD_01,Apex PetroChem & Polymers Ltd,2024-07-10,"Utility Steam Boiler, Thermic Heater, DG Set & Distillation",8120.0,639.3,0.0,55.9,63.7,0.2124,0.0531,24.0,FACTORY_OPERATIONAL_DATA
FAC_VAD_01,Apex PetroChem & Polymers Ltd,2024-07-11,"Utility Steam Boiler, Thermic Heater, DG Set & Distillation",7197.0,505.2,15.1,46.7,53.2,0.1775,0.0444,24.0,FACTORY_OPERATIONAL_DATA
FAC_VAD_01,Apex PetroChem & Polymers Ltd,2024-07-12,"Utility Steam Boiler, Thermic Heater, DG Set & Distillation",7720.0,575.8,0.0,51.1,58.3,0.19419999999999998,0.0485,24.0,FACTORY_OPERATIONAL_DATA
FAC_VAD_01,Apex PetroChem & Polymers Ltd,2024-07-13,"Utility Steam Boiler, Thermic Heater, DG Set & Distillation",6687.0,476.6,30.5,40.0,45.6,0.152,0.038,24.0,FACTORY_OPERATIONAL_DATA
FAC_VAD_01,Apex PetroChem & Polymers Ltd,2024-07-14,"Utility Steam Boiler, Thermic Heater, DG Set & Distillation",5350.0,389.3,31.6,35.0,39.2,0.126,0.0353,18.0,FACTORY_OPERATIONAL_DATA
FAC_VAD_01,Apex PetroChem & Polymers Ltd,2024-07-15,"Utility Steam Boiler, Thermic Heater, DG Set & Distillation",6810.0,531.3,4.9,45.2,51.5,0.1718,0.043,24.0,FACTORY_OPERATIONAL_DATA
FAC_VAD_01,Apex PetroChem & Polymers Ltd,2024-07-16,"Utility Steam Boiler, Thermic Heater, DG Set & Distillation",6465.0,504.4,307.3,41.8,47.7,0.15880000000000002,0.039700000000000006,24.0,FACTORY_OPERATIONAL_DATA
FAC_VAD_01,Apex PetroChem & Polymers Ltd,2024-07-17,"Utility Steam Boiler, Thermic Heater, DG Set & Distillation",7199.0,577.1,0.0,48.2,54.9,0.1832,0.0458,24.0,FACTORY_OPERATIONAL_DATA
FAC_VAD_01,Apex PetroChem & Polymers Ltd,2024-07-18,"Utility Steam Boiler, Thermic Heater, DG Set & Distillation",5866.0,475.6,0.0,39.9,45.5,0.15159999999999998,0.037899999999999996,24.0,FACTORY_OPERATIONAL_DATA
FAC_VAD_01,Apex PetroChem & Polymers Ltd,2024-07-19,"Utility Steam Boiler, Thermic Heater, DG Set & Distillation",7714.0,583.7,0.0,50.7,57.8,0.19269999999999998,0.0482,24.0,FACTORY_OPERATIONAL_DATA
FAC_VAD_01,Apex PetroChem & Polymers Ltd,2024-07-20,"Utility Steam Boiler, Thermic Heater, DG Set & Distillation",7883.0,584.6,0.0,50.9,58.0,0.19340000000000002,0.0484,24.0,FACTORY_OPERATIONAL_DATA
FAC_VAD_01,Apex PetroChem & Polymers Ltd,2024-07-21,"Utility Steam Boiler, Thermic Heater, DG Set & Distillation",4802.0,361.9,7.1,31.2,34.9,0.1123,0.0314,18.0,FACTORY_OPERATIONAL_DATA
FAC_VAD_01,Apex PetroChem & Polymers Ltd,2024-07-22,"Utility Steam Boiler, Thermic Heater, DG Set & Distillation",8299.0,673.1,0.0,53.9,61.4,0.2048,0.0512,24.0,FACTORY_OPERATIONAL_DATA
FAC_VAD_01,Apex PetroChem & Polymers Ltd,2024-07-23,"Utility Steam Boiler, Thermic Heater, DG Set & Distillation",7956.0,597.8,36.9,51.1,58.3,0.19419999999999998,0.0485,24.0,FACTORY_OPERATIONAL_DATA
FAC_VAD_01,Apex PetroChem & Polymers Ltd,2024-07-24,"Utility Steam Boiler, Thermic Heater, DG Set & Distillation",6553.0,503.8,53.2,41.7,47.5,0.1585,0.0396,24.0,FACTORY_OPERATIONAL_DATA
FAC_VAD_01,Apex PetroChem & Polymers Ltd,2024-07-25,"Utility Steam Boiler, Thermic Heater, DG Set & Distillation",7042.0,553.1,0.0,47.9,54.6,0.182,0.0455,24.0,FACTORY_OPERATIONAL_DATA
FAC_VAD_01,Apex PetroChem & Polymers Ltd,2024-07-26,"Utility Steam Boiler, Thermic Heater, DG Set & Distillation",7500.0,605.1,0.0,49.7,56.7,0.1889,0.047200000000000006,24.0,FACTORY_OPERATIONAL_DATA
FAC_VAD_01,Apex PetroChem & Polymers Ltd,2024-07-27,"Utility Steam Boiler, Thermic Heater, DG Set & Distillation",6352.0,447.3,0.0,41.3,47.1,0.1569,0.039200000000000006,24.0,FACTORY_OPERATIONAL_DATA
FAC_VAD_01,Apex PetroChem & Polymers Ltd,2024-07-28,"Utility Steam Boiler, Thermic Heater, DG Set & Distillation",5364.0,370.7,62.0,35.6,39.9,0.12819999999999998,0.0359,18.0,FACTORY_OPERATIONAL_DATA
FAC_VAD_01,Apex PetroChem & Polymers Ltd,2024-07-29,"Utility Steam Boiler, Thermic Heater, DG Set & Distillation",8014.0,550.5,20.2,50.0,57.0,0.19,0.0475,24.0,FACTORY_OPERATIONAL_DATA
FAC_VAD_01,Apex PetroChem & Polymers Ltd,2024-07-30,"Utility Steam Boiler, Thermic Heater, DG Set & Distillation",6363.0,455.1,3.5,41.8,47.7,0.15880000000000002,0.039700000000000006,24.0,FACTORY_OPERATIONAL_DATA
FAC_VAD_01,Apex PetroChem & Polymers Ltd,2024-07-31,"Utility Steam Boiler, Thermic Heater, DG Set & Distillation",7001.0,574.6,0.0,49.1,56.0,0.1866,0.0466,24.0,FACTORY_OPERATIONAL_DATA
FAC_VAD_01,Apex PetroChem & Polymers Ltd,2024-08-01,"Utility Steam Boiler, Thermic Heater, DG Set & Distillation",8832.0,723.7,0.0,57.9,66.0,0.22,0.055,24.0,FACTORY_OPERATIONAL_DATA
FAC_VAD_01,Apex PetroChem & Polymers Ltd,2024-08-02,"Utility Steam Boiler, Thermic Heater, DG Set & Distillation",8312.0,605.2,0.0,51.9,59.2,0.1972,0.0493,24.0,FACTORY_OPERATIONAL_DATA
FAC_VAD_01,Apex PetroChem & Polymers Ltd,2024-08-03,"Utility Steam Boiler, Thermic Heater, DG Set & Distillation",6988.0,506.5,0.0,46.0,52.4,0.1748,0.0437,24.0,FACTORY_OPERATIONAL_DATA
FAC_VAD_01,Apex PetroChem & Polymers Ltd,2024-08-04,"Utility Steam Boiler, Thermic Heater, DG Set & Distillation",4683.0,352.0,3.0,32.8,36.7,0.1181,0.033100000000000004,18.0,FACTORY_OPERATIONAL_DATA
FAC_VAD_01,Apex PetroChem & Polymers Ltd,2024-08-05,"Utility Steam Boiler, Thermic Heater, DG Set & Distillation",7690.0,527.3,0.0,50.2,57.2,0.19080000000000003,0.047700000000000006,24.0,FACTORY_OPERATIONAL_DATA
FAC_VAD_01,Apex PetroChem & Polymers Ltd,2024-08-06,"Utility Steam Boiler, Thermic Heater, DG Set & Distillation",7242.0,562.0,0.0,45.6,52.0,0.1733,0.0433,24.0,FACTORY_OPERATIONAL_DATA
FAC_VAD_01,Apex PetroChem & Polymers Ltd,2024-08-07,"Utility Steam Boiler, Thermic Heater, DG Set & Distillation",7954.0,565.6,0.0,51.7,58.9,0.1965,0.049100000000000005,24.0,FACTORY_OPERATIONAL_DATA
FAC_VAD_01,Apex PetroChem & Polymers Ltd,2024-08-08,"Utility Steam Boiler, Thermic Heater, DG Set & Distillation",7609.0,543.7,0.0,51.5,58.7,0.19569999999999999,0.0489,24.0,FACTORY_OPERATIONAL_DATA
FAC_VAD_01,Apex PetroChem & Polymers Ltd,2024-08-09,"Utility Steam Boiler, Thermic Heater, DG Set & Distillation",6176.0,523.2,0.0,42.9,48.9,0.163,0.040799999999999996,24.0,FACTORY_OPERATIONAL_DATA
FAC_VAD_01,Apex PetroChem & Polymers Ltd,2024-08-10,"Utility Steam Boiler, Thermic Heater, DG Set & Distillation",6780.0,579.4,0.0,46.7,53.2,0.1775,0.0444,24.0,FACTORY_OPERATIONAL_DATA
FAC_VAD_01,Apex PetroChem & Polymers Ltd,2024-08-11,"Utility Steam Boiler, Thermic Heater, DG Set & Distillation",4471.0,331.3,18.5,30.2,33.8,0.1087,0.0304,18.0,FACTORY_OPERATIONAL_DATA
FAC_VAD_01,Apex PetroChem & Polymers Ltd,2024-08-12,"Utility Steam Boiler, Thermic Heater, DG Set & Distillation",8226.0,609.5,0.0,55.3,63.0,0.21009999999999998,0.0525,24.0,FACTORY_OPERATIONAL_DATA
FAC_VAD_01,Apex PetroChem & Polymers Ltd,2024-08-13,"Utility Steam Boiler, Thermic Heater, DG Set & Distillation",7620.0,558.6,0.0,49.1,56.0,0.1866,0.0466,24.0,FACTORY_OPERATIONAL_DATA
FAC_VAD_01,Apex PetroChem & Polymers Ltd,2024-08-14,"Utility Steam Boiler, Thermic Heater, DG Set & Distillation",7245.0,602.1,0.0,50.8,57.9,0.193,0.0482,24.0,FACTORY_OPERATIONAL_DATA
FAC_VAD_01,Apex PetroChem & Polymers Ltd,2024-08-15,"Utility Steam Boiler, Thermic Heater, DG Set & Distillation",7979.0,604.0,0.0,52.0,59.3,0.1976,0.0494,24.0,FACTORY_OPERATIONAL_DATA
FAC_VAD_01,Apex PetroChem & Polymers Ltd,2024-08-16,"Utility Steam Boiler, Thermic Heater, DG Set & Distillation",5873.0,434.6,0.0,36.5,41.6,0.1387,0.0347,24.0,FACTORY_OPERATIONAL_DATA
FAC_VAD_01,Apex PetroChem & Polymers Ltd,2024-08-17,"Utility Steam Boiler, Thermic Heater, DG Set & Distillation",8205.0,631.2,0.0,53.0,60.4,0.2014,0.0504,24.0,FACTORY_OPERATIONAL_DATA
FAC_VAD_01,Apex PetroChem & Polymers Ltd,2024-08-18,"Utility Steam Boiler, Thermic Heater, DG Set & Distillation",4721.0,383.1,16.9,33.3,37.3,0.1199,0.033600000000000005,18.0,FACTORY_OPERATIONAL_DATA
FAC_VAD_01,Apex PetroChem & Polymers Ltd,2024-08-19,"Utility Steam Boiler, Thermic Heater, DG Set & Distillation",7940.0,609.2,0.0,50.7,57.8,0.19269999999999998,0.0482,24.0,FACTORY_OPERATIONAL_DATA
FAC_VAD_01,Apex PetroChem & Polymers Ltd,2024-08-20,"Utility Steam Boiler, Thermic Heater, DG Set & Distillation",7065.0,606.4,146.6,51.2,58.4,0.1946,0.048600000000000004,24.0,FACTORY_OPERATIONAL_DATA
FAC_VAD_01,Apex PetroChem & Polymers Ltd,2024-08-21,"Utility Steam Boiler, Thermic Heater, DG Set & Distillation",7669.0,543.9,173.5,47.6,54.3,0.1809,0.045200000000000004,24.0,FACTORY_OPERATIONAL_DATA
FAC_VAD_01,Apex PetroChem & Polymers Ltd,2024-08-22,"Utility Steam Boiler, Thermic Heater, DG Set & Distillation",7483.0,574.2,0.0,47.7,54.4,0.18130000000000002,0.0453,24.0,FACTORY_OPERATIONAL_DATA
FAC_VAD_01,Apex PetroChem & Polymers Ltd,2024-08-23,"Utility Steam Boiler, Thermic Heater, DG Set & Distillation",6551.0,519.9,66.8,43.0,49.0,0.16340000000000002,0.0409,24.0,FACTORY_OPERATIONAL_DATA
FAC_VAD_01,Apex PetroChem & Polymers Ltd,2024-08-24,"Utility Steam Boiler, Thermic Heater, DG Set & Distillation",7976.0,618.2,0.0,51.5,58.7,0.19569999999999999,0.0489,24.0,FACTORY_OPERATIONAL_DATA
FAC_VAD_01,Apex PetroChem & Polymers Ltd,2024-08-25,"Utility Steam Boiler, Thermic Heater, DG Set & Distillation",4715.0,353.5,80.2,32.9,36.8,0.1184,0.0332,18.0,FACTORY_OPERATIONAL_DATA
FAC_VAD_01,Apex PetroChem & Polymers Ltd,2024-08-26,"Utility Steam Boiler, Thermic Heater, DG Set & Distillation",7139.0,516.5,0.0,45.6,52.0,0.1733,0.0433,24.0,FACTORY_OPERATIONAL_DATA
FAC_VAD_01,Apex PetroChem & Polymers Ltd,2024-08-27,"Utility Steam Boiler, Thermic Heater, DG Set & Distillation",7224.0,526.6,0.0,46.0,52.4,0.1748,0.0437,24.0,FACTORY_OPERATIONAL_DATA
FAC_VAD_01,Apex PetroChem & Polymers Ltd,2024-08-28,"Utility Steam Boiler, Thermic Heater, DG Set & Distillation",8112.0,644.9,0.0,54.1,61.7,0.2056,0.0514,24.0,FACTORY_OPERATIONAL_DATA
FAC_VAD_01,Apex PetroChem & Polymers Ltd,2024-08-29,"Utility Steam Boiler, Thermic Heater, DG Set & Distillation",7072.0,549.6,0.0,48.7,55.5,0.1851,0.046299999999999994,24.0,FACTORY_OPERATIONAL_DATA
FAC_VAD_01,Apex PetroChem & Polymers Ltd,2024-08-30,"Utility Steam Boiler, Thermic Heater, DG Set & Distillation",5952.0,504.5,145.5,40.4,46.1,0.1535,0.0384,24.0,FACTORY_OPERATIONAL_DATA
FAC_VAD_01,Apex PetroChem & Polymers Ltd,2024-08-31,"Utility Steam Boiler, Thermic Heater, DG Set & Distillation",7954.0,643.9,0.0,55.7,63.5,0.2117,0.052899999999999996,24.0,FACTORY_OPERATIONAL_DATA
FAC_VAD_01,Apex PetroChem & Polymers Ltd,2024-09-01,"Utility Steam Boiler, Thermic Heater, DG Set & Distillation",4937.0,370.5,41.1,33.3,37.3,0.1199,0.033600000000000005,18.0,FACTORY_OPERATIONAL_DATA
FAC_VAD_01,Apex PetroChem & Polymers Ltd,2024-09-02,"Utility Steam Boiler, Thermic Heater, DG Set & Distillation",7609.0,584.9,51.5,47.2,53.8,0.1794,0.044899999999999995,24.0,FACTORY_OPERATIONAL_DATA
FAC_VAD_01,Apex PetroChem & Polymers Ltd,2024-09-03,"Utility Steam Boiler, Thermic Heater, DG Set & Distillation",6688.0,548.1,0.0,45.9,52.3,0.1744,0.0436,24.0,FACTORY_OPERATIONAL_DATA
FAC_VAD_01,Apex PetroChem & Polymers Ltd,2024-09-04,"Utility Steam Boiler, Thermic Heater, DG Set & Distillation",6590.0,476.6,0.0,43.2,49.2,0.16419999999999998,0.041,24.0,FACTORY_OPERATIONAL_DATA
FAC_VAD_01,Apex PetroChem & Polymers Ltd,2024-09-05,"Utility Steam Boiler, Thermic Heater, DG Set & Distillation",7381.0,529.1,0.0,46.8,53.4,0.1778,0.0445,24.0,FACTORY_OPERATIONAL_DATA
FAC_VAD_01,Apex PetroChem & Polymers Ltd,2024-09-06,"Utility Steam Boiler, Thermic Heater, DG Set & Distillation",7588.0,600.1,0.0,53.2,60.6,0.2022,0.0505,24.0,FACTORY_OPERATIONAL_DATA
FAC_VAD_01,Apex PetroChem & Polymers Ltd,2024-09-07,"Utility Steam Boiler, Thermic Heater, DG Set & Distillation",6959.0,525.4,0.0,47.6,54.3,0.1809,0.045200000000000004,24.0,FACTORY_OPERATIONAL_DATA
FAC_VAD_01,Apex PetroChem & Polymers Ltd,2024-09-08,"Utility Steam Boiler, Thermic Heater, DG Set & Distillation",4574.0,348.5,3.2,31.0,34.7,0.11159999999999999,0.0312,18.0,FACTORY_OPERATIONAL_DATA
FAC_VAD_01,Apex PetroChem & Polymers Ltd,2024-09-09,"Utility Steam Boiler, Thermic Heater, DG Set & Distillation",7388.0,527.7,0.0,45.3,51.6,0.1721,0.043,24.0,FACTORY_OPERATIONAL_DATA
FAC_VAD_01,Apex PetroChem & Polymers Ltd,2024-09-10,"Utility Steam Boiler, Thermic Heater, DG Set & Distillation",8619.0,675.2,0.0,54.7,62.4,0.2079,0.052,24.0,FACTORY_OPERATIONAL_DATA
FAC_VAD_01,Apex PetroChem & Polymers Ltd,2024-09-11,"Utility Steam Boiler, Thermic Heater, DG Set & Distillation",6750.0,477.4,0.0,42.4,48.3,0.1611,0.040299999999999996,24.0,FACTORY_OPERATIONAL_DATA
FAC_VAD_01,Apex PetroChem & Polymers Ltd,2024-09-12,"Utility Steam Boiler, Thermic Heater, DG Set & Distillation",7592.0,577.5,0.0,49.4,56.3,0.18769999999999998,0.0469,24.0,FACTORY_OPERATIONAL_DATA
FAC_VAD_01,Apex PetroChem & Polymers Ltd,2024-09-13,"Utility Steam Boiler, Thermic Heater, DG Set & Distillation",8018.0,657.0,0.0,53.2,60.6,0.2022,0.0505,24.0,FACTORY_OPERATIONAL_DATA
FAC_VAD_01,Apex PetroChem & Polymers Ltd,2024-09-14,"Utility Steam Boiler, Thermic Heater, DG Set & Distillation",6779.0,555.9,0.0,47.8,54.5,0.18159999999999998,0.045399999999999996,24.0,FACTORY_OPERATIONAL_DATA
FAC_VAD_01,Apex PetroChem & Polymers Ltd,2024-09-15,"Utility Steam Boiler, Thermic Heater, DG Set & Distillation",5840.0,437.4,150.9,39.5,44.2,0.1422,0.039799999999999995,18.0,FACTORY_OPERATIONAL_DATA
FAC_VAD_01,Apex PetroChem & Polymers Ltd,2024-09-16,"Utility Steam Boiler, Thermic Heater, DG Set & Distillation",6479.0,484.6,0.0,42.9,48.9,0.163,0.040799999999999996,24.0,FACTORY_OPERATIONAL_DATA
FAC_VAD_01,Apex PetroChem & Polymers Ltd,2024-09-17,"Utility Steam Boiler, Thermic Heater, DG Set & Distillation",7059.0,578.8,0.0,47.3,53.9,0.1797,0.044899999999999995,24.0,FACTORY_OPERATIONAL_DATA
FAC_VAD_01,Apex PetroChem & Polymers Ltd,2024-09-18,"Utility Steam Boiler, Thermic Heater, DG Set & Distillation",6054.0,472.4,0.0,40.0,45.6,0.152,0.038,24.0,FACTORY_OPERATIONAL_DATA
FAC_VAD_01,Apex PetroChem & Polymers Ltd,2024-09-19,"Utility Steam Boiler, Thermic Heater, DG Set & Distillation",6157.0,506.9,199.4,41.5,47.3,0.15769999999999998,0.0394,24.0,FACTORY_OPERATIONAL_DATA
FAC_VAD_01,Apex PetroChem & Polymers Ltd,2024-09-20,"Utility Steam Boiler, Thermic Heater, DG Set & Distillation",7286.0,562.1,0.0,49.3,56.2,0.18730000000000002,0.046799999999999994,24.0,FACTORY_OPERATIONAL_DATA
FAC_VAD_01,Apex PetroChem & Polymers Ltd,2024-09-21,"Utility Steam Boiler, Thermic Heater, DG Set & Distillation",9072.0,659.2,287.5,56.5,64.4,0.2147,0.053700000000000005,24.0,FACTORY_OPERATIONAL_DATA
FAC_VAD_01,Apex PetroChem & Polymers Ltd,2024-09-22,"Utility Steam Boiler, Thermic Heater, DG Set & Distillation",5746.0,442.9,69.3,39.0,43.7,0.1404,0.039299999999999995,18.0,FACTORY_OPERATIONAL_DATA
FAC_VAD_01,Apex PetroChem & Polymers Ltd,2024-09-23,"Utility Steam Boiler, Thermic Heater, DG Set & Distillation",7501.0,589.7,0.0,48.4,55.2,0.1839,0.046,24.0,FACTORY_OPERATIONAL_DATA
FAC_VAD_01,Apex PetroChem & Polymers Ltd,2024-09-24,"Utility Steam Boiler, Thermic Heater, DG Set & Distillation",6867.0,497.1,44.1,41.8,47.7,0.15880000000000002,0.039700000000000006,24.0,FACTORY_OPERATIONAL_DATA
FAC_VAD_01,Apex PetroChem & Polymers Ltd,2024-09-25,"Utility Steam Boiler, Thermic Heater, DG Set & Distillation",6902.0,595.0,0.0,48.8,55.6,0.1854,0.0464,24.0,FACTORY_OPERATIONAL_DATA
FAC_VAD_01,Apex PetroChem & Polymers Ltd,2024-09-26,"Utility Steam Boiler, Thermic Heater, DG Set & Distillation",7725.0,590.5,0.0,49.4,56.3,0.18769999999999998,0.0469,24.0,FACTORY_OPERATIONAL_DATA
FAC_VAD_01,Apex PetroChem & Polymers Ltd,2024-09-27,"Utility Steam Boiler, Thermic Heater, DG Set & Distillation",9172.0,673.9,0.0,58.7,66.9,0.2231,0.055799999999999995,24.0,FACTORY_OPERATIONAL_DATA
FAC_VAD_01,Apex PetroChem & Polymers Ltd,2024-09-28,"Utility Steam Boiler, Thermic Heater, DG Set & Distillation",6291.0,556.0,0.0,42.9,48.9,0.163,0.040799999999999996,24.0,FACTORY_OPERATIONAL_DATA
FAC_VAD_01,Apex PetroChem & Polymers Ltd,2024-09-29,"Utility Steam Boiler, Thermic Heater, DG Set & Distillation",4661.0,344.1,27.0,33.1,37.1,0.1192,0.0334,18.0,FACTORY_OPERATIONAL_DATA
FAC_VAD_01,Apex PetroChem & Polymers Ltd,2024-09-30,"Utility Steam Boiler, Thermic Heater, DG Set & Distillation",7729.0,554.1,0.0,48.0,54.7,0.1824,0.0456,24.0,FACTORY_OPERATIONAL_DATA
FAC_VAD_01,Apex PetroChem & Polymers Ltd,2024-10-01,"Utility Steam Boiler, Thermic Heater, DG Set & Distillation",6927.0,512.8,0.0,44.5,50.7,0.1691,0.0423,24.0,FACTORY_OPERATIONAL_DATA
FAC_VAD_01,Apex PetroChem & Polymers Ltd,2024-10-02,"Utility Steam Boiler, Thermic Heater, DG Set & Distillation",6796.0,519.3,32.4,42.8,48.8,0.1626,0.040600000000000004,24.0,FACTORY_OPERATIONAL_DATA
FAC_VAD_01,Apex PetroChem & Polymers Ltd,2024-10-03,"Utility Steam Boiler, Thermic Heater, DG Set & Distillation",7360.0,482.0,0.0,42.6,48.6,0.16190000000000002,0.0405,24.0,FACTORY_OPERATIONAL_DATA
FAC_VAD_01,Apex PetroChem & Polymers Ltd,2024-10-04,"Utility Steam Boiler, Thermic Heater, DG Set & Distillation",8098.0,665.8,0.0,54.2,61.8,0.206,0.0515,24.0,FACTORY_OPERATIONAL_DATA
FAC_VAD_01,Apex PetroChem & Polymers Ltd,2024-10-05,"Utility Steam Boiler, Thermic Heater, DG Set & Distillation",7669.0,591.9,0.0,50.7,57.8,0.19269999999999998,0.0482,24.0,FACTORY_OPERATIONAL_DATA
FAC_VAD_01,Apex PetroChem & Polymers Ltd,2024-10-06,"Utility Steam Boiler, Thermic Heater, DG Set & Distillation",5265.0,417.2,83.6,36.3,40.7,0.13069999999999998,0.0366,18.0,FACTORY_OPERATIONAL_DATA
FAC_VAD_01,Apex PetroChem & Polymers Ltd,2024-10-07,"Utility Steam Boiler, Thermic Heater, DG Set & Distillation",7181.0,532.1,186.0,46.9,53.5,0.1782,0.0445,24.0,FACTORY_OPERATIONAL_DATA
FAC_VAD_01,Apex PetroChem & Polymers Ltd,2024-10-08,"Utility Steam Boiler, Thermic Heater, DG Set & Distillation",9706.0,765.3,0.0,62.9,71.7,0.239,0.0598,24.0,FACTORY_OPERATIONAL_DATA
FAC_VAD_01,Apex PetroChem & Polymers Ltd,2024-10-09,"Utility Steam Boiler, Thermic Heater, DG Set & Distillation",6676.0,583.8,0.0,46.1,52.6,0.1752,0.0438,24.0,FACTORY_OPERATIONAL_DATA
FAC_VAD_01,Apex PetroChem & Polymers Ltd,2024-10-10,"Utility Steam Boiler, Thermic Heater, DG Set & Distillation",7294.0,601.5,11.9,49.8,56.8,0.18919999999999998,0.047299999999999995,24.0,FACTORY_OPERATIONAL_DATA
FAC_VAD_01,Apex PetroChem & Polymers Ltd,2024-10-11,"Utility Steam Boiler, Thermic Heater, DG Set & Distillation",1200.0,80.0,450.0,5.0,6.0,0.1,0.01,8.0,FACTORY_OPERATIONAL_DATA
FAC_VAD_01,Apex PetroChem & Polymers Ltd,2024-10-12,"Utility Steam Boiler, Thermic Heater, DG Set & Distillation",1200.0,80.0,450.0,5.0,6.0,0.1,0.01,8.0,FACTORY_OPERATIONAL_DATA
FAC_VAD_01,Apex PetroChem & Polymers Ltd,2024-10-13,"Utility Steam Boiler, Thermic Heater, DG Set & Distillation",1200.0,80.0,450.0,5.0,6.0,0.1,0.01,8.0,FACTORY_OPERATIONAL_DATA
FAC_VAD_01,Apex PetroChem & Polymers Ltd,2024-10-14,"Utility Steam Boiler, Thermic Heater, DG Set & Distillation",1200.0,80.0,450.0,5.0,6.0,0.1,0.01,8.0,FACTORY_OPERATIONAL_DATA
FAC_VAD_01,Apex PetroChem & Polymers Ltd,2024-10-15,"Utility Steam Boiler, Thermic Heater, DG Set & Distillation",1200.0,80.0,450.0,5.0,6.0,0.1,0.01,8.0,FACTORY_OPERATIONAL_DATA
FAC_VAD_01,Apex PetroChem & Polymers Ltd,2024-10-16,"Utility Steam Boiler, Thermic Heater, DG Set & Distillation",1200.0,80.0,450.0,5.0,6.0,0.1,0.01,8.0,FACTORY_OPERATIONAL_DATA
FAC_VAD_01,Apex PetroChem & Polymers Ltd,2024-10-17,"Utility Steam Boiler, Thermic Heater, DG Set & Distillation",1200.0,80.0,450.0,5.0,6.0,0.1,0.01,8.0,FACTORY_OPERATIONAL_DATA
FAC_VAD_01,Apex PetroChem & Polymers Ltd,2024-10-18,"Utility Steam Boiler, Thermic Heater, DG Set & Distillation",1200.0,80.0,450.0,5.0,6.0,0.1,0.01,8.0,FACTORY_OPERATIONAL_DATA
FAC_VAD_01,Apex PetroChem & Polymers Ltd,2024-10-19,"Utility Steam Boiler, Thermic Heater, DG Set & Distillation",1200.0,80.0,450.0,5.0,6.0,0.1,0.01,8.0,FACTORY_OPERATIONAL_DATA
FAC_VAD_01,Apex PetroChem & Polymers Ltd,2024-10-20,"Utility Steam Boiler, Thermic Heater, DG Set & Distillation",1200.0,80.0,450.0,5.0,6.0,0.1,0.01,8.0,FACTORY_OPERATIONAL_DATA
FAC_VAD_01,Apex PetroChem & Polymers Ltd,2024-10-21,"Utility Steam Boiler, Thermic Heater, DG Set & Distillation",1200.0,80.0,450.0,5.0,6.0,0.1,0.01,8.0,FACTORY_OPERATIONAL_DATA
FAC_VAD_01,Apex PetroChem & Polymers Ltd,2024-10-22,"Utility Steam Boiler, Thermic Heater, DG Set & Distillation",7667.0,647.2,1.8,52.9,60.3,0.201,0.0502,24.0,FACTORY_OPERATIONAL_DATA
FAC_VAD_01,Apex PetroChem & Polymers Ltd,2024-10-23,"Utility Steam Boiler, Thermic Heater, DG Set & Distillation",6964.0,552.2,23.9,48.3,55.1,0.1835,0.045899999999999996,24.0,FACTORY_OPERATIONAL_DATA
FAC_VAD_01,Apex PetroChem & Polymers Ltd,2024-10-24,"Utility Steam Boiler, Thermic Heater, DG Set & Distillation",8722.0,720.0,305.5,60.1,68.5,0.2284,0.0571,24.0,FACTORY_OPERATIONAL_DATA
FAC_VAD_01,Apex PetroChem & Polymers Ltd,2024-10-25,"Utility Steam Boiler, Thermic Heater, DG Set & Distillation",7497.0,558.9,0.0,45.2,51.5,0.1718,0.043,24.0,FACTORY_OPERATIONAL_DATA
FAC_VAD_01,Apex PetroChem & Polymers Ltd,2024-10-26,"Utility Steam Boiler, Thermic Heater, DG Set & Distillation",8640.0,587.2,65.9,54.7,62.4,0.2079,0.052,24.0,FACTORY_OPERATIONAL_DATA
FAC_VAD_01,Apex PetroChem & Polymers Ltd,2024-10-27,"Utility Steam Boiler, Thermic Heater, DG Set & Distillation",5636.0,454.3,39.9,39.2,43.9,0.1411,0.0395,18.0,FACTORY_OPERATIONAL_DATA
FAC_VAD_01,Apex PetroChem & Polymers Ltd,2024-10-28,"Utility Steam Boiler, Thermic Heater, DG Set & Distillation",6243.0,508.4,0.0,42.9,48.9,0.163,0.040799999999999996,24.0,FACTORY_OPERATIONAL_DATA
FAC_VAD_01,Apex PetroChem & Polymers Ltd,2024-10-29,"Utility Steam Boiler, Thermic Heater, DG Set & Distillation",7252.0,592.6,47.2,49.3,56.2,0.18730000000000002,0.046799999999999994,24.0,FACTORY_OPERATIONAL_DATA
FAC_VAD_01,Apex PetroChem & Polymers Ltd,2024-10-30,"Utility Steam Boiler, Thermic Heater, DG Set & Distillation",6384.0,562.6,149.5,47.3,53.9,0.1797,0.044899999999999995,24.0,FACTORY_OPERATIONAL_DATA
FAC_VAD_01,Apex PetroChem & Polymers Ltd,2024-10-31,"Utility Steam Boiler, Thermic Heater, DG Set & Distillation",7264.0,580.6,0.0,49.3,56.2,0.18730000000000002,0.046799999999999994,24.0,FACTORY_OPERATIONAL_DATA
FAC_VAD_01,Apex PetroChem & Polymers Ltd,2024-11-01,"Utility Steam Boiler, Thermic Heater, DG Set & Distillation",8490.0,677.5,0.0,55.3,63.0,0.21009999999999998,0.0525,24.0,FACTORY_OPERATIONAL_DATA
FAC_VAD_01,Apex PetroChem & Polymers Ltd,2024-11-02,"Utility Steam Boiler, Thermic Heater, DG Set & Distillation",8735.0,679.3,0.0,56.8,64.8,0.21580000000000002,0.054,24.0,FACTORY_OPERATIONAL_DATA
FAC_VAD_01,Apex PetroChem & Polymers Ltd,2024-11-03,"Utility Steam Boiler, Thermic Heater, DG Set & Distillation",5449.0,431.9,77.2,39.4,44.1,0.1418,0.039700000000000006,18.0,FACTORY_OPERATIONAL_DATA
FAC_VAD_01,Apex PetroChem & Polymers Ltd,2024-11-04,"Utility Steam Boiler, Thermic Heater, DG Set & Distillation",7451.0,552.3,46.6,47.0,53.6,0.17859999999999998,0.0446,24.0,FACTORY_OPERATIONAL_DATA
FAC_VAD_01,Apex PetroChem & Polymers Ltd,2024-11-05,"Utility Steam Boiler, Thermic Heater, DG Set & Distillation",7232.0,573.4,99.3,46.6,53.1,0.1771,0.0443,24.0,FACTORY_OPERATIONAL_DATA
FAC_VAD_01,Apex PetroChem & Polymers Ltd,2024-11-06,"Utility Steam Boiler, Thermic Heater, DG Set & Distillation",7127.0,563.9,0.0,48.2,54.9,0.1832,0.0458,24.0,FACTORY_OPERATIONAL_DATA
FAC_VAD_01,Apex PetroChem & Polymers Ltd,2024-11-07,"Utility Steam Boiler, Thermic Heater, DG Set & Distillation",5677.0,471.0,0.0,38.6,44.0,0.1467,0.0367,24.0,FACTORY_OPERATIONAL_DATA
FAC_VAD_01,Apex PetroChem & Polymers Ltd,2024-11-08,"Utility Steam Boiler, Thermic Heater, DG Set & Distillation",6214.0,492.1,0.0,42.1,48.0,0.16,0.04,24.0,FACTORY_OPERATIONAL_DATA
FAC_VAD_01,Apex PetroChem & Polymers Ltd,2024-11-09,"Utility Steam Boiler, Thermic Heater, DG Set & Distillation",8175.0,651.4,0.0,52.5,59.8,0.1995,0.0499,24.0,FACTORY_OPERATIONAL_DATA
FAC_VAD_01,Apex PetroChem & Polymers Ltd,2024-11-10,"Utility Steam Boiler, Thermic Heater, DG Set & Distillation",4711.0,344.5,2.8,30.4,34.0,0.10940000000000001,0.030600000000000002,18.0,FACTORY_OPERATIONAL_DATA
FAC_VAD_01,Apex PetroChem & Polymers Ltd,2024-11-11,"Utility Steam Boiler, Thermic Heater, DG Set & Distillation",7857.0,629.9,0.0,50.3,57.3,0.1911,0.047799999999999995,24.0,FACTORY_OPERATIONAL_DATA
FAC_VAD_01,Apex PetroChem & Polymers Ltd,2024-11-12,"Utility Steam Boiler, Thermic Heater, DG Set & Distillation",7906.0,583.8,0.0,51.9,59.2,0.1972,0.0493,24.0,FACTORY_OPERATIONAL_DATA
FAC_VAD_01,Apex PetroChem & Polymers Ltd,2024-11-13,"Utility Steam Boiler, Thermic Heater, DG Set & Distillation",8227.0,666.4,0.0,55.0,62.7,0.209,0.0522,24.0,FACTORY_OPERATIONAL_DATA
FAC_VAD_01,Apex PetroChem & Polymers Ltd,2024-11-14,"Utility Steam Boiler, Thermic Heater, DG Set & Distillation",6997.0,547.0,0.0,45.6,52.0,0.1733,0.0433,24.0,FACTORY_OPERATIONAL_DATA
FAC_VAD_01,Apex PetroChem & Polymers Ltd,2024-11-15,"Utility Steam Boiler, Thermic Heater, DG Set & Distillation",8645.0,693.5,0.0,56.5,64.4,0.2147,0.053700000000000005,24.0,FACTORY_OPERATIONAL_DATA
FAC_VAD_01,Apex PetroChem & Polymers Ltd,2024-11-16,"Utility Steam Boiler, Thermic Heater, DG Set & Distillation",7645.0,619.6,0.0,52.7,60.1,0.2003,0.0501,24.0,FACTORY_OPERATIONAL_DATA
FAC_VAD_01,Apex PetroChem & Polymers Ltd,2024-11-17,"Utility Steam Boiler, Thermic Heater, DG Set & Distillation",4364.0,344.1,9.7,31.6,35.4,0.1138,0.0319,18.0,FACTORY_OPERATIONAL_DATA
FAC_VAD_01,Apex PetroChem & Polymers Ltd,2024-11-18,"Utility Steam Boiler, Thermic Heater, DG Set & Distillation",6656.0,541.6,0.0,44.1,50.3,0.1676,0.0419,24.0,FACTORY_OPERATIONAL_DATA
FAC_VAD_01,Apex PetroChem & Polymers Ltd,2024-11-19,"Utility Steam Boiler, Thermic Heater, DG Set & Distillation",6765.0,551.3,0.0,43.5,49.6,0.1653,0.041299999999999996,24.0,FACTORY_OPERATIONAL_DATA
FAC_VAD_01,Apex PetroChem & Polymers Ltd,2024-11-20,"Utility Steam Boiler, Thermic Heater, DG Set & Distillation",7757.0,650.9,0.0,53.2,60.6,0.2022,0.0505,24.0,FACTORY_OPERATIONAL_DATA
FAC_VAD_01,Apex PetroChem & Polymers Ltd,2024-11-21,"Utility Steam Boiler, Thermic Heater, DG Set & Distillation",7080.0,590.9,112.7,48.9,55.7,0.18580000000000002,0.0465,24.0,FACTORY_OPERATIONAL_DATA
FAC_VAD_01,Apex PetroChem & Polymers Ltd,2024-11-22,"Utility Steam Boiler, Thermic Heater, DG Set & Distillation",6202.0,524.9,0.0,43.5,49.6,0.1653,0.041299999999999996,24.0,FACTORY_OPERATIONAL_DATA
FAC_VAD_01,Apex PetroChem & Polymers Ltd,2024-11-23,"Utility Steam Boiler, Thermic Heater, DG Set & Distillation",8300.0,641.2,8.8,53.2,60.6,0.2022,0.0505,24.0,FACTORY_OPERATIONAL_DATA
FAC_VAD_01,Apex PetroChem & Polymers Ltd,2024-11-24,"Utility Steam Boiler, Thermic Heater, DG Set & Distillation",5797.0,411.4,22.6,38.0,42.6,0.1368,0.038299999999999994,18.0,FACTORY_OPERATIONAL_DATA
FAC_VAD_01,Apex PetroChem & Polymers Ltd,2024-11-25,"Utility Steam Boiler, Thermic Heater, DG Set & Distillation",7583.0,547.3,0.0,49.7,56.7,0.1889,0.047200000000000006,24.0,FACTORY_OPERATIONAL_DATA
FAC_VAD_01,Apex PetroChem & Polymers Ltd,2024-11-26,"Utility Steam Boiler, Thermic Heater, DG Set & Distillation",7011.0,567.8,0.0,46.7,53.2,0.1775,0.0444,24.0,FACTORY_OPERATIONAL_DATA
FAC_VAD_01,Apex PetroChem & Polymers Ltd,2024-11-27,"Utility Steam Boiler, Thermic Heater, DG Set & Distillation",7695.0,594.4,9.5,49.7,56.7,0.1889,0.047200000000000006,24.0,FACTORY_OPERATIONAL_DATA
FAC_VAD_01,Apex PetroChem & Polymers Ltd,2024-11-28,"Utility Steam Boiler, Thermic Heater, DG Set & Distillation",6309.0,494.5,0.0,40.3,45.9,0.15309999999999999,0.038299999999999994,24.0,FACTORY_OPERATIONAL_DATA
FAC_VAD_01,Apex PetroChem & Polymers Ltd,2024-11-29,"Utility Steam Boiler, Thermic Heater, DG Set & Distillation",7584.0,547.9,0.0,47.5,54.1,0.1805,0.0451,24.0,FACTORY_OPERATIONAL_DATA
FAC_VAD_01,Apex PetroChem & Polymers Ltd,2024-11-30,"Utility Steam Boiler, Thermic Heater, DG Set & Distillation",6446.0,558.0,1.4,45.0,51.3,0.171,0.0428,24.0,FACTORY_OPERATIONAL_DATA
FAC_VAD_01,Apex PetroChem & Polymers Ltd,2024-12-01,"Utility Steam Boiler, Thermic Heater, DG Set & Distillation",5515.0,439.9,33.1,37.5,42.0,0.135,0.0378,18.0,FACTORY_OPERATIONAL_DATA
FAC_VAD_01,Apex PetroChem & Polymers Ltd,2024-12-02,"Utility Steam Boiler, Thermic Heater, DG Set & Distillation",8231.0,655.5,0.0,53.5,61.0,0.2033,0.0508,24.0,FACTORY_OPERATIONAL_DATA
FAC_VAD_01,Apex PetroChem & Polymers Ltd,2024-12-03,"Utility Steam Boiler, Thermic Heater, DG Set & Distillation",7297.0,575.3,0.0,48.7,55.5,0.1851,0.046299999999999994,24.0,FACTORY_OPERATIONAL_DATA
FAC_VAD_01,Apex PetroChem & Polymers Ltd,2024-12-04,"Utility Steam Boiler, Thermic Heater, DG Set & Distillation",8316.0,624.6,0.0,55.8,63.6,0.212,0.053,24.0,FACTORY_OPERATIONAL_DATA
FAC_VAD_01,Apex PetroChem & Polymers Ltd,2024-12-05,"Utility Steam Boiler, Thermic Heater, DG Set & Distillation",7757.0,535.1,0.0,49.8,56.8,0.18919999999999998,0.047299999999999995,24.0,FACTORY_OPERATIONAL_DATA
FAC_VAD_01,Apex PetroChem & Polymers Ltd,2024-12-06,"Utility Steam Boiler, Thermic Heater, DG Set & Distillation",7769.0,616.7,0.0,52.4,59.7,0.1991,0.0498,24.0,FACTORY_OPERATIONAL_DATA
FAC_VAD_01,Apex PetroChem & Polymers Ltd,2024-12-07,"Utility Steam Boiler, Thermic Heater, DG Set & Distillation",7079.0,540.9,0.0,42.7,48.7,0.1623,0.040600000000000004,24.0,FACTORY_OPERATIONAL_DATA
FAC_VAD_01,Apex PetroChem & Polymers Ltd,2024-12-08,"Utility Steam Boiler, Thermic Heater, DG Set & Distillation",5249.0,372.3,6.8,35.0,39.2,0.126,0.0353,18.0,FACTORY_OPERATIONAL_DATA
FAC_VAD_01,Apex PetroChem & Polymers Ltd,2024-12-09,"Utility Steam Boiler, Thermic Heater, DG Set & Distillation",8407.0,681.7,0.0,54.2,61.8,0.206,0.0515,24.0,FACTORY_OPERATIONAL_DATA
FAC_VAD_01,Apex PetroChem & Polymers Ltd,2024-12-10,"Utility Steam Boiler, Thermic Heater, DG Set & Distillation",6769.0,538.3,1.8,43.6,49.7,0.1657,0.0414,24.0,FACTORY_OPERATIONAL_DATA
FAC_VAD_01,Apex PetroChem & Polymers Ltd,2024-12-11,"Utility Steam Boiler, Thermic Heater, DG Set & Distillation",7945.0,630.4,0.0,50.6,57.7,0.1923,0.048100000000000004,24.0,FACTORY_OPERATIONAL_DATA
FAC_VAD_01,Apex PetroChem & Polymers Ltd,2024-12-12,"Utility Steam Boiler, Thermic Heater, DG Set & Distillation",7843.0,597.0,0.0,50.5,57.6,0.19190000000000002,0.048,24.0,FACTORY_OPERATIONAL_DATA
FAC_VAD_01,Apex PetroChem & Polymers Ltd,2024-12-13,"Utility Steam Boiler, Thermic Heater, DG Set & Distillation",5964.0,493.7,0.0,42.5,48.4,0.1615,0.0404,24.0,FACTORY_OPERATIONAL_DATA
FAC_VAD_01,Apex PetroChem & Polymers Ltd,2024-12-14,"Utility Steam Boiler, Thermic Heater, DG Set & Distillation",8178.0,642.1,0.0,50.7,57.8,0.19269999999999998,0.0482,24.0,FACTORY_OPERATIONAL_DATA
FAC_VAD_01,Apex PetroChem & Polymers Ltd,2024-12-15,"Utility Steam Boiler, Thermic Heater, DG Set & Distillation",4797.0,353.9,85.8,31.8,35.6,0.1145,0.032100000000000004,18.0,FACTORY_OPERATIONAL_DATA
FAC_VAD_01,Apex PetroChem & Polymers Ltd,2024-12-16,"Utility Steam Boiler, Thermic Heater, DG Set & Distillation",7680.0,553.5,0.0,49.3,56.2,0.18730000000000002,0.046799999999999994,24.0,FACTORY_OPERATIONAL_DATA
FAC_VAD_01,Apex PetroChem & Polymers Ltd,2024-12-17,"Utility Steam Boiler, Thermic Heater, DG Set & Distillation",6906.0,562.3,0.0,47.2,53.8,0.1794,0.044899999999999995,24.0,FACTORY_OPERATIONAL_DATA
FAC_VAD_01,Apex PetroChem & Polymers Ltd,2024-12-18,"Utility Steam Boiler, Thermic Heater, DG Set & Distillation",8302.0,631.7,0.0,53.0,60.4,0.2014,0.0504,24.0,FACTORY_OPERATIONAL_DATA
FAC_VAD_01,Apex PetroChem & Polymers Ltd,2024-12-19,"Utility Steam Boiler, Thermic Heater, DG Set & Distillation",8153.0,634.2,351.8,54.0,61.6,0.2052,0.0513,24.0,FACTORY_OPERATIONAL_DATA
FAC_VAD_01,Apex PetroChem & Polymers Ltd,2024-12-20,"Utility Steam Boiler, Thermic Heater, DG Set & Distillation",7024.0,546.7,0.0,45.6,52.0,0.1733,0.0433,24.0,FACTORY_OPERATIONAL_DATA
FAC_VAD_01,Apex PetroChem & Polymers Ltd,2024-12-21,"Utility Steam Boiler, Thermic Heater, DG Set & Distillation",7091.0,535.9,0.0,47.0,53.6,0.17859999999999998,0.0446,24.0,FACTORY_OPERATIONAL_DATA
FAC_VAD_01,Apex PetroChem & Polymers Ltd,2024-12-22,"Utility Steam Boiler, Thermic Heater, DG Set & Distillation",4083.0,297.0,64.0,28.8,32.3,0.1037,0.029,18.0,FACTORY_OPERATIONAL_DATA
FAC_VAD_01,Apex PetroChem & Polymers Ltd,2024-12-23,"Utility Steam Boiler, Thermic Heater, DG Set & Distillation",6238.0,469.5,0.0,42.0,47.9,0.1596,0.0399,24.0,FACTORY_OPERATIONAL_DATA
FAC_VAD_01,Apex PetroChem & Polymers Ltd,2024-12-24,"Utility Steam Boiler, Thermic Heater, DG Set & Distillation",6681.0,579.4,22.5,46.2,52.7,0.1756,0.0439,24.0,FACTORY_OPERATIONAL_DATA
FAC_VAD_01,Apex PetroChem & Polymers Ltd,2024-12-25,"Utility Steam Boiler, Thermic Heater, DG Set & Distillation",7272.0,552.3,8.2,46.1,52.6,0.1752,0.0438,24.0,FACTORY_OPERATIONAL_DATA
FAC_VAD_01,Apex PetroChem & Polymers Ltd,2024-12-26,"Utility Steam Boiler, Thermic Heater, DG Set & Distillation",6962.0,496.0,0.0,46.1,52.6,0.1752,0.0438,24.0,FACTORY_OPERATIONAL_DATA
FAC_VAD_01,Apex PetroChem & Polymers Ltd,2024-12-27,"Utility Steam Boiler, Thermic Heater, DG Set & Distillation",7078.0,552.7,92.9,46.2,52.7,0.1756,0.0439,24.0,FACTORY_OPERATIONAL_DATA
FAC_VAD_01,Apex PetroChem & Polymers Ltd,2024-12-28,"Utility Steam Boiler, Thermic Heater, DG Set & Distillation",8815.0,723.3,58.5,61.5,70.1,0.2337,0.0584,24.0,FACTORY_OPERATIONAL_DATA
FAC_VAD_01,Apex PetroChem & Polymers Ltd,2024-12-29,"Utility Steam Boiler, Thermic Heater, DG Set & Distillation",5588.0,425.2,24.5,38.7,43.3,0.1393,0.039,18.0,FACTORY_OPERATIONAL_DATA
FAC_VAD_01,Apex PetroChem & Polymers Ltd,2024-12-30,"Utility Steam Boiler, Thermic Heater, DG Set & Distillation",7302.0,542.2,0.0,44.8,51.1,0.1702,0.0425,24.0,FACTORY_OPERATIONAL_DATA
FAC_VAD_01,Apex PetroChem & Polymers Ltd,2024-12-31,"Utility Steam Boiler, Thermic Heater, DG Set & Distillation",7779.0,603.9,0.0,50.4,57.5,0.1915,0.0479,24.0,FACTORY_OPERATIONAL_DATA
